index,accident_id,ST_CASE,VE_TOTAL,VE_FORMS,PEDS,PERSONS,COUNTY,county_name,CITY,city_name,DAY,MONTH,YEAR,HOUR,MINUTE,NHS,FUNC_SYS,func_sys_lit,ROAD_FNC,road_fnc_lit,RD_OWNER,rd_owner_lit,TWAY_ID,TWAY_ID2,LATITUDE,LONGITUD,SP_JUR,sp_jur_lit,HARM_EV,harm_ev_lit,MAN_COLL,man_coll_lit,RELJCT1,RELJCT2,TYP_INT,WRK_ZONE,REL_ROAD,LGT_COND,lgt_cond_lit,WEATHER,weather_lit,SCH_BUS,CF1,CF2,CF3,cf1_lit,cf2_lit,cf3_lit,FATALS,A_INTER,a_inter_lit,A_ROADFC,a_road_fc_lit,A_TOD,a_tod_lit,A_DOW,a_dow_lit,A_LT,a_lt_lit,A_SPCRA,a_spcra_lit,A_PED,a_ped_lit,A_PED_F,a_ped_f_lit,A_PEDAL,a_pedal_lit,A_PEDAL_F,a_pedal_f_lit,A_POLPUR,a_polour_lit,A_POSBAC,a_posbac_lit,A_DIST,a_dist_lit,A_DROWSY,a_drowsy_lit,INDIAN_RES,indian_res_lit
1164,2015040132,40132,1,1,0,1,1,APACHE,0,NONE LISTED,3,3,2015,11,0,0,7,Local,,.,98,Not Reported,CR-4000,,34.11168333,-109.0495306,0,No Special Jurisdiction,58,Ground,0,Not a Collision with Motor Vehicle In-Transport,0,1,1,0,4,1,Daylight,1,Clear,No,0,0,0,None,None,None,1,2,Non-Interstate,6,Local,1,Daytime,1,Weekday,2,Other Crash,1,Speeding Involved Crash,2,Other Crash,2,Other Crash,2,Other Crash,2,Other Crash,2,Other Crash,1,Driver With Positive BAC Testing Crash,2,Other Crash,2,Other Crash,0,Not Tribal Lands
1713,2016040559,40559,1,1,0,4,1,APACHE,0,NONE LISTED,11,9,2016,1,44,0,6,Minor Collector,,.,1,State Highway Agency,SR-61,,35.01614167,-109.0553833,3,Indian Reservation,1,Rollover/Overturn,0,Not a Collision with Motor Vehicle In-Transport,0,1,1,0,4,2,Dark - Not Lighted,1,Clear,No,0,0,0,None,None,None,1,2,Non-Interstate,5,Collector,2,Nighttime,2,Weekend,2,Other Crash,1,Speeding Involved Crash,2,Other Crash,2,Other Crash,2,Other Crash,2,Other Crash,2,Other Crash,3,Unknown BAC Crash,2,Other Crash,2,Other Crash,1,Tribal Lands
275,2012040578,40578,1,1,0,2,1,APACHE,0,NONE LISTED,30,6,2012,6,29,0,,.,3,Rural-Minor Arterial,,.,US-160,,36.88653056,-109.0556278,3,Indian Reservation,42,Tree (Standing Only),0,Not a Collision with Motor Vehicle In-Transport,0,1,1,0,5,2,Dark - Not Lighted,1,Clear,No,0,0,0,None,None,None,1,2,Non-Interstate,4,Minor arterial,1,Daytime,2,Weekend,2,Other Crash,2,Other Crash,2,Other Crash,2,Other Crash,2,Other Crash,2,Other Crash,2,Other Crash,3,Unknown BAC Crash,2,Other Crash,2,Other Crash,1,Tribal Lands
121,2012040253,40253,1,1,0,2,1,APACHE,183,FORT DEFIANCE,25,4,2012,20,24,0,,.,4,Rural-Major Collector,,.,BIA 12,,35.68461667,-109.0634278,3,Indian Reservation,32,Culvert,0,Not a Collision with Motor Vehicle In-Transport,0,1,1,0,6,2,Dark - Not Lighted,1,Clear,No,0,0,0,None,None,None,2,2,Non-Interstate,5,Collector,2,Nighttime,1,Weekday,2,Other Crash,2,Other Crash,2,Other Crash,2,Other Crash,2,Other Crash,2,Other Crash,2,Other Crash,2,All Drivers With ZERO BAC Testing Crash,2,Other Crash,2,Other Crash,1,Tribal Lands
1701,2016040534,40534,1,1,0,2,1,APACHE,0,NONE LISTED,21,1,2016,20,18,0,5,Major Collector,,.,62,Bureau of Indian Affairs,BIA 7,,35.75955,-109.0640139,3,Indian Reservation,1,Rollover/Overturn,0,Not a Collision with Motor Vehicle In-Transport,0,99,99,0,99,6,Dark - Unknown Lighting,98,Not Reported,No,0,0,0,None,None,None,1,2,Non-Interstate,5,Collector,2,Nighttime,1,Weekday,2,Other Crash,2,Other Crash,2,Other Crash,2,Other Crash,2,Other Crash,2,Other Crash,2,Other Crash,2,All Drivers With ZERO BAC Testing Crash,2,Other Crash,2,Other Crash,1,Tribal Lands
179,2012040377,40377,1,1,0,2,11,GREENLEE,0,NONE LISTED,22,7,2012,16,0,0,,.,5,Rural-Minor Collector,,.,SR-78,,33.08846667,-109.0790167,0,No Special Jurisdiction,1,Rollover/Overturn,0,Not a Collision with Motor Vehicle In-Transport,0,1,1,0,6,1,Daylight,10,Cloudy,No,0,0,0,None,None,None,1,2,Non-Interstate,5,Collector,1,Daytime,2,Weekend,2,Other Crash,1,Speeding Involved Crash,2,Other Crash,2,Other Crash,2,Other Crash,2,Other Crash,2,Other Crash,1,Driver With Positive BAC Testing Crash,1,Involving a Distracted Driver,2,Other Crash,0,Not Tribal Lands
1618,2016040313,40313,1,1,0,1,11,GREENLEE,140,DUNCAN,5,5,2016,18,30,0,5,Major Collector,,.,1,State Highway Agency,SR-75,,32.72934722,-109.093725,0,No Special Jurisdiction,59,Traffic Sign Support,0,Not a Collision with Motor Vehicle In-Transport,0,1,1,0,4,1,Daylight,1,Clear,No,0,0,0,None,None,None,1,2,Non-Interstate,5,Collector,2,Nighttime,1,Weekday,2,Other Crash,1,Speeding Involved Crash,2,Other Crash,2,Other Crash,2,Other Crash,2,Other Crash,2,Other Crash,3,Unknown BAC Crash,2,Other Crash,2,Other Crash,0,Not Tribal Lands
710,2013040691,40691,1,1,1,1,11,GREENLEE,0,NONE LISTED,27,10,2013,99,99,0,,.,4,Rural-Major Collector,,.,SR-75,,32.72664444,-109.0964778,0,No Special Jurisdiction,8,Pedestrian,0,Not a Collision with Motor Vehicle In-Transport,0,99,99,0,1,9,Unknown,99,Unknown,No,0,0,0,None,None,None,1,2,Non-Interstate,5,Collector,3,Unknown,2,Weekend,2,Other Crash,2,Other Crash,1,Pedestrian Involved Crash,1,Involving a pedestrian fatality,2,Other Crash,2,Other Crash,2,Other Crash,3,Unknown BAC Crash,2,Other Crash,2,Other Crash,0,Not Tribal Lands
86,2012040196,40196,2,2,0,4,11,GREENLEE,140,DUNCAN,31,3,2012,99,99,0,,.,6,Rural-Local Road or Street,,.,US-70,HIGH AVE,32.71755,-109.1028861,0,No Special Jurisdiction,12,Motor Vehicle In-Transport,99,Unknown,0,2,4,0,1,6,Dark - Unknown Lighting,99,Unknown,No,0,0,0,None,None,None,1,2,Non-Interstate,6,Local,3,Unknown,2,Weekend,2,Other Crash,1,Speeding Involved Crash,2,Other Crash,2,Other Crash,2,Other Crash,2,Other Crash,2,Other Crash,1,Driver With Positive BAC Testing Crash,2,Other Crash,2,Other Crash,0,Not Tribal Lands
526,2013040293,40293,2,2,0,2,3,COCHISE,0,NONE LISTED,29,5,2013,14,4,0,,.,4,Rural-Major Collector,,.,SR-80,,31.73265278,-109.1035667,0,No Special Jurisdiction,12,Motor Vehicle In-Transport,6,Angle,0,1,1,0,1,1,Daylight,1,Clear,No,0,0,0,None,None,None,1,2,Non-Interstate,5,Collector,1,Daytime,1,Weekday,1,Large Truck Involved Crash,2,Other Crash,2,Other Crash,2,Other Crash,2,Other Crash,2,Other Crash,2,Other Crash,3,Unknown BAC Crash,2,Other Crash,2,Other Crash,0,Not Tribal Lands
327,2012040650,40650,2,1,0,1,1,APACHE,0,NONE LISTED,14,11,2012,10,49,0,,.,3,Rural-Minor Arterial,,.,SR-264,,35.65916667,-109.1168389,3,Indian Reservation,18,Other Object (not fixed),0,Not a Collision with Motor Vehicle In-Transport,0,1,1,2,3,1,Daylight,1,Clear,No,3,0,0,Other Maintenance or Construction-Created Conditio,None,None,1,2,Non-Interstate,4,Minor arterial,1,Daytime,1,Weekday,2,Other Crash,1,Speeding Involved Crash,2,Other Crash,2,Other Crash,2,Other Crash,2,Other Crash,2,Other Crash,3,Unknown BAC Crash,2,Other Crash,2,Other Crash,1,Tribal Lands
1433,2015040751,40751,1,1,0,3,1,APACHE,0,NONE LISTED,13,11,2015,2,48,0,7,Local,,.,98,Not Reported,FS 275-STONE CREEK RD,,33.99546111,-109.1242861,0,No Special Jurisdiction,5,Fell/Jumped from Vehicle,0,Not a Collision with Motor Vehicle In-Transport,0,1,1,0,4,2,Dark - Not Lighted,1,Clear,No,0,0,0,None,None,None,1,2,Non-Interstate,6,Local,2,Nighttime,1,Weekday,2,Other Crash,2,Other Crash,2,Other Crash,2,Other Crash,2,Other Crash,2,Other Crash,2,Other Crash,1,Driver With Positive BAC Testing Crash,2,Other Crash,2,Other Crash,0,Not Tribal Lands
1250,2015040323,40323,1,1,0,1,1,APACHE,0,NONE LISTED,1,5,2015,14,27,0,4,Minor Arterial,,.,1,State Highway Agency,SR-264,,35.65754167,-109.1386694,3,Indian Reservation,35,Embankment,0,Not a Collision with Motor Vehicle In-Transport,0,1,1,0,4,1,Daylight,1,Clear,No,0,0,0,None,None,None,1,2,Non-Interstate,4,Minor arterial,1,Daytime,1,Weekday,2,Other Crash,2,Other Crash,2,Other Crash,2,Other Crash,2,Other Crash,2,Other Crash,2,Other Crash,1,Driver With Positive BAC Testing Crash,2,Other Crash,2,Other Crash,1,Tribal Lands
1677,2016040467,40467,1,1,0,1,1,APACHE,0,NONE LISTED,23,2,2016,0,25,0,4,Minor Arterial,,.,1,State Highway Agency,SR-264,,35.66908056,-109.1652083,3,Indian Reservation,99,Unknown,99,Unknown,0,1,1,0,99,6,Dark - Unknown Lighting,98,Not Reported,No,0,0,0,None,None,None,1,2,Non-Interstate,4,Minor arterial,2,Nighttime,1,Weekday,2,Other Crash,2,Other Crash,2,Other Crash,2,Other Crash,2,Other Crash,2,Other Crash,2,Other Crash,3,Unknown BAC Crash,2,Other Crash,2,Other Crash,1,Tribal Lands
258,2012040541,40541,1,1,0,1,11,GREENLEE,0,NONE LISTED,7,10,2012,13,3,0,,.,4,Rural-Major Collector,,.,SR-75,,32.81276111,-109.1692417,0,No Special Jurisdiction,1,Rollover/Overturn,0,Not a Collision with Motor Vehicle In-Transport,0,1,1,0,4,1,Daylight,1,Clear,No,0,0,0,None,None,None,1,2,Non-Interstate,5,Collector,1,Daytime,2,Weekend,2,Other Crash,2,Other Crash,2,Other Crash,2,Other Crash,2,Other Crash,2,Other Crash,2,Other Crash,3,Unknown BAC Crash,2,Other Crash,2,Other Crash,0,Not Tribal Lands
246,2012040517,40517,1,1,0,1,1,APACHE,0,NONE LISTED,22,9,2012,17,35,0,,.,4,Rural-Major Collector,,.,US-191,,33.78133333,-109.1802556,3,Indian Reservation,17,Boulder,0,Not a Collision with Motor Vehicle In-Transport,0,1,1,0,4,1,Daylight,1,Clear,No,0,0,0,None,None,None,1,2,Non-Interstate,5,Collector,1,Daytime,2,Weekend,2,Other Crash,1,Speeding Involved Crash,2,Other Crash,2,Other Crash,2,Other Crash,2,Other Crash,2,Other Crash,3,Unknown BAC Crash,1,Involving a Distracted Driver,2,Other Crash,1,Tribal Lands
467,2013040181,40181,1,1,0,2,1,APACHE,0,NONE LISTED,31,3,2013,5,38,0,,.,3,Rural-Minor Arterial,,.,SR-264,,35.67478333,-109.1850806,3,Indian Reservation,52,Guardrail End,0,Not a Collision with Motor Vehicle In-Transport,0,1,1,0,4,4,Dawn,1,Clear,No,0,0,0,None,None,None,2,2,Non-Interstate,4,Minor arterial,2,Nighttime,2,Weekend,2,Other Crash,1,Speeding Involved Crash,2,Other Crash,2,Other Crash,2,Other Crash,2,Other Crash,2,Other Crash,3,Unknown BAC Crash,2,Other Crash,2,Other Crash,1,Tribal Lands
1113,2015040006,40006,2,2,0,2,1,APACHE,0,NONE LISTED,6,1,2015,10,37,0,4,Minor Arterial,,.,1,State Highway Agency,US-180,CR-2315 APACHE,34.00169444,-109.1883278,0,No Special Jurisdiction,12,Motor Vehicle In-Transport,2,Front-to-Front,0,2,3,0,1,1,Daylight,1,Clear,No,0,0,0,None,None,None,1,2,Non-Interstate,4,Minor arterial,1,Daytime,1,Weekday,2,Other Crash,2,Other Crash,2,Other Crash,2,Other Crash,2,Other Crash,2,Other Crash,2,Other Crash,3,Unknown BAC Crash,2,Other Crash,2,Other Crash,0,Not Tribal Lands
1317,2015040489,40489,1,1,0,2,1,APACHE,0,NONE LISTED,30,7,2015,18,45,0,7,Local,,.,98,Not Reported,BIA 13,,36.42489444,-109.1998,3,Indian Reservation,35,Embankment,0,Not a Collision with Motor Vehicle In-Transport,0,1,1,0,4,1,Daylight,2,Rain,No,0,0,0,None,None,None,1,2,Non-Interstate,6,Local,2,Nighttime,1,Weekday,2,Other Crash,2,Other Crash,2,Other Crash,2,Other Crash,2,Other Crash,2,Other Crash,2,Other Crash,3,Unknown BAC Crash,2,Other Crash,2,Other Crash,1,Tribal Lands
760,2013040803,40803,1,1,0,2,1,APACHE,0,NONE LISTED,29,10,2013,7,30,0,,.,4,Rural-Major Collector,,.,BIA 12,,36.31083333,-109.2128222,3,Indian Reservation,35,Embankment,0,Not a Collision with Motor Vehicle In-Transport,0,1,1,0,4,4,Dawn,10,Cloudy,No,0,0,0,None,None,None,2,2,Non-Interstate,5,Collector,1,Daytime,1,Weekday,2,Other Crash,1,Speeding Involved Crash,2,Other Crash,2,Other Crash,2,Other Crash,2,Other Crash,2,Other Crash,2,All Drivers With ZERO BAC Testing Crash,2,Other Crash,1,Involving a Drowsy Driver,1,Tribal Lands
548,2013040332,40332,1,1,0,1,3,COCHISE,0,NONE LISTED,28,6,2013,0,30,0,,.,4,Rural-Major Collector,,.,SR-80,,31.62063611,-109.2130972,0,No Special Jurisdiction,38,Fence,0,Not a Collision with Motor Vehicle In-Transport,0,1,1,0,5,2,Dark - Not Lighted,1,Clear,No,0,0,0,None,None,None,1,2,Non-Interstate,5,Collector,2,Nighttime,1,Weekday,2,Other Crash,1,Speeding Involved Crash,2,Other Crash,2,Other Crash,2,Other Crash,2,Other Crash,2,Other Crash,1,Driver With Positive BAC Testing Crash,2,Other Crash,2,Other Crash,0,Not Tribal Lands
1460,2015040834,40834,1,1,0,1,1,APACHE,0,NONE LISTED,13,7,2015,12,30,0,5,Major Collector,,.,62,Bureau of Indian Affairs,BIA 12,,36.32109444,-109.2259833,3,Indian Reservation,1,Rollover/Overturn,0,Not a Collision with Motor Vehicle In-Transport,0,1,1,0,4,1,Daylight,1,Clear,No,0,0,0,None,None,None,1,2,Non-Interstate,5,Collector,1,Daytime,1,Weekday,2,Other Crash,1,Speeding Involved Crash,2,Other Crash,2,Other Crash,2,Other Crash,2,Other Crash,2,Other Crash,3,Unknown BAC Crash,2,Other Crash,2,Other Crash,1,Tribal Lands
489,2013040219,40219,1,1,0,4,11,GREENLEE,0,NONE LISTED,14,4,2013,4,12,0,,.,4,Rural-Major Collector,,.,SR-75,,32.94395833,-109.2280056,0,No Special Jurisdiction,58,Ground,0,Not a Collision with Motor Vehicle In-Transport,0,1,1,0,6,2,Dark - Not Lighted,1,Clear,No,0,0,0,None,None,None,2,2,Non-Interstate,5,Collector,2,Nighttime,2,Weekend,2,Other Crash,1,Speeding Involved Crash,2,Other Crash,2,Other Crash,2,Other Crash,2,Other Crash,2,Other Crash,2,All Drivers With ZERO BAC Testing Crash,2,Other Crash,2,Other Crash,0,Not Tribal Lands
1344,2015040551,40551,2,2,0,7,1,APACHE,0,NONE LISTED,13,8,2015,14,47,0,4,Minor Arterial,,.,1,State Highway Agency,SR-264,,35.68562778,-109.2384556,3,Indian Reservation,12,Motor Vehicle In-Transport,2,Front-to-Front,0,1,1,0,1,1,Daylight,1,Clear,No,0,0,0,None,None,None,5,2,Non-Interstate,4,Minor arterial,1,Daytime,1,Weekday,2,Other Crash,1,Speeding Involved Crash,2,Other Crash,2,Other Crash,2,Other Crash,2,Other Crash,2,Other Crash,3,Unknown BAC Crash,2,Other Crash,2,Other Crash,1,Tribal Lands
764,2013040811,40811,1,1,0,4,1,APACHE,0,NONE LISTED,3,6,2013,15,39,0,,.,6,Rural-Local Road or Street,,.,BIA 13,,36.40768889,-109.2577556,3,Indian Reservation,1,Rollover/Overturn,0,Not a Collision with Motor Vehicle In-Transport,0,1,1,0,4,1,Daylight,1,Clear,No,0,0,0,None,None,None,1,2,Non-Interstate,6,Local,1,Daytime,1,Weekday,2,Other Crash,1,Speeding Involved Crash,2,Other Crash,2,Other Crash,2,Other Crash,2,Other Crash,2,Other Crash,2,All Drivers With ZERO BAC Testing Crash,2,Other Crash,2,Other Crash,1,Tribal Lands
370,2012040740,40740,1,1,0,6,1,APACHE,0,NONE LISTED,4,12,2012,1,3,0,,.,3,Rural-Minor Arterial,,.,SR-264,,35.6928,-109.2635222,3,Indian Reservation,99,Unknown,99,Unknown,0,99,9,0,99,6,Dark - Unknown Lighting,99,Unknown,No,0,0,0,None,None,None,3,2,Non-Interstate,4,Minor arterial,2,Nighttime,1,Weekday,2,Other Crash,2,Other Crash,2,Other Crash,2,Other Crash,2,Other Crash,2,Other Crash,2,Other Crash,2,All Drivers With ZERO BAC Testing Crash,2,Other Crash,2,Other Crash,1,Tribal Lands
1299,2015040459,40459,1,1,0,1,1,APACHE,0,NONE LISTED,3,7,2015,12,23,0,4,Minor Arterial,,.,1,State Highway Agency,SR-264,,35.69533611,-109.2721083,3,Indian Reservation,42,Tree (Standing Only),0,Not a Collision with Motor Vehicle In-Transport,0,1,1,0,4,1,Daylight,1,Clear,No,0,0,0,None,None,None,1,2,Non-Interstate,4,Minor arterial,1,Daytime,1,Weekday,2,Other Crash,1,Speeding Involved Crash,2,Other Crash,2,Other Crash,2,Other Crash,2,Other Crash,2,Other Crash,3,Unknown BAC Crash,2,Other Crash,2,Other Crash,1,Tribal Lands
191,2012040402,40402,1,1,0,1,1,APACHE,0,NONE LISTED,25,6,2012,19,44,0,,.,4,Rural-Major Collector,,.,BIA 12,,36.41317222,-109.2727917,3,Indian Reservation,1,Rollover/Overturn,0,Not a Collision with Motor Vehicle In-Transport,0,98,8,0,98,8,Not Reported,98,Not Reported,No,0,0,0,None,None,None,1,2,Non-Interstate,5,Collector,2,Nighttime,1,Weekday,2,Other Crash,2,Other Crash,2,Other Crash,2,Other Crash,2,Other Crash,2,Other Crash,2,Other Crash,2,All Drivers With ZERO BAC Testing Crash,2,Other Crash,2,Other Crash,1,Tribal Lands
1686,2016040484,40484,1,1,0,1,1,APACHE,0,NONE LISTED,16,7,2016,14,1,0,5,Major Collector,,.,1,State Highway Agency,US-191,,35.064075,-109.2824,3,Indian Reservation,1,Rollover/Overturn,0,Not a Collision with Motor Vehicle In-Transport,0,99,99,0,99,1,Daylight,98,Not Reported,No,0,0,0,None,None,None,1,2,Non-Interstate,5,Collector,1,Daytime,2,Weekend,2,Other Crash,2,Other Crash,2,Other Crash,2,Other Crash,2,Other Crash,2,Other Crash,2,Other Crash,3,Unknown BAC Crash,2,Other Crash,2,Other Crash,1,Tribal Lands
732,2013040744,40744,2,2,0,3,11,GREENLEE,100,CLIFTON,1,11,2013,18,28,0,,.,4,Rural-Major Collector,,.,US-191,,33.02075278,-109.2909056,0,No Special Jurisdiction,12,Motor Vehicle In-Transport,2,Front-to-Front,0,1,1,0,1,2,Dark - Not Lighted,1,Clear,No,0,0,0,None,None,None,2,2,Non-Interstate,5,Collector,2,Nighttime,2,Weekend,1,Large Truck Involved Crash,2,Other Crash,2,Other Crash,2,Other Crash,2,Other Crash,2,Other Crash,2,Other Crash,3,Unknown BAC Crash,2,Other Crash,2,Other Crash,0,Not Tribal Lands
142,2012040307,40307,1,1,0,2,1,APACHE,0,NONE LISTED,14,5,2012,15,23,0,,.,6,Rural-Local Road or Street,,.,CR-7250,,35.25708889,-109.2909278,3,Indian Reservation,34,Ditch,0,Not a Collision with Motor Vehicle In-Transport,0,1,1,0,4,1,Daylight,98,Not Reported,No,0,0,0,None,None,None,1,2,Non-Interstate,6,Local,1,Daytime,1,Weekday,2,Other Crash,1,Speeding Involved Crash,2,Other Crash,2,Other Crash,2,Other Crash,2,Other Crash,2,Other Crash,3,Unknown BAC Crash,2,Other Crash,2,Other Crash,1,Tribal Lands
936,2014040362,40362,1,1,0,1,1,APACHE,0,NONE LISTED,3,3,2014,15,25,0,,.,6,Rural-Local Road or Street,,.,BIA 5049,,36.84975833,-109.2956667,3,Indian Reservation,1,Rollover/Overturn,0,Not a Collision with Motor Vehicle In-Transport,0,1,1,0,4,1,Daylight,1,Clear,No,0,0,0,None,None,None,1,2,Non-Interstate,6,Local,1,Daytime,1,Weekday,2,Other Crash,2,Other Crash,2,Other Crash,2,Other Crash,2,Other Crash,2,Other Crash,2,Other Crash,3,Unknown BAC Crash,2,Other Crash,2,Other Crash,1,Tribal Lands
924,2014040330,40330,1,1,0,1,1,APACHE,0,NONE LISTED,3,6,2014,5,23,0,,.,6,Rural-Local Road or Street,,.,CR-7230,,34.90769722,-109.308675,0,No Special Jurisdiction,38,Fence,0,Not a Collision with Motor Vehicle In-Transport,0,1,1,0,4,6,Dark - Unknown Lighting,99,Unknown,No,0,0,0,None,None,None,1,2,Non-Interstate,6,Local,2,Nighttime,1,Weekday,2,Other Crash,1,Speeding Involved Crash,2,Other Crash,2,Other Crash,2,Other Crash,2,Other Crash,2,Other Crash,3,Unknown BAC Crash,2,Other Crash,2,Other Crash,0,Not Tribal Lands
249,2012040525,40525,5,5,0,19,1,APACHE,0,NONE LISTED,8,9,2012,99,99,0,,.,3,Rural-Minor Arterial,,.,SR-264,,35.70535278,-109.3089667,3,Indian Reservation,12,Motor Vehicle In-Transport,7,Sideswipe - Same Direction,0,1,1,0,1,2,Dark - Not Lighted,1,Clear,No,0,0,0,None,None,None,4,2,Non-Interstate,4,Minor arterial,3,Unknown,2,Weekend,2,Other Crash,1,Speeding Involved Crash,2,Other Crash,2,Other Crash,2,Other Crash,2,Other Crash,2,Other Crash,1,Driver With Positive BAC Testing Crash,2,Other Crash,2,Other Crash,1,Tribal Lands
299,2012040604,40604,1,1,0,1,1,APACHE,0,NONE LISTED,23,9,2012,11,0,0,,.,3,Rural-Minor Arterial,,.,SR-264,,35.70795278,-109.3170722,3,Indian Reservation,1,Rollover/Overturn,0,Not a Collision with Motor Vehicle In-Transport,0,99,9,0,99,1,Daylight,99,Unknown,No,0,0,0,None,None,None,1,2,Non-Interstate,4,Minor arterial,1,Daytime,2,Weekend,2,Other Crash,2,Other Crash,2,Other Crash,2,Other Crash,2,Other Crash,2,Other Crash,2,Other Crash,3,Unknown BAC Crash,2,Other Crash,2,Other Crash,1,Tribal Lands
1166,2015040140,40140,1,1,0,2,1,APACHE,150,EAGAR,6,3,2015,1,55,0,6,Minor Collector,,.,3,Town or Township Highway Agency,SCHOOL BUS RD,,34.09679444,-109.3201917,0,No Special Jurisdiction,35,Embankment,0,Not a Collision with Motor Vehicle In-Transport,0,1,1,0,4,2,Dark - Not Lighted,1,Clear,No,0,0,0,None,None,None,1,2,Non-Interstate,5,Collector,2,Nighttime,1,Weekday,2,Other Crash,1,Speeding Involved Crash,2,Other Crash,2,Other Crash,2,Other Crash,2,Other Crash,2,Other Crash,1,Driver With Positive BAC Testing Crash,2,Other Crash,2,Other Crash,0,Not Tribal Lands
1018,2014040532,40532,1,1,0,2,11,GREENLEE,0,NONE LISTED,19,9,2014,21,27,0,,.,16,Urban-Local Road or Street,,.,SUNSET RD,,33.04832778,-109.320725,0,No Special Jurisdiction,1,Rollover/Overturn,0,Not a Collision with Motor Vehicle In-Transport,0,1,1,0,4,3,Dark - Lighted,1,Clear,No,0,0,0,None,None,None,1,2,Non-Interstate,6,Local,2,Nighttime,2,Weekend,2,Other Crash,1,Speeding Involved Crash,2,Other Crash,2,Other Crash,2,Other Crash,2,Other Crash,2,Other Crash,2,All Drivers With ZERO BAC Testing Crash,2,Other Crash,2,Other Crash,0,Not Tribal Lands
352,2012040710,40710,1,1,0,1,1,APACHE,470,SPRINGERVILLE,12,12,2012,4,40,0,,.,3,Rural-Minor Arterial,,.,US-180,,34.19008611,-109.3209139,0,No Special Jurisdiction,17,Boulder,0,Not a Collision with Motor Vehicle In-Transport,0,1,1,0,4,2,Dark - Not Lighted,1,Clear,No,0,0,0,None,None,None,1,2,Non-Interstate,4,Minor arterial,2,Nighttime,1,Weekday,1,Large Truck Involved Crash,2,Other Crash,2,Other Crash,2,Other Crash,2,Other Crash,2,Other Crash,2,Other Crash,1,Driver With Positive BAC Testing Crash,2,Other Crash,2,Other Crash,0,Not Tribal Lands
161,2012040343,40343,2,2,0,3,11,GREENLEE,320,MORENCI,25,6,2012,14,57,0,,.,4,Rural-Major Collector,,.,US-191,,33.06571667,-109.3296028,0,No Special Jurisdiction,12,Motor Vehicle In-Transport,2,Front-to-Front,0,1,1,0,1,1,Daylight,1,Clear,No,0,0,0,None,None,None,2,2,Non-Interstate,5,Collector,1,Daytime,1,Weekday,1,Large Truck Involved Crash,2,Other Crash,2,Other Crash,2,Other Crash,2,Other Crash,2,Other Crash,2,Other Crash,3,Unknown BAC Crash,2,Other Crash,2,Other Crash,0,Not Tribal Lands
177,2012040373,40373,1,1,0,3,1,APACHE,0,NONE LISTED,21,7,2012,17,20,0,,.,3,Rural-Minor Arterial,,.,US-180,,34.21066944,-109.3304833,3,Indian Reservation,1,Rollover/Overturn,0,Not a Collision with Motor Vehicle In-Transport,0,1,1,0,4,1,Daylight,10,Cloudy,No,0,0,0,None,None,None,1,2,Non-Interstate,4,Minor arterial,1,Daytime,2,Weekend,2,Other Crash,2,Other Crash,2,Other Crash,2,Other Crash,2,Other Crash,2,Other Crash,2,Other Crash,2,All Drivers With ZERO BAC Testing Crash,1,Involving a Distracted Driver,2,Other Crash,1,Tribal Lands
162,2012040344,40344,1,1,0,1,11,GREENLEE,0,NONE LISTED,27,6,2012,20,12,0,,.,4,Rural-Major Collector,,.,US-191,,33.33688056,-109.3478972,0,No Special Jurisdiction,11,Live Animal,0,Not a Collision with Motor Vehicle In-Transport,0,1,1,0,1,2,Dark - Not Lighted,1,Clear,No,0,0,0,None,None,None,1,2,Non-Interstate,5,Collector,2,Nighttime,1,Weekday,2,Other Crash,2,Other Crash,2,Other Crash,2,Other Crash,2,Other Crash,2,Other Crash,2,Other Crash,3,Unknown BAC Crash,2,Other Crash,2,Other Crash,0,Not Tribal Lands
1315,2015040486,40486,1,1,0,2,1,APACHE,0,NONE LISTED,26,7,2015,20,30,0,7,Local,,.,98,Not Reported,BIA 9304,,35.68081111,-109.3560444,3,Indian Reservation,5,Fell/Jumped from Vehicle,0,Not a Collision with Motor Vehicle In-Transport,0,1,1,0,1,6,Dark - Unknown Lighting,99,Unknown,No,0,0,0,None,None,None,1,2,Non-Interstate,6,Local,2,Nighttime,2,Weekend,2,Other Crash,2,Other Crash,2,Other Crash,2,Other Crash,2,Other Crash,2,Other Crash,2,Other Crash,3,Unknown BAC Crash,2,Other Crash,2,Other Crash,1,Tribal Lands
927,2014040336,40336,1,1,0,1,1,APACHE,400,SAINT JOHNS,30,6,2014,16,50,0,,.,6,Rural-Local Road or Street,,.,WATER ST,,34.48528611,-109.3569889,0,No Special Jurisdiction,35,Embankment,0,Not a Collision with Motor Vehicle In-Transport,0,1,1,0,4,1,Daylight,1,Clear,No,0,0,0,None,None,None,1,2,Non-Interstate,6,Local,1,Daytime,1,Weekday,2,Other Crash,1,Speeding Involved Crash,2,Other Crash,2,Other Crash,2,Other Crash,2,Other Crash,2,Other Crash,3,Unknown BAC Crash,2,Other Crash,2,Other Crash,0,Not Tribal Lands
300,2012040605,40605,2,2,0,3,1,APACHE,0,NONE LISTED,27,9,2012,16,58,0,,.,3,Rural-Minor Arterial,,.,SR-264,,35.71884444,-109.3826333,3,Indian Reservation,12,Motor Vehicle In-Transport,99,Unknown,0,99,9,0,99,1,Daylight,99,Unknown,No,0,0,0,None,None,None,2,2,Non-Interstate,4,Minor arterial,1,Daytime,1,Weekday,2,Other Crash,2,Other Crash,2,Other Crash,2,Other Crash,2,Other Crash,2,Other Crash,2,Other Crash,3,Unknown BAC Crash,2,Other Crash,2,Other Crash,1,Tribal Lands