index,accident_id,ST_CASE,VE_TOTAL,VE_FORMS,PEDS,PERSONS,COUNTY,county_name,CITY,city_name,DAY,MONTH,YEAR,HOUR,MINUTE,NHS,FUNC_SYS,func_sys_lit,ROAD_FNC,road_fnc_lit,RD_OWNER,rd_owner_lit,TWAY_ID,TWAY_ID2,LATITUDE,LONGITUD,SP_JUR,sp_jur_lit,HARM_EV,harm_ev_lit,MAN_COLL,man_coll_lit,RELJCT1,RELJCT2,TYP_INT,WRK_ZONE,REL_ROAD,LGT_COND,lgt_cond_lit,WEATHER,weather_lit,SCH_BUS,CF1,CF2,CF3,cf1_lit,cf2_lit,cf3_lit,FATALS,A_INTER,a_inter_lit,A_ROADFC,a_road_fc_lit,A_TOD,a_tod_lit,A_DOW,a_dow_lit,A_LT,a_lt_lit,A_SPCRA,a_spcra_lit,A_PED,a_ped_lit,A_PED_F,a_ped_f_lit,A_PEDAL,a_pedal_lit,A_PEDAL_F,a_pedal_f_lit,A_POLPUR,a_polour_lit,A_POSBAC,a_posbac_lit,A_DIST,a_dist_lit,A_DROWSY,a_drowsy_lit,INDIAN_RES,indian_res_lit
844,2014040159,40159,2,2,0,4,1,APACHE,0,NONE LISTED,3,3,2014,13,55,0,,.,4,Rural-Major Collector,,.,US-191,,36.07062778,-109.6105639,3,Indian Reservation,12,Motor Vehicle In-Transport,6,Angle,0,1,1,0,4,1,Daylight,1,Clear,No,0,0,0,None,None,None,1,2,Non-Interstate,5,Collector,1,Daytime,1,Weekday,2,Other Crash,2,Other Crash,2,Other Crash,2,Other Crash,2,Other Crash,2,Other Crash,2,Other Crash,3,Unknown BAC Crash,2,Other Crash,2,Other Crash,1,Tribal Lands
1110,2014040727,40727,1,1,0,2,1,APACHE,0,NONE LISTED,30,5,2014,13,35,0,,.,4,Rural-Major Collector,,.,US-191,,36.383275,-109.6113139,3,Indian Reservation,1,Rollover/Overturn,0,Not a Collision with Motor Vehicle In-Transport,0,99,99,0,99,1,Daylight,99,Unknown,No,0,0,0,None,None,None,1,2,Non-Interstate,5,Collector,1,Daytime,1,Weekday,2,Other Crash,2,Other Crash,2,Other Crash,2,Other Crash,2,Other Crash,2,Other Crash,2,Other Crash,2,All Drivers With ZERO BAC Testing Crash,2,Other Crash,2,Other Crash,1,Tribal Lands
1462,2015040836,40836,1,1,0,2,1,APACHE,0,NONE LISTED,6,3,2015,20,45,0,5,Major Collector,,.,1,State Highway Agency,US-191,,36.69681389,-109.6139361,3,Indian Reservation,1,Rollover/Overturn,0,Not a Collision with Motor Vehicle In-Transport,0,99,99,0,99,6,Dark - Unknown Lighting,99,Unknown,No,0,0,0,None,None,None,1,2,Non-Interstate,5,Collector,2,Nighttime,2,Weekend,2,Other Crash,2,Other Crash,2,Other Crash,2,Other Crash,2,Other Crash,2,Other Crash,2,Other Crash,2,All Drivers With ZERO BAC Testing Crash,2,Other Crash,2,Other Crash,1,Tribal Lands
1338,2015040528,40528,2,2,0,2,1,APACHE,0,NONE LISTED,21,8,2015,18,0,0,5,Major Collector,,.,1,State Highway Agency,US-191,BIA 8083,36.32536111,-109.6189528,3,Indian Reservation,12,Motor Vehicle In-Transport,1,Front-to-Rear,0,3,3,0,1,1,Daylight,1,Clear,No,0,0,0,None,None,None,1,2,Non-Interstate,5,Collector,2,Nighttime,2,Weekend,2,Other Crash,2,Other Crash,2,Other Crash,2,Other Crash,2,Other Crash,2,Other Crash,2,Other Crash,3,Unknown BAC Crash,2,Other Crash,2,Other Crash,1,Tribal Lands
1690,2016040491,40491,3,3,0,5,1,APACHE,0,NONE LISTED,3,8,2016,13,20,0,5,Major Collector,,.,1,State Highway Agency,US-191,,36.32973056,-109.6214583,3,Indian Reservation,12,Motor Vehicle In-Transport,6,Angle,0,1,1,0,1,1,Daylight,10,Cloudy,No,0,0,0,None,None,None,2,2,Non-Interstate,5,Collector,1,Daytime,1,Weekday,2,Other Crash,1,Speeding Involved Crash,2,Other Crash,2,Other Crash,2,Other Crash,2,Other Crash,2,Other Crash,3,Unknown BAC Crash,2,Other Crash,2,Other Crash,1,Tribal Lands
427,2013040085,40085,1,1,0,1,1,APACHE,0,NONE LISTED,23,2,2013,13,58,0,,.,4,Rural-Major Collector,,.,US-191,,36.33086389,-109.6221,3,Indian Reservation,38,Fence,0,Not a Collision with Motor Vehicle In-Transport,0,1,1,0,5,1,Daylight,1,Clear,No,0,0,0,None,None,None,1,2,Non-Interstate,5,Collector,1,Daytime,2,Weekend,2,Other Crash,1,Speeding Involved Crash,2,Other Crash,2,Other Crash,2,Other Crash,2,Other Crash,2,Other Crash,3,Unknown BAC Crash,2,Other Crash,2,Other Crash,1,Tribal Lands
486,2013040215,40215,1,1,0,2,1,APACHE,0,NONE LISTED,25,3,2013,99,99,0,,.,4,Rural-Major Collector,,.,US-191,,36.12125833,-109.630625,3,Indian Reservation,99,Unknown,0,Not a Collision with Motor Vehicle In-Transport,0,99,99,0,99,9,Unknown,99,Unknown,No,0,0,0,None,None,None,2,2,Non-Interstate,5,Collector,3,Unknown,3,Unknown,2,Other Crash,2,Other Crash,2,Other Crash,2,Other Crash,2,Other Crash,2,Other Crash,2,Other Crash,2,All Drivers With ZERO BAC Testing Crash,2,Other Crash,2,Other Crash,1,Tribal Lands
1369,2015040599,40599,1,1,1,1,1,APACHE,0,NONE LISTED,4,9,2015,20,20,0,5,Major Collector,,.,1,State Highway Agency,US-191,,36.73248611,-109.63265,3,Indian Reservation,8,Pedestrian,0,Not a Collision with Motor Vehicle In-Transport,0,1,1,0,1,6,Dark - Unknown Lighting,99,Unknown,No,0,0,0,None,None,None,1,2,Non-Interstate,5,Collector,2,Nighttime,2,Weekend,2,Other Crash,2,Other Crash,1,Pedestrian Involved Crash,1,Involving a pedestrian fatality,2,Other Crash,2,Other Crash,2,Other Crash,3,Unknown BAC Crash,1,Involving a Distracted Driver,2,Other Crash,1,Tribal Lands
1310,2015040478,40478,1,1,0,1,1,APACHE,0,NONE LISTED,16,7,2015,5,55,0,5,Major Collector,,.,1,State Highway Agency,US-191,,36.7979,-109.6492528,3,Indian Reservation,1,Rollover/Overturn,0,Not a Collision with Motor Vehicle In-Transport,0,99,99,0,99,9,Unknown,99,Unknown,No,0,0,0,None,None,None,1,2,Non-Interstate,5,Collector,2,Nighttime,1,Weekday,2,Other Crash,2,Other Crash,2,Other Crash,2,Other Crash,2,Other Crash,2,Other Crash,2,Other Crash,3,Unknown BAC Crash,2,Other Crash,2,Other Crash,1,Tribal Lands
786,2014040040,40040,2,2,0,4,9,GRAHAM,0,NONE LISTED,18,2,2014,12,0,0,,.,14,Urban-Minor Arterial,,.,US-70,,32.81661667,-109.6611139,0,No Special Jurisdiction,12,Motor Vehicle In-Transport,1,Front-to-Rear,0,1,1,1,1,1,Daylight,1,Clear,No,3,0,0,Other Maintenance or Construction-Created Conditio,None,None,1,2,Non-Interstate,4,Minor arterial,1,Daytime,1,Weekday,2,Other Crash,1,Speeding Involved Crash,2,Other Crash,2,Other Crash,2,Other Crash,2,Other Crash,2,Other Crash,3,Unknown BAC Crash,2,Other Crash,2,Other Crash,0,Not Tribal Lands
304,2012040610,40610,1,1,0,1,3,COCHISE,0,NONE LISTED,12,10,2012,12,29,0,,.,3,Rural-Minor Arterial,,.,US-191,,32.40695556,-109.6619861,0,No Special Jurisdiction,1,Rollover/Overturn,0,Not a Collision with Motor Vehicle In-Transport,0,1,1,0,3,1,Daylight,1,Clear,No,0,0,0,None,None,None,1,2,Non-Interstate,4,Minor arterial,1,Daytime,1,Weekday,2,Other Crash,1,Speeding Involved Crash,2,Other Crash,2,Other Crash,2,Other Crash,2,Other Crash,2,Other Crash,3,Unknown BAC Crash,2,Other Crash,2,Other Crash,0,Not Tribal Lands
1094,2014040700,40700,1,1,0,1,9,GRAHAM,0,NONE LISTED,3,10,2014,18,56,0,,.,3,Rural-Minor Arterial,,.,US-191,,32.43491389,-109.6633472,0,No Special Jurisdiction,1,Rollover/Overturn,0,Not a Collision with Motor Vehicle In-Transport,0,1,1,0,4,2,Dark - Not Lighted,1,Clear,No,0,0,0,None,None,None,1,2,Non-Interstate,4,Minor arterial,2,Nighttime,2,Weekend,2,Other Crash,1,Speeding Involved Crash,2,Other Crash,2,Other Crash,2,Other Crash,2,Other Crash,2,Other Crash,3,Unknown BAC Crash,2,Other Crash,2,Other Crash,0,Not Tribal Lands
8,2012040014,40014,1,1,1,1,9,GRAHAM,0,NONE LISTED,9,1,2012,20,11,0,,.,3,Rural-Minor Arterial,,.,US-191,,32.81645833,-109.7076306,0,No Special Jurisdiction,8,Pedestrian,0,Not a Collision with Motor Vehicle In-Transport,0,1,1,0,1,2,Dark - Not Lighted,1,Clear,No,0,0,0,None,None,None,1,2,Non-Interstate,4,Minor arterial,2,Nighttime,1,Weekday,2,Other Crash,2,Other Crash,1,Pedestrian Involved Crash,1,Involving a pedestrian fatality,2,Other Crash,2,Other Crash,2,Other Crash,3,Unknown BAC Crash,2,Other Crash,2,Other Crash,0,Not Tribal Lands
1711,2016040554,40554,1,1,0,1,9,GRAHAM,0,NONE LISTED,4,9,2016,0,7,0,4,Minor Arterial,,.,1,State Highway Agency,US-191,CR-ARMORY RD,32.795125,-109.7077389,0,No Special Jurisdiction,33,Curb,0,Not a Collision with Motor Vehicle In-Transport,0,3,3,0,4,3,Dark - Lighted,1,Clear,No,0,0,0,None,None,None,1,2,Non-Interstate,4,Minor arterial,2,Nighttime,2,Weekend,2,Other Crash,1,Speeding Involved Crash,2,Other Crash,2,Other Crash,2,Other Crash,2,Other Crash,2,Other Crash,3,Unknown BAC Crash,2,Other Crash,2,Other Crash,0,Not Tribal Lands
651,2013040537,40537,1,1,1,1,1,APACHE,0,NONE LISTED,27,7,2013,23,58,0,,.,3,Rural-Minor Arterial,,.,SR-264,,35.78288333,-109.7178028,3,Indian Reservation,8,Pedestrian,0,Not a Collision with Motor Vehicle In-Transport,0,1,1,0,1,6,Dark - Unknown Lighting,98,Not Reported,No,0,0,0,None,None,None,1,2,Non-Interstate,4,Minor arterial,2,Nighttime,2,Weekend,2,Other Crash,2,Other Crash,1,Pedestrian Involved Crash,1,Involving a pedestrian fatality,2,Other Crash,2,Other Crash,2,Other Crash,3,Unknown BAC Crash,2,Other Crash,2,Other Crash,1,Tribal Lands
1276,2015040390,40390,1,1,0,1,9,GRAHAM,410,SAFFORD,27,6,2015,6,37,0,7,Local,,.,4,City or Municipal Highway Agency,CHAPPARAL DR,,32.81088333,-109.7230694,0,No Special Jurisdiction,1,Rollover/Overturn,0,Not a Collision with Motor Vehicle In-Transport,0,1,1,0,1,2,Dark - Not Lighted,1,Clear,No,0,0,0,None,None,None,1,2,Non-Interstate,6,Local,1,Daytime,2,Weekend,2,Other Crash,1,Speeding Involved Crash,2,Other Crash,2,Other Crash,2,Other Crash,2,Other Crash,2,Other Crash,1,Driver With Positive BAC Testing Crash,2,Other Crash,2,Other Crash,0,Not Tribal Lands
1277,2015040391,40391,1,1,0,1,1,APACHE,0,NONE LISTED,27,6,2015,12,50,0,5,Major Collector,,.,2,County Highway Agency,CR-3140,,34.20054167,-109.7244139,0,No Special Jurisdiction,99,Unknown,0,Not a Collision with Motor Vehicle In-Transport,0,98,99,0,98,1,Daylight,98,Not Reported,No,0,0,0,None,None,None,1,2,Non-Interstate,5,Collector,1,Daytime,2,Weekend,2,Other Crash,2,Other Crash,2,Other Crash,2,Other Crash,2,Other Crash,2,Other Crash,2,Other Crash,3,Unknown BAC Crash,2,Other Crash,2,Other Crash,0,Not Tribal Lands
863,2014040205,40205,1,1,0,2,1,APACHE,0,NONE LISTED,9,4,2014,20,0,0,,.,3,Rural-Minor Arterial,,.,SR-264,,35.77568056,-109.7332833,3,Indian Reservation,99,Unknown,99,Unknown,0,99,99,0,99,9,Unknown,99,Unknown,No,0,0,0,None,None,None,1,2,Non-Interstate,4,Minor arterial,2,Nighttime,1,Weekday,2,Other Crash,2,Other Crash,2,Other Crash,2,Other Crash,2,Other Crash,2,Other Crash,2,Other Crash,2,All Drivers With ZERO BAC Testing Crash,2,Other Crash,2,Other Crash,1,Tribal Lands
1025,2014040550,40550,1,1,0,1,9,GRAHAM,410,SAFFORD,9,11,2014,0,48,0,,.,15,Urban-Collector,,.,GOLF COURSE RD,,32.81433333,-109.7414944,0,No Special Jurisdiction,41,Shrubbery,0,Not a Collision with Motor Vehicle In-Transport,0,1,1,0,4,2,Dark - Not Lighted,1,Clear,No,0,0,0,None,None,None,1,2,Non-Interstate,5,Collector,2,Nighttime,2,Weekend,2,Other Crash,2,Other Crash,2,Other Crash,2,Other Crash,2,Other Crash,2,Other Crash,2,Other Crash,1,Driver With Positive BAC Testing Crash,2,Other Crash,2,Other Crash,0,Not Tribal Lands
1459,2015040833,40833,1,1,0,2,1,APACHE,0,NONE LISTED,23,6,2015,12,9,0,7,Local,,.,98,Not Reported,UNAMED DIRT RD,,36.3998,-109.7473528,3,Indian Reservation,58,Ground,0,Not a Collision with Motor Vehicle In-Transport,0,1,1,0,4,1,Daylight,1,Clear,No,0,0,0,None,None,None,1,2,Non-Interstate,6,Local,1,Daytime,1,Weekday,2,Other Crash,1,Speeding Involved Crash,2,Other Crash,2,Other Crash,2,Other Crash,2,Other Crash,2,Other Crash,3,Unknown BAC Crash,2,Other Crash,2,Other Crash,1,Tribal Lands
677,2013040606,40606,1,1,0,1,3,COCHISE,0,NONE LISTED,27,10,2013,18,9,0,,.,6,Rural-Local Road or Street,,.,FRONTIER RD,,31.576775,-109.7493722,0,No Special Jurisdiction,11,Live Animal,0,Not a Collision with Motor Vehicle In-Transport,0,1,1,0,1,2,Dark - Not Lighted,1,Clear,No,0,0,0,None,None,None,1,2,Non-Interstate,6,Local,2,Nighttime,2,Weekend,2,Other Crash,2,Other Crash,2,Other Crash,2,Other Crash,2,Other Crash,2,Other Crash,2,Other Crash,3,Unknown BAC Crash,2,Other Crash,2,Other Crash,0,Not Tribal Lands
114,2012040244,40244,2,2,0,2,1,APACHE,0,NONE LISTED,16,4,2012,18,39,0,,.,4,Rural-Major Collector,,.,SR-61,,34.32237778,-109.7581417,0,No Special Jurisdiction,12,Motor Vehicle In-Transport,1,Front-to-Rear,0,1,1,0,1,1,Daylight,1,Clear,No,0,0,0,None,None,None,1,2,Non-Interstate,5,Collector,2,Nighttime,1,Weekday,2,Other Crash,2,Other Crash,2,Other Crash,2,Other Crash,2,Other Crash,2,Other Crash,2,Other Crash,3,Unknown BAC Crash,2,Other Crash,2,Other Crash,0,Not Tribal Lands
1424,2015040732,40732,2,2,0,2,3,COCHISE,0,NONE LISTED,23,11,2015,5,12,0,5,Major Collector,,.,1,State Highway Agency,US-191,KANSAS SETTLEMENT RD,31.90546667,-109.7627222,0,No Special Jurisdiction,12,Motor Vehicle In-Transport,6,Angle,0,2,3,0,1,2,Dark - Not Lighted,1,Clear,No,0,0,0,None,None,None,1,2,Non-Interstate,5,Collector,2,Nighttime,2,Weekend,2,Other Crash,2,Other Crash,2,Other Crash,2,Other Crash,2,Other Crash,2,Other Crash,2,Other Crash,3,Unknown BAC Crash,2,Other Crash,2,Other Crash,0,Not Tribal Lands
1239,2015040302,40302,1,1,0,1,1,APACHE,0,NONE LISTED,23,5,2015,6,49,0,5,Major Collector,,.,1,State Highway Agency,SR-61,,34.31199722,-109.7699083,0,No Special Jurisdiction,5,Fell/Jumped from Vehicle,0,Not a Collision with Motor Vehicle In-Transport,0,1,1,0,4,2,Dark - Not Lighted,1,Clear,No,0,0,0,None,None,None,1,2,Non-Interstate,5,Collector,1,Daytime,2,Weekend,2,Other Crash,1,Speeding Involved Crash,2,Other Crash,2,Other Crash,2,Other Crash,2,Other Crash,2,Other Crash,1,Driver With Positive BAC Testing Crash,2,Other Crash,2,Other Crash,0,Not Tribal Lands
1397,2015040674,40674,2,2,0,2,3,COCHISE,0,NONE LISTED,4,11,2015,9,26,0,5,Major Collector,,.,2,County Highway Agency,CR-DOUBLE ADOBE RD,,31.45831389,-109.7827972,0,No Special Jurisdiction,12,Motor Vehicle In-Transport,8,Sideswipe - Opposite Direction,0,1,1,0,1,1,Daylight,10,Cloudy,No,0,0,0,None,None,None,1,2,Non-Interstate,5,Collector,1,Daytime,1,Weekday,2,Other Crash,1,Speeding Involved Crash,2,Other Crash,2,Other Crash,2,Other Crash,2,Other Crash,2,Other Crash,3,Unknown BAC Crash,2,Other Crash,2,Other Crash,0,Not Tribal Lands
1157,2015040119,40119,1,1,0,1,9,GRAHAM,0,NONE LISTED,16,2,2015,16,42,0,7,Local,,.,2,County Highway Agency,CR-COTTONWOOD WASH RD,,32.87231389,-109.8470222,0,No Special Jurisdiction,1,Rollover/Overturn,0,Not a Collision with Motor Vehicle In-Transport,0,1,1,0,4,5,Dusk,1,Clear,No,0,0,0,None,None,None,1,2,Non-Interstate,6,Local,1,Daytime,1,Weekday,2,Other Crash,1,Speeding Involved Crash,2,Other Crash,2,Other Crash,2,Other Crash,2,Other Crash,2,Other Crash,3,Unknown BAC Crash,2,Other Crash,2,Other Crash,0,Not Tribal Lands
1825,2016040829,40829,2,2,0,2,3,COCHISE,0,NONE LISTED,28,12,2016,9,44,0,7,Local,,.,2,County Highway Agency,CR-HIGHLAND RD,CR-CENTRAL RD,31.91966944,-109.8725167,0,No Special Jurisdiction,12,Motor Vehicle In-Transport,6,Angle,0,2,2,0,1,1,Daylight,1,Clear,No,0,0,0,None,None,None,1,2,Non-Interstate,6,Local,1,Daytime,1,Weekday,2,Other Crash,1,Speeding Involved Crash,2,Other Crash,2,Other Crash,2,Other Crash,2,Other Crash,2,Other Crash,3,Unknown BAC Crash,2,Other Crash,2,Other Crash,0,Not Tribal Lands
387,2013040015,40015,1,1,0,1,3,COCHISE,50,LOWELL,16,1,2013,9,5,0,,.,5,Rural-Minor Collector,,.,ARIZONA ST,,31.36681389,-109.8867667,0,No Special Jurisdiction,30,Utility Pole/Light Support,0,Not a Collision with Motor Vehicle In-Transport,0,1,1,0,4,1,Daylight,1,Clear,No,0,0,0,None,None,None,1,2,Non-Interstate,5,Collector,1,Daytime,1,Weekday,2,Other Crash,1,Speeding Involved Crash,2,Other Crash,2,Other Crash,2,Other Crash,2,Other Crash,2,Other Crash,3,Unknown BAC Crash,2,Other Crash,2,Other Crash,0,Not Tribal Lands
1712,2016040556,40556,1,1,1,1,3,COCHISE,0,NONE LISTED,7,9,2016,4,48,0,5,Major Collector,,.,1,State Highway Agency,US-191,,32.05280833,-109.8874333,0,No Special Jurisdiction,8,Pedestrian,0,Not a Collision with Motor Vehicle In-Transport,0,1,1,0,1,2,Dark - Not Lighted,2,Rain,No,0,0,0,None,None,None,1,2,Non-Interstate,5,Collector,2,Nighttime,1,Weekday,1,Large Truck Involved Crash,2,Other Crash,1,Pedestrian Involved Crash,1,Involving a pedestrian fatality,2,Other Crash,2,Other Crash,2,Other Crash,3,Unknown BAC Crash,2,Other Crash,2,Other Crash,0,Not Tribal Lands
954,2014040399,40399,1,1,0,1,17,NAVAJO,0,NONE LISTED,15,8,2014,20,9,0,,.,4,Rural-Major Collector,,.,SR-260,,34.07906111,-109.8912806,0,No Special Jurisdiction,1,Rollover/Overturn,0,Not a Collision with Motor Vehicle In-Transport,0,1,1,0,4,5,Dusk,1,Clear,No,0,0,0,None,None,None,1,2,Non-Interstate,5,Collector,2,Nighttime,2,Weekend,2,Other Crash,2,Other Crash,2,Other Crash,2,Other Crash,2,Other Crash,2,Other Crash,2,Other Crash,1,Driver With Positive BAC Testing Crash,2,Other Crash,2,Other Crash,1,Tribal Lands
1498,2016040067,40067,1,1,0,3,1,APACHE,0,NONE LISTED,5,1,2016,7,14,0,7,Local,,.,2,County Highway Agency,CR-317,,35.78746111,-109.8920278,3,Indian Reservation,35,Embankment,0,Not a Collision with Motor Vehicle In-Transport,0,1,1,0,4,6,Dark - Unknown Lighting,98,Not Reported,No,0,0,0,None,None,None,1,2,Non-Interstate,6,Local,1,Daytime,1,Weekday,2,Other Crash,1,Speeding Involved Crash,2,Other Crash,2,Other Crash,2,Other Crash,2,Other Crash,2,Other Crash,3,Unknown BAC Crash,2,Other Crash,2,Other Crash,1,Tribal Lands
374,2012040746,40746,2,2,0,2,3,COCHISE,0,NONE LISTED,3,12,2012,16,11,0,,.,6,Rural-Local Road or Street,,.,DESERT RD,EASTLAND RD,31.96326111,-109.8982722,0,No Special Jurisdiction,12,Motor Vehicle In-Transport,99,Unknown,0,2,2,0,1,1,Daylight,1,Clear,No,0,0,0,None,None,None,1,2,Non-Interstate,6,Local,1,Daytime,1,Weekday,2,Other Crash,2,Other Crash,2,Other Crash,2,Other Crash,2,Other Crash,2,Other Crash,2,Other Crash,3,Unknown BAC Crash,2,Other Crash,2,Other Crash,0,Not Tribal Lands
18,2012040040,40040,1,1,0,1,17,NAVAJO,0,NONE LISTED,3,1,2012,99,99,0,,.,16,Urban-Local Road or Street,,.,TEXAS LN,,34.39983056,-109.8998389,0,No Special Jurisdiction,42,Tree (Standing Only),0,Not a Collision with Motor Vehicle In-Transport,0,8,1,0,6,3,Dark - Lighted,1,Clear,No,18,0,0,Date of Crash and Date of EMS Notification were no,None,None,1,2,Non-Interstate,6,Local,3,Unknown,1,Weekday,2,Other Crash,2,Other Crash,2,Other Crash,2,Other Crash,2,Other Crash,2,Other Crash,2,Other Crash,1,Driver With Positive BAC Testing Crash,2,Other Crash,2,Other Crash,0,Not Tribal Lands
1518,2016040105,40105,2,2,0,3,17,NAVAJO,0,NONE LISTED,8,3,2016,18,51,0,4,Minor Arterial,,.,1,State Highway Agency,SR-73,,34.023,-109.9053056,3,Indian Reservation,12,Motor Vehicle In-Transport,2,Front-to-Front,0,1,1,0,1,5,Dusk,10,Cloudy,No,0,0,0,None,None,None,2,2,Non-Interstate,4,Minor arterial,2,Nighttime,1,Weekday,2,Other Crash,2,Other Crash,2,Other Crash,2,Other Crash,2,Other Crash,2,Other Crash,2,Other Crash,3,Unknown BAC Crash,2,Other Crash,2,Other Crash,1,Tribal Lands
1030,2014040576,40576,1,1,1,2,17,NAVAJO,0,NONE LISTED,3,12,2014,19,10,0,,.,3,Rural-Minor Arterial,,.,SR-73,,34.07803611,-109.9059083,3,Indian Reservation,8,Pedestrian,0,Not a Collision with Motor Vehicle In-Transport,0,1,1,0,1,2,Dark - Not Lighted,2,Rain,No,0,0,0,None,None,None,1,2,Non-Interstate,4,Minor arterial,2,Nighttime,1,Weekday,2,Other Crash,2,Other Crash,1,Pedestrian Involved Crash,1,Involving a pedestrian fatality,2,Other Crash,2,Other Crash,2,Other Crash,2,All Drivers With ZERO BAC Testing Crash,2,Other Crash,2,Other Crash,1,Tribal Lands
851,2014040172,40172,1,1,0,2,17,NAVAJO,0,NONE LISTED,23,3,2014,9,30,0,,.,3,Rural-Minor Arterial,,.,SR-73,,34.02711667,-109.90985,0,No Special Jurisdiction,34,Ditch,0,Not a Collision with Motor Vehicle In-Transport,0,99,99,0,4,9,Unknown,99,Unknown,No,0,0,0,None,None,None,1,2,Non-Interstate,4,Minor arterial,1,Daytime,2,Weekend,2,Other Crash,2,Other Crash,2,Other Crash,2,Other Crash,2,Other Crash,2,Other Crash,2,Other Crash,2,All Drivers With ZERO BAC Testing Crash,2,Other Crash,2,Other Crash,1,Tribal Lands
697,2013040650,40650,2,2,0,3,17,NAVAJO,0,NONE LISTED,13,9,2013,13,18,0,,.,3,Rural-Minor Arterial,,.,SR-260,BRANDING IRON LOOP,34.10476111,-109.9107528,0,No Special Jurisdiction,12,Motor Vehicle In-Transport,6,Angle,0,2,3,0,1,1,Daylight,10,Cloudy,No,0,0,0,None,None,None,1,2,Non-Interstate,4,Minor arterial,1,Daytime,1,Weekday,2,Other Crash,2,Other Crash,2,Other Crash,2,Other Crash,2,Other Crash,2,Other Crash,2,Other Crash,3,Unknown BAC Crash,2,Other Crash,2,Other Crash,0,Not Tribal Lands
1620,2016040321,40321,2,2,0,3,9,GRAHAM,0,NONE LISTED,21,5,2016,3,9,0,4,Minor Arterial,,.,1,State Highway Agency,US-70,,32.98449444,-109.933475,0,No Special Jurisdiction,12,Motor Vehicle In-Transport,8,Sideswipe - Opposite Direction,0,1,1,0,1,2,Dark - Not Lighted,1,Clear,No,0,0,0,None,None,None,1,2,Non-Interstate,4,Minor arterial,2,Nighttime,2,Weekend,1,Large Truck Involved Crash,2,Other Crash,2,Other Crash,2,Other Crash,2,Other Crash,2,Other Crash,2,Other Crash,3,Unknown BAC Crash,2,Other Crash,2,Other Crash,0,Not Tribal Lands
876,2014040230,40230,1,1,0,1,3,COCHISE,0,NONE LISTED,3,5,2014,8,56,0,,.,6,Rural-Local Road or Street,,.,CR-MANZORA RD,,32.09971389,-109.9340389,0,No Special Jurisdiction,1,Rollover/Overturn,0,Not a Collision with Motor Vehicle In-Transport,0,1,1,0,4,1,Daylight,1,Clear,No,0,0,0,None,None,None,1,2,Non-Interstate,6,Local,1,Daytime,2,Weekend,2,Other Crash,1,Speeding Involved Crash,2,Other Crash,2,Other Crash,2,Other Crash,2,Other Crash,2,Other Crash,1,Driver With Positive BAC Testing Crash,2,Other Crash,2,Other Crash,0,Not Tribal Lands
1416,2015040713,40713,1,1,0,1,17,NAVAJO,0,NONE LISTED,5,10,2015,8,9,0,4,Minor Arterial,,.,1,State Highway Agency,SR-73,,33.94049167,-109.9344917,3,Indian Reservation,1,Rollover/Overturn,0,Not a Collision with Motor Vehicle In-Transport,0,1,1,0,4,1,Daylight,10,Cloudy,No,0,0,0,None,None,None,1,2,Non-Interstate,4,Minor arterial,1,Daytime,1,Weekday,2,Other Crash,2,Other Crash,2,Other Crash,2,Other Crash,2,Other Crash,2,Other Crash,2,Other Crash,3,Unknown BAC Crash,2,Other Crash,2,Other Crash,1,Tribal Lands
183,2012040390,40390,1,1,1,4,17,NAVAJO,0,NONE LISTED,3,6,2012,21,13,0,,.,5,Rural-Minor Collector,,.,BIA 55,,33.79907778,-109.93785,3,Indian Reservation,8,Pedestrian,0,Not a Collision with Motor Vehicle In-Transport,0,1,1,0,1,6,Dark - Unknown Lighting,1,Clear,No,0,0,0,None,None,None,1,2,Non-Interstate,5,Collector,2,Nighttime,2,Weekend,2,Other Crash,2,Other Crash,1,Pedestrian Involved Crash,1,Involving a pedestrian fatality,2,Other Crash,2,Other Crash,2,Other Crash,2,All Drivers With ZERO BAC Testing Crash,2,Other Crash,2,Other Crash,1,Tribal Lands
1692,2016040498,40498,1,1,1,2,17,NAVAJO,0,NONE LISTED,11,8,2016,0,45,0,4,Minor Arterial,,.,1,State Highway Agency,SR-73,,33.90950556,-109.9434472,3,Indian Reservation,8,Pedestrian,0,Not a Collision with Motor Vehicle In-Transport,0,1,1,0,1,2,Dark - Not Lighted,10,Cloudy,No,0,0,0,None,None,None,1,2,Non-Interstate,4,Minor arterial,2,Nighttime,1,Weekday,2,Other Crash,2,Other Crash,1,Pedestrian Involved Crash,1,Involving a pedestrian fatality,2,Other Crash,2,Other Crash,2,Other Crash,2,All Drivers With ZERO BAC Testing Crash,2,Other Crash,2,Other Crash,1,Tribal Lands
776,2014040026,40026,1,1,0,5,17,NAVAJO,565,WHITERIVER,2,2,2014,19,16,0,,.,14,Urban-Minor Arterial,,.,SR-73,,33.90394167,-109.9442389,3,Indian Reservation,41,Shrubbery,0,Not a Collision with Motor Vehicle In-Transport,0,1,1,0,4,2,Dark - Not Lighted,1,Clear,No,0,0,0,None,None,None,2,2,Non-Interstate,4,Minor arterial,2,Nighttime,2,Weekend,2,Other Crash,1,Speeding Involved Crash,2,Other Crash,2,Other Crash,2,Other Crash,2,Other Crash,2,Other Crash,3,Unknown BAC Crash,2,Other Crash,2,Other Crash,1,Tribal Lands