index,accident_id,ST_CASE,VE_TOTAL,VE_FORMS,PEDS,PERSONS,COUNTY,county_name,CITY,city_name,DAY,MONTH,YEAR,HOUR,MINUTE,NHS,FUNC_SYS,func_sys_lit,ROAD_FNC,road_fnc_lit,RD_OWNER,rd_owner_lit,TWAY_ID,TWAY_ID2,LATITUDE,LONGITUD,SP_JUR,sp_jur_lit,HARM_EV,harm_ev_lit,MAN_COLL,man_coll_lit,RELJCT1,RELJCT2,TYP_INT,WRK_ZONE,REL_ROAD,LGT_COND,lgt_cond_lit,WEATHER,weather_lit,SCH_BUS,CF1,CF2,CF3,cf1_lit,cf2_lit,cf3_lit,FATALS,A_INTER,a_inter_lit,A_ROADFC,a_road_fc_lit,A_TOD,a_tod_lit,A_DOW,a_dow_lit,A_LT,a_lt_lit,A_SPCRA,a_spcra_lit,A_PED,a_ped_lit,A_PED_F,a_ped_f_lit,A_PEDAL,a_pedal_lit,A_PEDAL_F,a_pedal_f_lit,A_POLPUR,a_polour_lit,A_POSBAC,a_posbac_lit,A_DIST,a_dist_lit,A_DROWSY,a_drowsy_lit,INDIAN_RES,indian_res_lit
552,2013040340,40340,1,1,0,7,17,NAVAJO,0,NONE LISTED,4,5,2013,20,36,0,,.,4,Rural-Major Collector,,.,PORTER MOUNTAIN RD,,34.18638889,-109.9512306,0,No Special Jurisdiction,1,Rollover/Overturn,0,Not a Collision with Motor Vehicle In-Transport,0,1,1,0,1,2,Dark - Not Lighted,1,Clear,No,0,0,0,None,None,None,1,2,Non-Interstate,5,Collector,2,Nighttime,2,Weekend,2,Other Crash,1,Speeding Involved Crash,2,Other Crash,2,Other Crash,2,Other Crash,2,Other Crash,2,Other Crash,2,All Drivers With ZERO BAC Testing Crash,1,Involving a Distracted Driver,2,Other Crash,0,Not Tribal Lands
16,2012040038,40038,1,1,1,3,17,NAVAJO,0,NONE LISTED,29,1,2012,4,45,0,,.,4,Rural-Major Collector,,.,BOURDON RANCH RD,,34.31554722,-109.9542417,0,No Special Jurisdiction,8,Pedestrian,0,Not a Collision with Motor Vehicle In-Transport,0,1,1,0,1,2,Dark - Not Lighted,1,Clear,No,0,0,0,None,None,None,1,2,Non-Interstate,5,Collector,2,Nighttime,2,Weekend,2,Other Crash,2,Other Crash,1,Pedestrian Involved Crash,1,Involving a pedestrian fatality,2,Other Crash,2,Other Crash,2,Other Crash,3,Unknown BAC Crash,2,Other Crash,2,Other Crash,0,Not Tribal Lands
1319,2015040491,40491,2,2,0,7,17,NAVAJO,0,NONE LISTED,4,5,2015,18,2,0,4,Minor Arterial,,.,1,State Highway Agency,SR-73,POTTER RD,33.87559167,-109.9576056,3,Indian Reservation,12,Motor Vehicle In-Transport,6,Angle,0,2,2,0,1,1,Daylight,2,Rain,No,0,0,0,None,None,None,1,2,Non-Interstate,4,Minor arterial,2,Nighttime,1,Weekday,2,Other Crash,1,Speeding Involved Crash,2,Other Crash,2,Other Crash,2,Other Crash,2,Other Crash,2,Other Crash,1,Driver With Positive BAC Testing Crash,2,Other Crash,2,Other Crash,1,Tribal Lands
1565,2016040202,40202,1,1,1,1,17,NAVAJO,565,WHITERIVER,11,3,2016,19,18,0,4,Minor Arterial,,.,1,State Highway Agency,SR-73,,33.85622222,-109.9642472,3,Indian Reservation,8,Pedestrian,0,Not a Collision with Motor Vehicle In-Transport,0,1,1,0,1,9,Unknown,98,Not Reported,No,0,0,0,None,None,None,1,2,Non-Interstate,4,Minor arterial,2,Nighttime,2,Weekend,2,Other Crash,2,Other Crash,1,Pedestrian Involved Crash,1,Involving a pedestrian fatality,2,Other Crash,2,Other Crash,2,Other Crash,3,Unknown BAC Crash,2,Other Crash,2,Other Crash,1,Tribal Lands
1351,2015040561,40561,1,1,0,3,17,NAVAJO,565,WHITERIVER,27,8,2015,13,1,0,7,Local,,.,98,Not Reported,SPRUCE ST,,33.83512222,-109.9643556,3,Indian Reservation,5,Fell/Jumped from Vehicle,0,Not a Collision with Motor Vehicle In-Transport,0,1,1,0,1,1,Daylight,99,Unknown,No,0,0,0,None,None,None,1,2,Non-Interstate,6,Local,1,Daytime,1,Weekday,2,Other Crash,2,Other Crash,2,Other Crash,2,Other Crash,2,Other Crash,2,Other Crash,2,Other Crash,3,Unknown BAC Crash,2,Other Crash,2,Other Crash,1,Tribal Lands
1591,2016040249,40249,1,1,0,2,17,NAVAJO,565,WHITERIVER,2,4,2016,6,35,0,7,Local,,.,62,Bureau of Indian Affairs,YUCCA FLATS AVE,,33.85236389,-109.9657861,3,Indian Reservation,18,Other Object (not fixed),0,Not a Collision with Motor Vehicle In-Transport,0,1,1,0,1,4,Dawn,1,Clear,No,0,0,0,None,None,None,1,2,Non-Interstate,6,Local,1,Daytime,2,Weekend,2,Other Crash,1,Speeding Involved Crash,2,Other Crash,2,Other Crash,2,Other Crash,2,Other Crash,2,Other Crash,3,Unknown BAC Crash,2,Other Crash,2,Other Crash,1,Tribal Lands
1223,2015040263,40263,1,1,1,1,17,NAVAJO,565,WHITERIVER,18,4,2015,19,34,0,4,Minor Arterial,,.,1,State Highway Agency,SR-73,FALCON WAY,33.82822778,-109.9720444,3,Indian Reservation,8,Pedestrian,0,Not a Collision with Motor Vehicle In-Transport,0,3,3,0,1,6,Dark - Unknown Lighting,1,Clear,No,0,0,0,None,None,None,1,2,Non-Interstate,4,Minor arterial,2,Nighttime,2,Weekend,2,Other Crash,2,Other Crash,1,Pedestrian Involved Crash,1,Involving a pedestrian fatality,2,Other Crash,2,Other Crash,2,Other Crash,2,All Drivers With ZERO BAC Testing Crash,2,Other Crash,2,Other Crash,1,Tribal Lands
744,2013040771,40771,3,3,1,8,17,NAVAJO,262,PINETOP-LAKESIDE,4,12,2013,18,43,0,,.,14,Urban-Minor Arterial,,.,SR-260,,34.15125278,-109.9733139,0,No Special Jurisdiction,8,Pedestrian,0,Not a Collision with Motor Vehicle In-Transport,0,1,1,0,1,2,Dark - Not Lighted,2,Rain,No,0,0,0,None,None,None,1,2,Non-Interstate,4,Minor arterial,2,Nighttime,1,Weekday,2,Other Crash,2,Other Crash,1,Pedestrian Involved Crash,1,Involving a pedestrian fatality,2,Other Crash,2,Other Crash,2,Other Crash,3,Unknown BAC Crash,2,Other Crash,2,Other Crash,0,Not Tribal Lands
1099,2014040710,40710,1,1,0,1,17,NAVAJO,0,NONE LISTED,6,12,2014,7,55,0,,.,3,Rural-Minor Arterial,,.,US-180,,34.85530833,-109.9876111,0,No Special Jurisdiction,1,Rollover/Overturn,0,Not a Collision with Motor Vehicle In-Transport,0,1,1,0,1,1,Daylight,1,Clear,No,0,0,0,None,None,None,1,2,Non-Interstate,4,Minor arterial,1,Daytime,2,Weekend,2,Other Crash,1,Speeding Involved Crash,2,Other Crash,2,Other Crash,2,Other Crash,2,Other Crash,2,Other Crash,2,All Drivers With ZERO BAC Testing Crash,2,Other Crash,2,Other Crash,0,Not Tribal Lands
384,2013040010,40010,2,2,0,4,17,NAVAJO,262,PINETOP-LAKESIDE,11,1,2013,12,11,0,,.,6,Rural-Local Road or Street,,.,PENROD EXTENSION,,34.19603889,-109.9902278,0,No Special Jurisdiction,12,Motor Vehicle In-Transport,2,Front-to-Front,0,1,1,0,1,1,Daylight,10,Cloudy,No,0,0,0,None,None,None,1,2,Non-Interstate,6,Local,1,Daytime,1,Weekday,2,Other Crash,1,Speeding Involved Crash,2,Other Crash,2,Other Crash,2,Other Crash,2,Other Crash,2,Other Crash,3,Unknown BAC Crash,2,Other Crash,2,Other Crash,0,Not Tribal Lands
1345,2015040552,40552,2,2,0,7,17,NAVAJO,566,WHITE MOUNTAIN LAKE,15,8,2015,18,45,0,7,Local,,.,26,Private (other than Railroad),UNNAMED DIRT RD,,34.37009444,-109.9909889,0,No Special Jurisdiction,12,Motor Vehicle In-Transport,2,Front-to-Front,0,1,1,0,1,5,Dusk,1,Clear,No,0,0,0,None,None,None,2,2,Non-Interstate,6,Local,2,Nighttime,2,Weekend,2,Other Crash,1,Speeding Involved Crash,2,Other Crash,2,Other Crash,2,Other Crash,2,Other Crash,2,Other Crash,1,Driver With Positive BAC Testing Crash,2,Other Crash,2,Other Crash,0,Not Tribal Lands
861,2014040202,40202,1,1,0,5,17,NAVAJO,430,SNOWFLAKE,3,4,2014,6,6,0,,.,6,Rural-Local Road or Street,,.,4TH NORTH,,34.47086389,-110.0094528,0,No Special Jurisdiction,1,Rollover/Overturn,0,Not a Collision with Motor Vehicle In-Transport,0,1,1,0,4,2,Dark - Not Lighted,99,Unknown,No,0,0,0,None,None,None,2,2,Non-Interstate,6,Local,1,Daytime,1,Weekday,2,Other Crash,1,Speeding Involved Crash,2,Other Crash,2,Other Crash,2,Other Crash,2,Other Crash,2,Other Crash,3,Unknown BAC Crash,2,Other Crash,2,Other Crash,0,Not Tribal Lands
1740,2016040627,40627,1,1,0,1,17,NAVAJO,429,SHOW LOW,9,9,2016,18,46,0,7,Local,,.,98,Not Reported,PINE WAY,,34.20620556,-110.0181944,0,No Special Jurisdiction,5,Fell/Jumped from Vehicle,0,Not a Collision with Motor Vehicle In-Transport,0,4,1,0,1,6,Dark - Unknown Lighting,98,Not Reported,No,0,0,0,None,None,None,1,2,Non-Interstate,6,Local,2,Nighttime,2,Weekend,2,Other Crash,2,Other Crash,2,Other Crash,2,Other Crash,2,Other Crash,2,Other Crash,2,Other Crash,2,All Drivers With ZERO BAC Testing Crash,2,Other Crash,2,Other Crash,0,Not Tribal Lands
919,2014040323,40323,1,1,0,1,17,NAVAJO,0,NONE LISTED,28,5,2014,14,0,0,,.,3,Rural-Minor Arterial,,.,SR-264,,35.75487778,-110.0274111,3,Indian Reservation,99,Unknown,0,Not a Collision with Motor Vehicle In-Transport,0,99,99,0,99,1,Daylight,99,Unknown,No,0,0,0,None,None,None,1,2,Non-Interstate,4,Minor arterial,1,Daytime,1,Weekday,2,Other Crash,2,Other Crash,2,Other Crash,2,Other Crash,2,Other Crash,2,Other Crash,2,Other Crash,3,Unknown BAC Crash,2,Other Crash,2,Other Crash,1,Tribal Lands
543,2013040321,40321,1,1,0,1,3,COCHISE,0,NONE LISTED,11,6,2013,16,35,0,,.,3,Rural-Minor Arterial,,.,SR-80,,31.66069167,-110.0310139,0,No Special Jurisdiction,38,Fence,0,Not a Collision with Motor Vehicle In-Transport,0,1,1,0,5,1,Daylight,1,Clear,No,0,0,0,None,None,None,1,2,Non-Interstate,4,Minor arterial,1,Daytime,1,Weekday,2,Other Crash,2,Other Crash,2,Other Crash,2,Other Crash,2,Other Crash,2,Other Crash,2,Other Crash,2,All Drivers With ZERO BAC Testing Crash,2,Other Crash,2,Other Crash,0,Not Tribal Lands
1700,2016040533,40533,1,1,1,2,7,GILA,0,NONE LISTED,31,8,2016,19,40,0,5,Major Collector,,.,1,State Highway Agency,SR-73,,33.79127222,-110.0316278,3,Indian Reservation,8,Pedestrian,0,Not a Collision with Motor Vehicle In-Transport,0,1,1,0,1,2,Dark - Not Lighted,1,Clear,No,0,0,0,None,None,None,1,2,Non-Interstate,5,Collector,2,Nighttime,1,Weekday,2,Other Crash,2,Other Crash,1,Pedestrian Involved Crash,1,Involving a pedestrian fatality,2,Other Crash,2,Other Crash,2,Other Crash,2,All Drivers With ZERO BAC Testing Crash,2,Other Crash,2,Other Crash,1,Tribal Lands
990,2014040484,40484,1,1,0,1,17,NAVAJO,429,SHOW LOW,21,9,2014,23,26,0,,.,6,Rural-Local Road or Street,,.,COUGAR LN,,34.26397778,-110.0497556,0,No Special Jurisdiction,38,Fence,0,Not a Collision with Motor Vehicle In-Transport,0,1,1,0,4,3,Dark - Lighted,10,Cloudy,No,0,0,0,None,None,None,1,2,Non-Interstate,6,Local,2,Nighttime,2,Weekend,2,Other Crash,1,Speeding Involved Crash,2,Other Crash,2,Other Crash,2,Other Crash,2,Other Crash,2,Other Crash,2,All Drivers With ZERO BAC Testing Crash,2,Other Crash,2,Other Crash,0,Not Tribal Lands
1461,2015040835,40835,2,2,0,4,17,NAVAJO,0,NONE LISTED,24,5,2015,15,24,0,7,Local,,.,62,Bureau of Indian Affairs,BIA 6530,,36.526875,-110.0503361,3,Indian Reservation,12,Motor Vehicle In-Transport,99,Unknown,0,99,99,0,99,1,Daylight,99,Unknown,No,0,0,0,None,None,None,2,2,Non-Interstate,6,Local,1,Daytime,2,Weekend,2,Other Crash,2,Other Crash,2,Other Crash,2,Other Crash,2,Other Crash,2,Other Crash,2,Other Crash,3,Unknown BAC Crash,2,Other Crash,2,Other Crash,1,Tribal Lands
1795,2016040767,40767,2,2,0,5,9,GRAHAM,0,NONE LISTED,3,11,2016,23,31,0,4,Minor Arterial,,.,1,State Highway Agency,US-70,,33.08660278,-110.0563028,0,No Special Jurisdiction,12,Motor Vehicle In-Transport,2,Front-to-Front,0,1,1,0,1,2,Dark - Not Lighted,2,Rain,No,0,0,0,None,None,None,2,2,Non-Interstate,4,Minor arterial,2,Nighttime,1,Weekday,2,Other Crash,2,Other Crash,2,Other Crash,2,Other Crash,2,Other Crash,2,Other Crash,2,Other Crash,3,Unknown BAC Crash,2,Other Crash,2,Other Crash,1,Tribal Lands
1541,2016040144,40144,1,1,0,1,3,COCHISE,520,TOMBSTONE,15,2,2016,9,0,0,7,Local,,.,98,Not Reported,CACTUS DR,,31.72878333,-110.0608028,0,No Special Jurisdiction,1,Rollover/Overturn,0,Not a Collision with Motor Vehicle In-Transport,0,1,1,0,98,1,Daylight,98,Not Reported,No,0,0,0,None,None,None,1,2,Non-Interstate,6,Local,1,Daytime,1,Weekday,2,Other Crash,2,Other Crash,2,Other Crash,2,Other Crash,2,Other Crash,2,Other Crash,2,Other Crash,3,Unknown BAC Crash,2,Other Crash,2,Other Crash,0,Not Tribal Lands
1480,2016040029,40029,1,1,0,4,17,NAVAJO,429,SHOW LOW,15,1,2016,19,46,0,4,Minor Arterial,,.,1,State Highway Agency,US-60 DEUCE OF CLUBS,,34.21860278,-110.0724472,0,No Special Jurisdiction,42,Tree (Standing Only),0,Not a Collision with Motor Vehicle In-Transport,0,1,1,0,4,2,Dark - Not Lighted,4,Snow,No,0,0,0,None,None,None,1,2,Non-Interstate,4,Minor arterial,2,Nighttime,2,Weekend,2,Other Crash,2,Other Crash,2,Other Crash,2,Other Crash,2,Other Crash,2,Other Crash,2,Other Crash,3,Unknown BAC Crash,2,Other Crash,2,Other Crash,0,Not Tribal Lands
1422,2015040723,40723,2,2,0,4,9,GRAHAM,0,NONE LISTED,22,10,2015,22,17,0,4,Minor Arterial,,.,1,State Highway Agency,US-70,,33.09880556,-110.0778944,3,Indian Reservation,12,Motor Vehicle In-Transport,99,Unknown,0,99,99,0,99,6,Dark - Unknown Lighting,99,Unknown,No,0,0,0,None,None,None,2,2,Non-Interstate,4,Minor arterial,2,Nighttime,1,Weekday,2,Other Crash,2,Other Crash,2,Other Crash,2,Other Crash,2,Other Crash,2,Other Crash,2,Other Crash,3,Unknown BAC Crash,2,Other Crash,2,Other Crash,1,Tribal Lands
631,2013040489,40489,1,1,1,1,17,NAVAJO,0,NONE LISTED,27,7,2013,2,12,0,,.,5,Rural-Minor Collector,,.,BIA 67,,36.01697778,-110.0885472,3,Indian Reservation,8,Pedestrian,0,Not a Collision with Motor Vehicle In-Transport,0,1,1,0,1,2,Dark - Not Lighted,1,Clear,No,0,0,0,None,None,None,1,2,Non-Interstate,5,Collector,2,Nighttime,2,Weekend,2,Other Crash,2,Other Crash,1,Pedestrian Involved Crash,1,Involving a pedestrian fatality,2,Other Crash,2,Other Crash,2,Other Crash,3,Unknown BAC Crash,2,Other Crash,2,Other Crash,1,Tribal Lands
569,2013040374,40374,1,1,0,1,17,NAVAJO,0,NONE LISTED,3,7,2013,21,38,0,,.,3,Rural-Minor Arterial,,.,US-60,,34.19189722,-110.09105,0,No Special Jurisdiction,1,Rollover/Overturn,0,Not a Collision with Motor Vehicle In-Transport,0,1,1,0,4,2,Dark - Not Lighted,1,Clear,No,0,0,0,None,None,None,1,2,Non-Interstate,4,Minor arterial,2,Nighttime,1,Weekday,2,Other Crash,2,Other Crash,2,Other Crash,2,Other Crash,2,Other Crash,2,Other Crash,2,Other Crash,3,Unknown BAC Crash,2,Other Crash,2,Other Crash,1,Tribal Lands
282,2012040585,40585,2,1,0,1,17,NAVAJO,489,TAYLOR,27,10,2012,5,12,0,,.,6,Rural-Local Road or Street,,.,500 W,,34.46724167,-110.0997111,0,No Special Jurisdiction,14,Parked Motor Vehicle,0,Not a Collision with Motor Vehicle In-Transport,0,1,1,0,7,2,Dark - Not Lighted,1,Clear,No,0,0,0,None,None,None,1,2,Non-Interstate,6,Local,2,Nighttime,2,Weekend,2,Other Crash,1,Speeding Involved Crash,2,Other Crash,2,Other Crash,2,Other Crash,2,Other Crash,2,Other Crash,1,Driver With Positive BAC Testing Crash,2,Other Crash,2,Other Crash,0,Not Tribal Lands
1336,2015040525,40525,2,2,0,9,3,COCHISE,0,NONE LISTED,21,8,2015,6,26,0,5,Major Collector,,.,1,State Highway Agency,SR-92,PALOMA TRL,31.37999444,-110.1010583,0,No Special Jurisdiction,12,Motor Vehicle In-Transport,6,Angle,0,2,2,0,1,4,Dawn,1,Clear,Yes,0,0,0,None,None,None,1,2,Non-Interstate,5,Collector,1,Daytime,1,Weekday,2,Other Crash,2,Other Crash,2,Other Crash,2,Other Crash,2,Other Crash,2,Other Crash,2,Other Crash,3,Unknown BAC Crash,2,Other Crash,2,Other Crash,0,Not Tribal Lands
193,2012040406,40406,1,1,0,1,17,NAVAJO,0,NONE LISTED,28,6,2012,18,42,0,,.,6,Rural-Local Road or Street,,.,LONE PINE DAM RD,,34.31056944,-110.1058861,0,No Special Jurisdiction,1,Rollover/Overturn,0,Not a Collision with Motor Vehicle In-Transport,0,1,1,0,1,1,Daylight,1,Clear,No,0,0,0,None,None,None,1,2,Non-Interstate,6,Local,2,Nighttime,1,Weekday,2,Other Crash,1,Speeding Involved Crash,2,Other Crash,2,Other Crash,2,Other Crash,2,Other Crash,2,Other Crash,3,Unknown BAC Crash,2,Other Crash,2,Other Crash,0,Not Tribal Lands
830,2014040130,40130,1,1,0,1,3,COCHISE,0,NONE LISTED,1,4,2014,13,57,0,,.,4,Rural-Major Collector,,.,CR-CHARLESTON RD,,31.67278611,-110.1177389,0,No Special Jurisdiction,59,Traffic Sign Support,0,Not a Collision with Motor Vehicle In-Transport,0,1,1,0,4,1,Daylight,1,Clear,No,0,0,0,None,None,None,1,2,Non-Interstate,5,Collector,1,Daytime,1,Weekday,2,Other Crash,1,Speeding Involved Crash,2,Other Crash,2,Other Crash,2,Other Crash,2,Other Crash,2,Other Crash,1,Driver With Positive BAC Testing Crash,2,Other Crash,2,Other Crash,0,Not Tribal Lands
1305,2015040470,40470,2,2,0,7,17,NAVAJO,0,NONE LISTED,2,7,2015,17,58,0,7,Local,,.,98,Not Reported,FULL HOUSE LN,,34.28280278,-110.1207583,0,No Special Jurisdiction,12,Motor Vehicle In-Transport,6,Angle,0,8,1,0,1,1,Daylight,1,Clear,No,0,0,0,None,None,None,1,2,Non-Interstate,6,Local,1,Daytime,1,Weekday,2,Other Crash,2,Other Crash,2,Other Crash,2,Other Crash,2,Other Crash,2,Other Crash,2,Other Crash,2,All Drivers With ZERO BAC Testing Crash,2,Other Crash,2,Other Crash,0,Not Tribal Lands
1304,2015040469,40469,1,1,1,1,9,GRAHAM,0,NONE LISTED,2,7,2015,0,15,0,4,Minor Arterial,,.,1,State Highway Agency,US-70,,33.14054722,-110.1253806,3,Indian Reservation,8,Pedestrian,0,Not a Collision with Motor Vehicle In-Transport,0,99,99,0,99,6,Dark - Unknown Lighting,99,Unknown,No,0,0,0,None,None,None,1,2,Non-Interstate,4,Minor arterial,2,Nighttime,1,Weekday,2,Other Crash,2,Other Crash,1,Pedestrian Involved Crash,1,Involving a pedestrian fatality,2,Other Crash,2,Other Crash,2,Other Crash,3,Unknown BAC Crash,2,Other Crash,2,Other Crash,1,Tribal Lands
941,2014040373,40373,3,3,0,7,9,GRAHAM,0,NONE LISTED,19,6,2014,22,0,0,,.,3,Rural-Minor Arterial,,.,US-70,,33.17391944,-110.1403944,3,Indian Reservation,12,Motor Vehicle In-Transport,8,Sideswipe - Opposite Direction,0,1,1,0,1,2,Dark - Not Lighted,1,Clear,No,0,0,0,None,None,None,4,2,Non-Interstate,4,Minor arterial,2,Nighttime,1,Weekday,2,Other Crash,1,Speeding Involved Crash,2,Other Crash,2,Other Crash,2,Other Crash,2,Other Crash,2,Other Crash,3,Unknown BAC Crash,2,Other Crash,2,Other Crash,1,Tribal Lands
1727,2016040593,40593,1,1,0,1,3,COCHISE,0,NONE LISTED,30,9,2016,10,25,0,5,Major Collector,,.,2,County Highway Agency,CR-CHARLESTON RD,,31.65197778,-110.1433306,0,No Special Jurisdiction,1,Rollover/Overturn,0,Not a Collision with Motor Vehicle In-Transport,0,1,1,0,4,1,Daylight,1,Clear,No,0,0,0,None,None,None,1,2,Non-Interstate,5,Collector,1,Daytime,1,Weekday,2,Other Crash,2,Other Crash,2,Other Crash,2,Other Crash,2,Other Crash,2,Other Crash,2,Other Crash,3,Unknown BAC Crash,2,Other Crash,2,Other Crash,0,Not Tribal Lands
1323,2015040495,40495,3,3,0,11,17,NAVAJO,0,NONE LISTED,12,7,2015,15,59,0,4,Minor Arterial,,.,1,State Highway Agency,US-180,,34.88768889,-110.1438111,0,No Special Jurisdiction,12,Motor Vehicle In-Transport,2,Front-to-Front,0,1,1,0,1,1,Daylight,10,Cloudy,No,0,0,0,None,None,None,3,2,Non-Interstate,4,Minor arterial,1,Daytime,2,Weekend,2,Other Crash,2,Other Crash,2,Other Crash,2,Other Crash,2,Other Crash,2,Other Crash,2,Other Crash,1,Driver With Positive BAC Testing Crash,2,Other Crash,2,Other Crash,0,Not Tribal Lands
626,2013040482,40482,2,2,0,4,17,NAVAJO,240,HOLBROOK,17,7,2013,10,30,0,,.,6,Rural-Local Road or Street,,.,NAVAJO BLVD,,34.92123611,-110.1483806,0,No Special Jurisdiction,12,Motor Vehicle In-Transport,2,Front-to-Front,0,1,1,0,1,1,Daylight,10,Cloudy,No,0,0,0,None,None,None,1,2,Non-Interstate,6,Local,1,Daytime,1,Weekday,2,Other Crash,2,Other Crash,2,Other Crash,2,Other Crash,2,Other Crash,2,Other Crash,2,Other Crash,3,Unknown BAC Crash,2,Other Crash,2,Other Crash,0,Not Tribal Lands
1100,2014040711,40711,3,3,1,8,3,COCHISE,0,NONE LISTED,8,12,2014,18,13,0,,.,4,Rural-Major Collector,,.,SR-92,,31.37993056,-110.1487667,0,No Special Jurisdiction,8,Pedestrian,0,Not a Collision with Motor Vehicle In-Transport,0,1,1,0,1,2,Dark - Not Lighted,1,Clear,No,0,0,0,None,None,None,1,2,Non-Interstate,5,Collector,2,Nighttime,1,Weekday,2,Other Crash,2,Other Crash,1,Pedestrian Involved Crash,1,Involving a pedestrian fatality,2,Other Crash,2,Other Crash,2,Other Crash,3,Unknown BAC Crash,2,Other Crash,2,Other Crash,0,Not Tribal Lands
559,2013040351,40351,1,1,0,1,17,NAVAJO,0,NONE LISTED,12,5,2013,9,10,0,,.,6,Rural-Local Road or Street,,.,BURTON RD,BONITA VALLEY RD,34.33185278,-110.1557861,0,No Special Jurisdiction,1,Rollover/Overturn,0,Not a Collision with Motor Vehicle In-Transport,0,3,3,0,4,1,Daylight,1,Clear,No,0,0,0,None,None,None,1,2,Non-Interstate,6,Local,1,Daytime,2,Weekend,2,Other Crash,1,Speeding Involved Crash,2,Other Crash,2,Other Crash,2,Other Crash,2,Other Crash,2,Other Crash,3,Unknown BAC Crash,2,Other Crash,2,Other Crash,0,Not Tribal Lands
281,2012040584,40584,1,1,1,1,17,NAVAJO,240,HOLBROOK,22,10,2012,18,25,0,,.,6,Rural-Local Road or Street,,.,NAVAJO BLVD,ERIE ST,34.90596111,-110.1580583,0,No Special Jurisdiction,8,Pedestrian,0,Not a Collision with Motor Vehicle In-Transport,0,2,2,0,1,3,Dark - Lighted,1,Clear,No,0,0,0,None,None,None,1,2,Non-Interstate,6,Local,2,Nighttime,1,Weekday,2,Other Crash,2,Other Crash,1,Pedestrian Involved Crash,1,Involving a pedestrian fatality,2,Other Crash,2,Other Crash,2,Other Crash,3,Unknown BAC Crash,2,Other Crash,2,Other Crash,0,Not Tribal Lands
1439,2015040760,40760,1,1,0,2,3,COCHISE,0,NONE LISTED,6,12,2015,16,57,0,5,Major Collector,,.,2,County Highway Agency,CR-CHARLESTON RD,,31.63008333,-110.1726056,0,No Special Jurisdiction,1,Rollover/Overturn,0,Not a Collision with Motor Vehicle In-Transport,0,1,1,0,4,5,Dusk,1,Clear,No,0,0,0,None,None,None,2,2,Non-Interstate,5,Collector,1,Daytime,2,Weekend,2,Other Crash,2,Other Crash,2,Other Crash,2,Other Crash,2,Other Crash,2,Other Crash,2,Other Crash,1,Driver With Positive BAC Testing Crash,2,Other Crash,2,Other Crash,0,Not Tribal Lands
1426,2015040739,40739,1,1,0,1,7,GILA,0,NONE LISTED,4,11,2015,14,6,0,5,Major Collector,,.,1,State Highway Agency,SR-73,,33.85661389,-110.1785417,3,Indian Reservation,34,Ditch,0,Not a Collision with Motor Vehicle In-Transport,0,1,1,0,4,1,Daylight,10,Cloudy,No,0,0,0,None,None,None,1,2,Non-Interstate,5,Collector,1,Daytime,1,Weekday,2,Other Crash,2,Other Crash,2,Other Crash,2,Other Crash,2,Other Crash,2,Other Crash,2,Other Crash,2,All Drivers With ZERO BAC Testing Crash,2,Other Crash,2,Other Crash,1,Tribal Lands
431,2013040099,40099,1,1,0,1,17,NAVAJO,0,NONE LISTED,3,3,2013,17,45,0,,.,5,Rural-Minor Collector,,.,SR-277,,34.50873889,-110.1790667,0,No Special Jurisdiction,1,Rollover/Overturn,0,Not a Collision with Motor Vehicle In-Transport,0,1,1,0,1,5,Dusk,1,Clear,No,0,0,0,None,None,None,1,2,Non-Interstate,5,Collector,1,Daytime,2,Weekend,2,Other Crash,1,Speeding Involved Crash,2,Other Crash,2,Other Crash,2,Other Crash,2,Other Crash,2,Other Crash,3,Unknown BAC Crash,2,Other Crash,2,Other Crash,0,Not Tribal Lands
1640,2016040364,40364,2,2,0,4,17,NAVAJO,0,NONE LISTED,13,6,2016,10,8,0,5,Major Collector,,.,1,State Highway Agency,US-163,,36.98069444,-110.1834278,3,Indian Reservation,12,Motor Vehicle In-Transport,6,Angle,0,1,1,0,1,1,Daylight,1,Clear,No,0,0,0,None,None,None,2,2,Non-Interstate,5,Collector,1,Daytime,1,Weekday,2,Other Crash,2,Other Crash,2,Other Crash,2,Other Crash,2,Other Crash,2,Other Crash,2,Other Crash,3,Unknown BAC Crash,2,Other Crash,2,Other Crash,1,Tribal Lands
151,2012040323,40323,1,1,0,1,3,COCHISE,0,NONE LISTED,2,6,2012,15,10,0,,.,6,Rural-Local Road or Street,,.,BARATARIA BLVD,,31.48184722,-110.1853917,0,No Special Jurisdiction,5,Fell/Jumped from Vehicle,0,Not a Collision with Motor Vehicle In-Transport,0,1,1,0,4,1,Daylight,1,Clear,No,0,0,0,None,None,None,1,2,Non-Interstate,6,Local,1,Daytime,2,Weekend,2,Other Crash,1,Speeding Involved Crash,2,Other Crash,2,Other Crash,2,Other Crash,2,Other Crash,2,Other Crash,2,All Drivers With ZERO BAC Testing Crash,2,Other Crash,2,Other Crash,0,Not Tribal Lands
1078,2014040671,40671,1,1,0,2,17,NAVAJO,0,NONE LISTED,28,11,2014,14,39,0,,.,6,Rural-Local Road or Street,,.,BIA 6460,,36.77465556,-110.1935306,3,Indian Reservation,1,Rollover/Overturn,0,Not a Collision with Motor Vehicle In-Transport,0,1,1,0,2,1,Daylight,99,Unknown,No,0,0,0,None,None,None,2,2,Non-Interstate,6,Local,1,Daytime,1,Weekday,2,Other Crash,2,Other Crash,2,Other Crash,2,Other Crash,2,Other Crash,2,Other Crash,2,Other Crash,3,Unknown BAC Crash,2,Other Crash,2,Other Crash,1,Tribal Lands
529,2013040296,40296,1,1,0,1,7,GILA,0,NONE LISTED,31,5,2013,7,50,0,,.,4,Rural-Major Collector,,.,SR-73,,33.91745278,-110.1950417,3,Indian Reservation,1,Rollover/Overturn,0,Not a Collision with Motor Vehicle In-Transport,0,1,1,0,1,1,Daylight,1,Clear,No,0,0,0,None,None,None,1,2,Non-Interstate,5,Collector,1,Daytime,1,Weekday,1,Large Truck Involved Crash,2,Other Crash,2,Other Crash,2,Other Crash,2,Other Crash,2,Other Crash,2,Other Crash,1,Driver With Positive BAC Testing Crash,2,Other Crash,2,Other Crash,1,Tribal Lands