index,accident_id,ST_CASE,VE_TOTAL,VE_FORMS,PEDS,PERSONS,COUNTY,county_name,CITY,city_name,DAY,MONTH,YEAR,HOUR,MINUTE,NHS,FUNC_SYS,func_sys_lit,ROAD_FNC,road_fnc_lit,RD_OWNER,rd_owner_lit,TWAY_ID,TWAY_ID2,LATITUDE,LONGITUD,SP_JUR,sp_jur_lit,HARM_EV,harm_ev_lit,MAN_COLL,man_coll_lit,RELJCT1,RELJCT2,TYP_INT,WRK_ZONE,REL_ROAD,LGT_COND,lgt_cond_lit,WEATHER,weather_lit,SCH_BUS,CF1,CF2,CF3,cf1_lit,cf2_lit,cf3_lit,FATALS,A_INTER,a_inter_lit,A_ROADFC,a_road_fc_lit,A_TOD,a_tod_lit,A_DOW,a_dow_lit,A_LT,a_lt_lit,A_SPCRA,a_spcra_lit,A_PED,a_ped_lit,A_PED_F,a_ped_f_lit,A_PEDAL,a_pedal_lit,A_PEDAL_F,a_pedal_f_lit,A_POLPUR,a_polour_lit,A_POSBAC,a_posbac_lit,A_DIST,a_dist_lit,A_DROWSY,a_drowsy_lit,INDIAN_RES,indian_res_lit
383,2013040005,40005,2,2,0,2,3,COCHISE,0,NONE LISTED,7,1,2013,6,36,0,,.,3,Rural-Minor Arterial,,.,SR-80,,31.85171111,-110.1996583,0,No Special Jurisdiction,12,Motor Vehicle In-Transport,2,Front-to-Front,0,1,1,0,1,4,Dawn,1,Clear,No,0,0,0,None,None,None,1,2,Non-Interstate,4,Minor arterial,1,Daytime,1,Weekday,2,Other Crash,2,Other Crash,2,Other Crash,2,Other Crash,2,Other Crash,2,Other Crash,2,Other Crash,1,Driver With Positive BAC Testing Crash,2,Other Crash,2,Other Crash,0,Not Tribal Lands
398,2013040035,40035,1,1,0,1,17,NAVAJO,0,NONE LISTED,23,1,2013,16,59,0,,.,4,Rural-Major Collector,,.,SR-377,,34.80336389,-110.2080222,0,No Special Jurisdiction,1,Rollover/Overturn,0,Not a Collision with Motor Vehicle In-Transport,0,1,1,0,4,1,Daylight,1,Clear,No,0,0,0,None,None,None,1,2,Non-Interstate,5,Collector,1,Daytime,1,Weekday,2,Other Crash,1,Speeding Involved Crash,2,Other Crash,2,Other Crash,2,Other Crash,2,Other Crash,2,Other Crash,2,All Drivers With ZERO BAC Testing Crash,2,Other Crash,2,Other Crash,0,Not Tribal Lands
1399,2015040680,40680,1,1,0,5,17,NAVAJO,0,NONE LISTED,8,11,2015,8,54,0,5,Major Collector,,.,1,State Highway Agency,US-163,,36.74848056,-110.2266361,3,Indian Reservation,38,Fence,0,Not a Collision with Motor Vehicle In-Transport,0,1,1,0,4,1,Daylight,1,Clear,No,0,0,0,None,None,None,2,2,Non-Interstate,5,Collector,1,Daytime,2,Weekend,2,Other Crash,2,Other Crash,2,Other Crash,2,Other Crash,2,Other Crash,2,Other Crash,2,Other Crash,3,Unknown BAC Crash,2,Other Crash,2,Other Crash,1,Tribal Lands
144,2012040309,40309,1,1,0,7,17,NAVAJO,0,NONE LISTED,18,5,2012,11,33,0,,.,4,Rural-Major Collector,,.,US-163,,36.74359444,-110.2303194,3,Indian Reservation,38,Fence,0,Not a Collision with Motor Vehicle In-Transport,0,1,1,0,4,1,Daylight,1,Clear,No,0,0,0,None,None,None,3,2,Non-Interstate,5,Collector,1,Daytime,1,Weekday,2,Other Crash,1,Speeding Involved Crash,2,Other Crash,2,Other Crash,2,Other Crash,2,Other Crash,2,Other Crash,3,Unknown BAC Crash,2,Other Crash,2,Other Crash,1,Tribal Lands
1028,2014040571,40571,1,1,0,2,17,NAVAJO,0,NONE LISTED,30,11,2014,11,24,0,,.,4,Rural-Major Collector,,.,US-163,,36.80573889,-110.2328667,3,Indian Reservation,1,Rollover/Overturn,0,Not a Collision with Motor Vehicle In-Transport,0,1,1,0,1,1,Daylight,10,Cloudy,No,0,0,0,None,None,None,1,2,Non-Interstate,5,Collector,1,Daytime,2,Weekend,2,Other Crash,2,Other Crash,2,Other Crash,2,Other Crash,2,Other Crash,2,Other Crash,2,Other Crash,3,Unknown BAC Crash,2,Other Crash,2,Other Crash,1,Tribal Lands
1544,2016040151,40151,1,1,0,2,9,GRAHAM,0,NONE LISTED,29,2,2016,11,50,0,4,Minor Arterial,,.,1,State Highway Agency,US-70,,33.231525,-110.2395694,3,Indian Reservation,35,Embankment,0,Not a Collision with Motor Vehicle In-Transport,0,1,1,0,4,8,Not Reported,98,Not Reported,No,0,0,0,None,None,None,1,2,Non-Interstate,4,Minor arterial,1,Daytime,1,Weekday,2,Other Crash,1,Speeding Involved Crash,2,Other Crash,2,Other Crash,2,Other Crash,2,Other Crash,2,Other Crash,3,Unknown BAC Crash,2,Other Crash,2,Other Crash,1,Tribal Lands
939,2014040369,40369,1,1,0,1,3,COCHISE,233,HEREFORD,7,6,2014,2,21,0,,.,14,Urban-Minor Arterial,,.,SR-92,,31.43073611,-110.2412389,0,No Special Jurisdiction,59,Traffic Sign Support,0,Not a Collision with Motor Vehicle In-Transport,0,1,1,0,4,2,Dark - Not Lighted,1,Clear,No,0,0,0,None,None,None,1,2,Non-Interstate,4,Minor arterial,2,Nighttime,2,Weekend,2,Other Crash,1,Speeding Involved Crash,2,Other Crash,2,Other Crash,2,Other Crash,2,Other Crash,2,Other Crash,1,Driver With Positive BAC Testing Crash,2,Other Crash,2,Other Crash,0,Not Tribal Lands
1019,2014040539,40539,1,1,0,3,17,NAVAJO,0,NONE LISTED,15,10,2014,2,19,0,,.,4,Rural-Major Collector,,.,US-163,,36.73234722,-110.2425083,3,Indian Reservation,1,Rollover/Overturn,0,Not a Collision with Motor Vehicle In-Transport,0,1,1,0,4,2,Dark - Not Lighted,1,Clear,No,0,0,0,None,None,None,2,2,Non-Interstate,5,Collector,2,Nighttime,1,Weekday,2,Other Crash,2,Other Crash,2,Other Crash,2,Other Crash,2,Other Crash,2,Other Crash,2,Other Crash,3,Unknown BAC Crash,2,Other Crash,2,Other Crash,1,Tribal Lands
537,2013040310,40310,1,1,0,2,17,NAVAJO,0,NONE LISTED,1,6,2013,0,35,0,,.,4,Rural-Major Collector,,.,PAPERMILL RD,SR-277,34.48534722,-110.2447778,0,No Special Jurisdiction,1,Rollover/Overturn,0,Not a Collision with Motor Vehicle In-Transport,0,2,4,0,1,2,Dark - Not Lighted,1,Clear,No,0,0,0,None,None,None,1,2,Non-Interstate,5,Collector,2,Nighttime,2,Weekend,2,Other Crash,1,Speeding Involved Crash,2,Other Crash,2,Other Crash,2,Other Crash,2,Other Crash,2,Other Crash,1,Driver With Positive BAC Testing Crash,2,Other Crash,2,Other Crash,0,Not Tribal Lands
687,2013040626,40626,1,1,0,1,3,COCHISE,0,NONE LISTED,1,11,2013,19,20,0,,.,6,Rural-Local Road or Street,,.,SANDERS RD,BOWERS RD,31.69370833,-110.24995,0,No Special Jurisdiction,59,Traffic Sign Support,0,Not a Collision with Motor Vehicle In-Transport,0,3,4,0,4,2,Dark - Not Lighted,1,Clear,No,0,0,0,None,None,None,1,2,Non-Interstate,6,Local,2,Nighttime,2,Weekend,2,Other Crash,1,Speeding Involved Crash,2,Other Crash,2,Other Crash,2,Other Crash,2,Other Crash,2,Other Crash,1,Driver With Positive BAC Testing Crash,2,Other Crash,2,Other Crash,0,Not Tribal Lands
221,2012040457,40457,1,1,0,1,17,NAVAJO,0,NONE LISTED,22,7,2012,1,13,0,,.,4,Rural-Major Collector,,.,US-163,,36.71424167,-110.2514,3,Indian Reservation,99,Unknown,99,Unknown,0,99,9,0,99,6,Dark - Unknown Lighting,99,Unknown,No,0,0,0,None,None,None,1,2,Non-Interstate,5,Collector,2,Nighttime,2,Weekend,2,Other Crash,2,Other Crash,2,Other Crash,2,Other Crash,2,Other Crash,2,Other Crash,2,Other Crash,1,Driver With Positive BAC Testing Crash,2,Other Crash,2,Other Crash,1,Tribal Lands
916,2014040319,40319,2,2,0,3,17,NAVAJO,0,NONE LISTED,17,5,2014,13,35,0,,.,4,Rural-Major Collector,,.,US-163,,36.83695,-110.2540417,3,Indian Reservation,12,Motor Vehicle In-Transport,2,Front-to-Front,0,1,1,0,1,1,Daylight,1,Clear,No,0,0,0,None,None,None,1,2,Non-Interstate,5,Collector,1,Daytime,2,Weekend,2,Other Crash,2,Other Crash,2,Other Crash,2,Other Crash,2,Other Crash,2,Other Crash,2,Other Crash,3,Unknown BAC Crash,2,Other Crash,2,Other Crash,1,Tribal Lands
1556,2016040182,40182,1,1,0,1,3,COCHISE,431,SIERRA VISTA,11,4,2016,16,52,0,4,Minor Arterial,,.,4,City or Municipal Highway Agency,MARTIN LUTHER KING PKWY,,31.55852778,-110.2699278,0,No Special Jurisdiction,33,Curb,0,Not a Collision with Motor Vehicle In-Transport,0,1,1,0,4,9,Unknown,10,Cloudy,No,0,0,0,None,None,None,1,2,Non-Interstate,4,Minor arterial,1,Daytime,1,Weekday,2,Other Crash,1,Speeding Involved Crash,2,Other Crash,2,Other Crash,2,Other Crash,2,Other Crash,2,Other Crash,1,Driver With Positive BAC Testing Crash,2,Other Crash,2,Other Crash,0,Not Tribal Lands
128,2012040270,40270,1,1,0,1,3,COCHISE,431,SIERRA VISTA,13,5,2012,20,18,0,,.,16,Urban-Local Road or Street,,.,MARTIN LUTHER KING JR PKWY,,31.55830833,-110.2707611,0,No Special Jurisdiction,33,Curb,0,Not a Collision with Motor Vehicle In-Transport,0,1,1,0,3,3,Dark - Lighted,1,Clear,No,0,0,0,None,None,None,1,2,Non-Interstate,6,Local,2,Nighttime,2,Weekend,2,Other Crash,2,Other Crash,2,Other Crash,2,Other Crash,2,Other Crash,2,Other Crash,2,Other Crash,2,All Drivers With ZERO BAC Testing Crash,2,Other Crash,2,Other Crash,0,Not Tribal Lands
1721,2016040576,40576,1,1,0,1,3,COCHISE,431,SIERRA VISTA,25,9,2016,11,56,0,4,Minor Arterial,,.,4,City or Municipal Highway Agency,AVENIDA COCHISE,,31.52831667,-110.2729778,0,No Special Jurisdiction,1,Rollover/Overturn,0,Not a Collision with Motor Vehicle In-Transport,0,1,1,0,4,1,Daylight,10,Cloudy,No,0,0,0,None,None,None,1,2,Non-Interstate,4,Minor arterial,1,Daytime,2,Weekend,2,Other Crash,1,Speeding Involved Crash,2,Other Crash,2,Other Crash,2,Other Crash,2,Other Crash,2,Other Crash,1,Driver With Positive BAC Testing Crash,1,Involving a Distracted Driver,2,Other Crash,0,Not Tribal Lands
1728,2016040594,40594,1,1,0,1,3,COCHISE,0,NONE LISTED,1,9,2016,23,45,0,4,Minor Arterial,,.,1,State Highway Agency,SR-80,,31.92593333,-110.275325,0,No Special Jurisdiction,1,Rollover/Overturn,0,Not a Collision with Motor Vehicle In-Transport,0,1,1,0,4,2,Dark - Not Lighted,1,Clear,No,0,0,0,None,None,None,1,2,Non-Interstate,4,Minor arterial,2,Nighttime,1,Weekday,2,Other Crash,2,Other Crash,2,Other Crash,2,Other Crash,2,Other Crash,2,Other Crash,2,Other Crash,2,All Drivers With ZERO BAC Testing Crash,2,Other Crash,2,Other Crash,0,Not Tribal Lands
1279,2015040396,40396,2,2,0,4,3,COCHISE,431,SIERRA VISTA,30,6,2015,11,21,0,4,Minor Arterial,,.,4,City or Municipal Highway Agency,FRY BLVD,CORONADO DR,31.55461667,-110.2776083,0,No Special Jurisdiction,12,Motor Vehicle In-Transport,6,Angle,0,2,2,0,1,1,Daylight,1,Clear,No,0,0,0,None,None,None,1,2,Non-Interstate,4,Minor arterial,1,Daytime,1,Weekday,1,Large Truck Involved Crash,2,Other Crash,2,Other Crash,2,Other Crash,2,Other Crash,2,Other Crash,2,Other Crash,3,Unknown BAC Crash,2,Other Crash,2,Other Crash,0,Not Tribal Lands
415,2013040062,40062,4,4,0,8,3,COCHISE,431,SIERRA VISTA,1,2,2013,16,14,0,,.,14,Urban-Minor Arterial,,.,CORONADO DR,LAUREL LN,31.53576389,-110.2785389,0,No Special Jurisdiction,12,Motor Vehicle In-Transport,99,Unknown,0,99,99,0,1,1,Daylight,1,Clear,No,0,0,0,None,None,None,1,2,Non-Interstate,4,Minor arterial,1,Daytime,1,Weekday,2,Other Crash,1,Speeding Involved Crash,2,Other Crash,2,Other Crash,2,Other Crash,2,Other Crash,2,Other Crash,3,Unknown BAC Crash,2,Other Crash,2,Other Crash,0,Not Tribal Lands
704,2013040676,40676,1,1,0,1,3,COCHISE,431,SIERRA VISTA,11,10,2013,20,44,0,,.,15,Urban-Collector,,.,LENZER AVE,,31.54181944,-110.2828861,0,No Special Jurisdiction,1,Rollover/Overturn,0,Not a Collision with Motor Vehicle In-Transport,0,1,1,0,1,2,Dark - Not Lighted,1,Clear,No,0,0,0,None,None,None,1,2,Non-Interstate,5,Collector,2,Nighttime,2,Weekend,2,Other Crash,1,Speeding Involved Crash,2,Other Crash,2,Other Crash,2,Other Crash,2,Other Crash,2,Other Crash,2,All Drivers With ZERO BAC Testing Crash,2,Other Crash,2,Other Crash,0,Not Tribal Lands
785,2014040039,40039,1,1,0,3,3,COCHISE,431,SIERRA VISTA,17,2,2014,20,37,0,,.,16,Urban-Local Road or Street,,.,NORTH CANYON DR,,31.55958333,-110.2986,0,No Special Jurisdiction,1,Rollover/Overturn,0,Not a Collision with Motor Vehicle In-Transport,0,1,1,0,1,2,Dark - Not Lighted,1,Clear,No,0,0,0,None,None,None,2,2,Non-Interstate,6,Local,2,Nighttime,1,Weekday,2,Other Crash,1,Speeding Involved Crash,2,Other Crash,2,Other Crash,2,Other Crash,2,Other Crash,2,Other Crash,1,Driver With Positive BAC Testing Crash,2,Other Crash,2,Other Crash,0,Not Tribal Lands
1552,2016040171,40171,1,1,0,2,17,NAVAJO,0,NONE LISTED,6,4,2016,13,0,0,4,Minor Arterial,,.,1,State Highway Agency,SR-264,,35.83910556,-110.3072444,3,Indian Reservation,38,Fence,0,Not a Collision with Motor Vehicle In-Transport,0,1,1,0,4,1,Daylight,1,Clear,No,0,0,0,None,None,None,1,2,Non-Interstate,4,Minor arterial,1,Daytime,1,Weekday,2,Other Crash,2,Other Crash,2,Other Crash,2,Other Crash,2,Other Crash,2,Other Crash,2,Other Crash,3,Unknown BAC Crash,2,Other Crash,2,Other Crash,1,Tribal Lands
1428,2015040743,40743,1,1,0,1,17,NAVAJO,0,NONE LISTED,26,9,2015,2,30,0,6,Minor Collector,,.,62,Bureau of Indian Affairs,BIA 60,,35.39454722,-110.3313444,3,Indian Reservation,1,Rollover/Overturn,0,Not a Collision with Motor Vehicle In-Transport,0,1,1,0,99,6,Dark - Unknown Lighting,99,Unknown,No,0,0,0,None,None,None,1,2,Non-Interstate,5,Collector,2,Nighttime,2,Weekend,2,Other Crash,2,Other Crash,2,Other Crash,2,Other Crash,2,Other Crash,2,Other Crash,2,Other Crash,3,Unknown BAC Crash,2,Other Crash,2,Other Crash,1,Tribal Lands
292,2012040596,40596,1,1,0,1,3,COCHISE,0,NONE LISTED,8,9,2012,99,99,0,,.,6,Rural-Local Road or Street,,.,GOLD MINE HILL RD,,32.23333333,-110.3333333,0,No Special Jurisdiction,1,Rollover/Overturn,0,Not a Collision with Motor Vehicle In-Transport,0,1,1,0,4,1,Daylight,98,Not Reported,No,0,0,0,None,None,None,1,2,Non-Interstate,6,Local,3,Unknown,2,Weekend,2,Other Crash,2,Other Crash,2,Other Crash,2,Other Crash,2,Other Crash,2,Other Crash,2,Other Crash,3,Unknown BAC Crash,2,Other Crash,2,Other Crash,0,Not Tribal Lands
881,2014040240,40240,2,2,0,2,3,COCHISE,0,NONE LISTED,10,5,2014,14,24,0,,.,4,Rural-Major Collector,,.,SR-82,,31.69246389,-110.3637694,0,No Special Jurisdiction,1,Rollover/Overturn,0,Not a Collision with Motor Vehicle In-Transport,0,1,1,0,1,1,Daylight,1,Clear,No,19,0,0,Recent/Previous Crash scene Nearby,None,None,1,2,Non-Interstate,5,Collector,1,Daytime,2,Weekend,2,Other Crash,2,Other Crash,2,Other Crash,2,Other Crash,2,Other Crash,2,Other Crash,2,Other Crash,3,Unknown BAC Crash,1,Involving a Distracted Driver,2,Other Crash,0,Not Tribal Lands
1532,2016040131,40131,1,1,0,2,3,COCHISE,0,NONE LISTED,21,2,2016,12,0,0,7,Local,,.,98,Not Reported,UNNAMED DIRT RD,,32.09111667,-110.3821028,0,No Special Jurisdiction,1,Rollover/Overturn,0,Not a Collision with Motor Vehicle In-Transport,0,1,1,0,4,1,Daylight,1,Clear,No,0,0,0,None,None,None,1,2,Non-Interstate,6,Local,1,Daytime,2,Weekend,2,Other Crash,2,Other Crash,2,Other Crash,2,Other Crash,2,Other Crash,2,Other Crash,2,Other Crash,2,All Drivers With ZERO BAC Testing Crash,2,Other Crash,2,Other Crash,0,Not Tribal Lands
115,2012040245,40245,1,1,0,1,7,GILA,0,NONE LISTED,18,4,2012,99,99,0,,.,3,Rural-Minor Arterial,,.,US-70,,33.28853056,-110.3974389,3,Indian Reservation,1,Rollover/Overturn,0,Not a Collision with Motor Vehicle In-Transport,0,99,9,0,99,9,Unknown,99,Unknown,No,0,0,0,None,None,None,1,2,Non-Interstate,4,Minor arterial,3,Unknown,1,Weekday,2,Other Crash,2,Other Crash,2,Other Crash,2,Other Crash,2,Other Crash,2,Other Crash,2,Other Crash,2,All Drivers With ZERO BAC Testing Crash,2,Other Crash,2,Other Crash,1,Tribal Lands
753,2013040787,40787,2,2,0,2,17,NAVAJO,0,NONE LISTED,14,12,2013,13,47,0,,.,3,Rural-Minor Arterial,,.,SR-264,,35.81061944,-110.4123944,3,Indian Reservation,12,Motor Vehicle In-Transport,99,Unknown,0,99,99,0,99,1,Daylight,99,Unknown,No,0,0,0,None,None,None,1,2,Non-Interstate,4,Minor arterial,1,Daytime,2,Weekend,2,Other Crash,2,Other Crash,2,Other Crash,2,Other Crash,2,Other Crash,2,Other Crash,2,Other Crash,3,Unknown BAC Crash,2,Other Crash,2,Other Crash,1,Tribal Lands
184,2012040392,40392,2,2,0,3,17,NAVAJO,0,NONE LISTED,5,6,2012,99,99,0,,.,4,Rural-Major Collector,,.,SR-87,,35.43178333,-110.4254194,3,Indian Reservation,12,Motor Vehicle In-Transport,99,Unknown,0,1,1,0,1,9,Unknown,99,Unknown,No,0,0,0,None,None,None,1,2,Non-Interstate,5,Collector,3,Unknown,1,Weekday,2,Other Crash,2,Other Crash,2,Other Crash,2,Other Crash,2,Other Crash,2,Other Crash,2,Other Crash,3,Unknown BAC Crash,2,Other Crash,2,Other Crash,1,Tribal Lands
1053,2014040613,40613,1,1,0,2,17,NAVAJO,0,NONE LISTED,17,10,2014,99,99,0,,.,4,Rural-Major Collector,,.,SR-87,,35.28782778,-110.4272917,3,Indian Reservation,99,Unknown,99,Unknown,0,99,99,0,99,1,Daylight,99,Unknown,No,0,0,0,None,None,None,1,2,Non-Interstate,5,Collector,3,Unknown,3,Unknown,2,Other Crash,2,Other Crash,2,Other Crash,2,Other Crash,2,Other Crash,2,Other Crash,2,Other Crash,2,All Drivers With ZERO BAC Testing Crash,2,Other Crash,2,Other Crash,1,Tribal Lands
594,2013040415,40415,1,1,1,1,17,NAVAJO,0,NONE LISTED,11,6,2013,15,9,0,,.,4,Rural-Major Collector,,.,SR-87,,35.18764167,-110.4426028,0,No Special Jurisdiction,8,Pedestrian,0,Not a Collision with Motor Vehicle In-Transport,0,99,99,0,99,1,Daylight,99,Unknown,No,0,0,0,None,None,None,1,2,Non-Interstate,5,Collector,1,Daytime,1,Weekday,2,Other Crash,2,Other Crash,1,Pedestrian Involved Crash,1,Involving a pedestrian fatality,2,Other Crash,2,Other Crash,2,Other Crash,3,Unknown BAC Crash,2,Other Crash,2,Other Crash,1,Tribal Lands
628,2013040486,40486,1,1,1,2,9,GRAHAM,0,NONE LISTED,22,7,2013,18,24,0,,.,6,Rural-Local Road or Street,,.,LA BAMBA RD,,33.29271667,-110.4478222,3,Indian Reservation,9,Pedalcyclist,0,Not a Collision with Motor Vehicle In-Transport,0,1,1,0,1,1,Daylight,98,Not Reported,No,0,0,0,None,None,None,1,2,Non-Interstate,6,Local,2,Nighttime,1,Weekday,2,Other Crash,2,Other Crash,2,Other Crash,2,Other Crash,1,Pedalcyclist Involved Crash,1,Involving a pedacyclist fatality,2,Other Crash,1,Driver With Positive BAC Testing Crash,2,Other Crash,2,Other Crash,1,Tribal Lands
457,2013040160,40160,1,1,1,3,7,GILA,416,SAN CARLOS,29,3,2013,16,37,0,,.,6,Rural-Local Road or Street,,.,AIRPORT 79 RD,,33.37810556,-110.4590583,3,Indian Reservation,8,Pedestrian,0,Not a Collision with Motor Vehicle In-Transport,0,1,1,0,1,1,Daylight,1,Clear,No,0,0,0,None,None,None,1,2,Non-Interstate,6,Local,1,Daytime,1,Weekday,2,Other Crash,2,Other Crash,1,Pedestrian Involved Crash,1,Involving a pedestrian fatality,2,Other Crash,2,Other Crash,2,Other Crash,2,All Drivers With ZERO BAC Testing Crash,1,Involving a Distracted Driver,2,Other Crash,1,Tribal Lands
1322,2015040494,40494,1,1,0,1,17,NAVAJO,0,NONE LISTED,3,6,2015,5,34,0,7,Local,,.,98,Not Reported,BIA 41,,36.53831389,-110.4619111,3,Indian Reservation,1,Rollover/Overturn,0,Not a Collision with Motor Vehicle In-Transport,0,1,1,0,4,4,Dawn,1,Clear,No,0,0,0,None,None,None,1,2,Non-Interstate,6,Local,2,Nighttime,1,Weekday,2,Other Crash,2,Other Crash,2,Other Crash,2,Other Crash,2,Other Crash,2,Other Crash,2,Other Crash,3,Unknown BAC Crash,2,Other Crash,2,Other Crash,1,Tribal Lands
726,2013040723,40723,1,1,0,2,7,GILA,0,NONE LISTED,24,12,2013,19,2,0,,.,3,Rural-Minor Arterial,,.,US-60,,33.81352222,-110.4635583,0,No Special Jurisdiction,24,Guardrail Face,0,Not a Collision with Motor Vehicle In-Transport,0,1,1,0,4,2,Dark - Not Lighted,1,Clear,No,0,0,0,None,None,None,1,2,Non-Interstate,4,Minor arterial,2,Nighttime,1,Weekday,2,Other Crash,1,Speeding Involved Crash,2,Other Crash,2,Other Crash,2,Other Crash,2,Other Crash,2,Other Crash,3,Unknown BAC Crash,2,Other Crash,2,Other Crash,1,Tribal Lands
1572,2016040213,40213,2,2,0,2,7,GILA,0,NONE LISTED,30,4,2016,12,40,0,4,Minor Arterial,,.,1,State Highway Agency,US-60,,33.81352222,-110.4635583,0,No Special Jurisdiction,12,Motor Vehicle In-Transport,2,Front-to-Front,0,1,1,0,1,1,Daylight,10,Cloudy,No,0,0,0,None,None,None,1,2,Non-Interstate,4,Minor arterial,1,Daytime,2,Weekend,2,Other Crash,1,Speeding Involved Crash,2,Other Crash,2,Other Crash,2,Other Crash,2,Other Crash,2,Other Crash,3,Unknown BAC Crash,2,Other Crash,2,Other Crash,1,Tribal Lands
436,2013040113,40113,1,1,0,1,7,GILA,0,NONE LISTED,21,3,2013,14,47,0,,.,3,Rural-Minor Arterial,,.,US-60,,33.80762778,-110.4752722,0,No Special Jurisdiction,35,Embankment,0,Not a Collision with Motor Vehicle In-Transport,0,1,1,0,4,1,Daylight,1,Clear,No,0,0,0,None,None,None,1,2,Non-Interstate,4,Minor arterial,1,Daytime,1,Weekday,2,Other Crash,1,Speeding Involved Crash,2,Other Crash,2,Other Crash,2,Other Crash,2,Other Crash,2,Other Crash,3,Unknown BAC Crash,2,Other Crash,2,Other Crash,1,Tribal Lands
1496,2016040065,40065,2,2,0,2,7,GILA,0,NONE LISTED,3,1,2016,5,23,0,5,Major Collector,,.,62,Bureau of Indian Affairs,BIA 6- OLD SAN CARLOS RD,,33.35770833,-110.4768917,3,Indian Reservation,12,Motor Vehicle In-Transport,2,Front-to-Front,0,1,1,0,1,2,Dark - Not Lighted,1,Clear,No,0,0,0,None,None,None,1,2,Non-Interstate,5,Collector,2,Nighttime,2,Weekend,2,Other Crash,2,Other Crash,2,Other Crash,2,Other Crash,2,Other Crash,2,Other Crash,2,Other Crash,1,Driver With Positive BAC Testing Crash,2,Other Crash,2,Other Crash,1,Tribal Lands
206,2012040430,40430,1,1,0,1,7,GILA,0,NONE LISTED,8,8,2012,10,46,0,,.,3,Rural-Minor Arterial,,.,US-60,,33.80392222,-110.4824528,0,No Special Jurisdiction,35,Embankment,0,Not a Collision with Motor Vehicle In-Transport,0,1,1,0,6,9,Unknown,99,Unknown,No,0,0,0,None,None,None,1,2,Non-Interstate,4,Minor arterial,1,Daytime,1,Weekday,2,Other Crash,2,Other Crash,2,Other Crash,2,Other Crash,2,Other Crash,2,Other Crash,2,Other Crash,3,Unknown BAC Crash,2,Other Crash,2,Other Crash,1,Tribal Lands
1384,2015040632,40632,1,1,0,1,7,GILA,0,NONE LISTED,12,10,2015,16,15,0,4,Minor Arterial,,.,1,State Highway Agency,US-60,,33.80390278,-110.4824639,0,No Special Jurisdiction,24,Guardrail Face,0,Not a Collision with Motor Vehicle In-Transport,0,1,1,0,4,1,Daylight,1,Clear,No,0,0,0,None,None,None,1,2,Non-Interstate,4,Minor arterial,1,Daytime,1,Weekday,2,Other Crash,2,Other Crash,2,Other Crash,2,Other Crash,2,Other Crash,2,Other Crash,2,Other Crash,3,Unknown BAC Crash,2,Other Crash,2,Other Crash,1,Tribal Lands
899,2014040277,40277,2,2,0,3,7,GILA,0,NONE LISTED,2,6,2014,11,55,0,,.,3,Rural-Minor Arterial,,.,US-70,,33.30686389,-110.4911444,3,Indian Reservation,12,Motor Vehicle In-Transport,2,Front-to-Front,0,1,1,0,1,1,Daylight,1,Clear,No,0,0,0,None,None,None,1,2,Non-Interstate,4,Minor arterial,1,Daytime,1,Weekday,2,Other Crash,2,Other Crash,2,Other Crash,2,Other Crash,2,Other Crash,2,Other Crash,2,Other Crash,3,Unknown BAC Crash,2,Other Crash,2,Other Crash,1,Tribal Lands
372,2012040742,40742,1,1,0,1,17,NAVAJO,0,NONE LISTED,8,9,2012,99,99,0,,.,4,Rural-Major Collector,,.,SR-87,,35.65561944,-110.4911722,3,Indian Reservation,99,Unknown,0,Not a Collision with Motor Vehicle In-Transport,0,99,9,0,99,9,Unknown,99,Unknown,No,0,0,0,None,None,None,1,2,Non-Interstate,5,Collector,3,Unknown,2,Weekend,2,Other Crash,2,Other Crash,2,Other Crash,2,Other Crash,2,Other Crash,2,Other Crash,2,Other Crash,3,Unknown BAC Crash,2,Other Crash,2,Other Crash,1,Tribal Lands
1429,2015040745,40745,2,2,0,3,7,GILA,0,NONE LISTED,2,11,2015,99,99,0,4,Minor Arterial,,.,1,State Highway Agency,US-70,,33.307725,-110.4944333,3,Indian Reservation,12,Motor Vehicle In-Transport,99,Unknown,0,1,1,0,1,1,Daylight,99,Unknown,No,0,0,0,None,None,None,1,2,Non-Interstate,4,Minor arterial,3,Unknown,3,Unknown,2,Other Crash,2,Other Crash,2,Other Crash,2,Other Crash,2,Other Crash,2,Other Crash,2,Other Crash,3,Unknown BAC Crash,2,Other Crash,2,Other Crash,1,Tribal Lands
1329,2015040508,40508,1,1,0,1,7,GILA,0,NONE LISTED,8,8,2015,14,39,0,4,Minor Arterial,,.,1,State Highway Agency,US-60,,33.79649167,-110.4978361,0,No Special Jurisdiction,1,Rollover/Overturn,0,Not a Collision with Motor Vehicle In-Transport,0,1,1,0,4,1,Daylight,1,Clear,No,0,0,0,None,None,None,1,2,Non-Interstate,4,Minor arterial,1,Daytime,2,Weekend,1,Large Truck Involved Crash,1,Speeding Involved Crash,2,Other Crash,2,Other Crash,2,Other Crash,2,Other Crash,2,Other Crash,3,Unknown BAC Crash,2,Other Crash,2,Other Crash,1,Tribal Lands