index,accident_id,ST_CASE,VE_TOTAL,VE_FORMS,PEDS,PERSONS,COUNTY,county_name,CITY,city_name,DAY,MONTH,YEAR,HOUR,MINUTE,NHS,FUNC_SYS,func_sys_lit,ROAD_FNC,road_fnc_lit,RD_OWNER,rd_owner_lit,TWAY_ID,TWAY_ID2,LATITUDE,LONGITUD,SP_JUR,sp_jur_lit,HARM_EV,harm_ev_lit,MAN_COLL,man_coll_lit,RELJCT1,RELJCT2,TYP_INT,WRK_ZONE,REL_ROAD,LGT_COND,lgt_cond_lit,WEATHER,weather_lit,SCH_BUS,CF1,CF2,CF3,cf1_lit,cf2_lit,cf3_lit,FATALS,A_INTER,a_inter_lit,A_ROADFC,a_road_fc_lit,A_TOD,a_tod_lit,A_DOW,a_dow_lit,A_LT,a_lt_lit,A_SPCRA,a_spcra_lit,A_PED,a_ped_lit,A_PED_F,a_ped_f_lit,A_PEDAL,a_pedal_lit,A_PEDAL_F,a_pedal_f_lit,A_POLPUR,a_polour_lit,A_POSBAC,a_posbac_lit,A_DIST,a_dist_lit,A_DROWSY,a_drowsy_lit,INDIAN_RES,indian_res_lit
519,2013040281,40281,1,1,0,1,7,GILA,0,NONE LISTED,15,5,2013,23,43,0,,.,3,Rural-Minor Arterial,,.,US-60,,33.78181389,-110.50185,3,Indian Reservation,35,Embankment,0,Not a Collision with Motor Vehicle In-Transport,0,1,1,0,4,2,Dark - Not Lighted,1,Clear,No,0,0,0,None,None,None,1,2,Non-Interstate,4,Minor arterial,2,Nighttime,1,Weekday,2,Other Crash,1,Speeding Involved Crash,2,Other Crash,2,Other Crash,2,Other Crash,2,Other Crash,2,Other Crash,3,Unknown BAC Crash,2,Other Crash,2,Other Crash,1,Tribal Lands
1270,2015040376,40376,1,1,0,5,7,GILA,0,NONE LISTED,13,6,2015,7,32,0,6,Minor Collector,,.,62,Bureau of Indian Affairs,BIA 3,,33.23910556,-110.513325,3,Indian Reservation,1,Rollover/Overturn,0,Not a Collision with Motor Vehicle In-Transport,0,1,1,0,4,1,Daylight,99,Unknown,No,0,0,0,None,None,None,2,2,Non-Interstate,5,Collector,1,Daytime,2,Weekend,2,Other Crash,1,Speeding Involved Crash,2,Other Crash,2,Other Crash,2,Other Crash,2,Other Crash,2,Other Crash,1,Driver With Positive BAC Testing Crash,2,Other Crash,2,Other Crash,1,Tribal Lands
948,2014040385,40385,1,1,0,2,7,GILA,0,NONE LISTED,1,8,2014,7,0,0,,.,3,Rural-Minor Arterial,,.,US-60,,33.74511667,-110.5266833,0,No Special Jurisdiction,1,Rollover/Overturn,0,Not a Collision with Motor Vehicle In-Transport,0,1,1,0,4,1,Daylight,10,Cloudy,No,0,0,0,None,None,None,1,2,Non-Interstate,4,Minor arterial,1,Daytime,1,Weekday,2,Other Crash,1,Speeding Involved Crash,2,Other Crash,2,Other Crash,2,Other Crash,2,Other Crash,2,Other Crash,3,Unknown BAC Crash,2,Other Crash,2,Other Crash,1,Tribal Lands
930,2014040344,40344,1,1,1,1,17,NAVAJO,0,NONE LISTED,17,6,2014,99,99,0,,.,3,Rural-Minor Arterial,,.,SR-264,,35.84675833,-110.5332167,3,Indian Reservation,8,Pedestrian,0,Not a Collision with Motor Vehicle In-Transport,0,99,99,0,99,9,Unknown,99,Unknown,No,0,0,0,None,None,None,1,2,Non-Interstate,4,Minor arterial,3,Unknown,1,Weekday,2,Other Crash,2,Other Crash,1,Pedestrian Involved Crash,1,Involving a pedestrian fatality,2,Other Crash,2,Other Crash,2,Other Crash,3,Unknown BAC Crash,2,Other Crash,2,Other Crash,1,Tribal Lands
892,2014040261,40261,2,2,0,2,7,GILA,0,NONE LISTED,25,5,2014,15,45,0,,.,3,Rural-Minor Arterial,,.,US-60,,33.71375278,-110.5347806,0,No Special Jurisdiction,12,Motor Vehicle In-Transport,2,Front-to-Front,0,1,1,0,1,1,Daylight,10,Cloudy,No,0,0,0,None,None,None,1,2,Non-Interstate,4,Minor arterial,1,Daytime,2,Weekend,1,Large Truck Involved Crash,2,Other Crash,2,Other Crash,2,Other Crash,2,Other Crash,2,Other Crash,2,Other Crash,1,Driver With Positive BAC Testing Crash,2,Other Crash,2,Other Crash,0,Not Tribal Lands
1550,2016040166,40166,2,2,0,2,17,NAVAJO,0,NONE LISTED,2,4,2016,1,24,0,5,Major Collector,,.,1,State Highway Agency,SR-277,,34.43805556,-110.5353167,0,No Special Jurisdiction,12,Motor Vehicle In-Transport,2,Front-to-Front,0,1,1,0,1,2,Dark - Not Lighted,1,Clear,No,0,0,0,None,None,None,1,2,Non-Interstate,5,Collector,2,Nighttime,2,Weekend,1,Large Truck Involved Crash,2,Other Crash,2,Other Crash,2,Other Crash,2,Other Crash,2,Other Crash,2,Other Crash,3,Unknown BAC Crash,2,Other Crash,2,Other Crash,0,Not Tribal Lands
1739,2016040626,40626,1,1,0,2,17,NAVAJO,0,NONE LISTED,5,9,2016,10,36,0,7,Local,,.,98,Not Reported,WOODLAND COURT,,34.39374167,-110.5366639,0,No Special Jurisdiction,1,Rollover/Overturn,0,Not a Collision with Motor Vehicle In-Transport,0,1,1,0,1,1,Daylight,1,Clear,No,0,0,0,None,None,None,1,2,Non-Interstate,6,Local,1,Daytime,1,Weekday,2,Other Crash,1,Speeding Involved Crash,2,Other Crash,2,Other Crash,2,Other Crash,2,Other Crash,2,Other Crash,2,All Drivers With ZERO BAC Testing Crash,2,Other Crash,2,Other Crash,0,Not Tribal Lands
1119,2015040027,40027,2,2,0,2,17,NAVAJO,0,NONE LISTED,27,1,2015,15,17,0,4,Minor Arterial,,.,1,State Highway Agency,SR-264,,35.8729,-110.5628306,3,Indian Reservation,12,Motor Vehicle In-Transport,2,Front-to-Front,0,1,1,0,1,1,Daylight,1,Clear,No,0,0,0,None,None,None,1,2,Non-Interstate,4,Minor arterial,1,Daytime,1,Weekday,1,Large Truck Involved Crash,2,Other Crash,2,Other Crash,2,Other Crash,2,Other Crash,2,Other Crash,2,Other Crash,3,Unknown BAC Crash,2,Other Crash,2,Other Crash,1,Tribal Lands
1035,2014040582,40582,1,1,0,2,7,GILA,0,NONE LISTED,13,12,2014,11,53,0,,.,3,Rural-Minor Arterial,,.,US-60,,33.64365556,-110.5750139,0,No Special Jurisdiction,24,Guardrail Face,0,Not a Collision with Motor Vehicle In-Transport,0,1,1,0,4,1,Daylight,2,Rain,No,0,0,0,None,None,None,1,2,Non-Interstate,4,Minor arterial,1,Daytime,2,Weekend,2,Other Crash,1,Speeding Involved Crash,2,Other Crash,2,Other Crash,2,Other Crash,2,Other Crash,2,Other Crash,3,Unknown BAC Crash,2,Other Crash,2,Other Crash,0,Not Tribal Lands
1667,2016040430,40430,1,1,0,4,17,NAVAJO,0,NONE LISTED,3,7,2016,15,47,0,5,Major Collector,,.,1,State Highway Agency,SR-87,,35.05056944,-110.5971444,0,No Special Jurisdiction,1,Rollover/Overturn,0,Not a Collision with Motor Vehicle In-Transport,0,1,1,0,4,1,Daylight,1,Clear,No,0,0,0,None,None,None,1,2,Non-Interstate,5,Collector,1,Daytime,2,Weekend,2,Other Crash,2,Other Crash,2,Other Crash,2,Other Crash,2,Other Crash,2,Other Crash,2,Other Crash,2,All Drivers With ZERO BAC Testing Crash,2,Other Crash,2,Other Crash,0,Not Tribal Lands
989,2014040483,40483,2,2,0,2,17,NAVAJO,0,NONE LISTED,12,7,2014,13,20,0,,.,6,Rural-Local Road or Street,,.,DIRT RD,,34.38087778,-110.6020556,0,No Special Jurisdiction,12,Motor Vehicle In-Transport,7,Sideswipe - Same Direction,0,1,1,0,1,1,Daylight,1,Clear,No,0,0,0,None,None,None,1,2,Non-Interstate,6,Local,1,Daytime,2,Weekend,2,Other Crash,1,Speeding Involved Crash,2,Other Crash,2,Other Crash,2,Other Crash,2,Other Crash,2,Other Crash,3,Unknown BAC Crash,2,Other Crash,2,Other Crash,0,Not Tribal Lands
1652,2016040403,40403,1,1,0,3,7,GILA,0,NONE LISTED,10,6,2016,17,7,0,5,Major Collector,,.,62,Bureau of Indian Affairs,BIA 170 OLD SAN CARLOS RD,,33.36423056,-110.6091889,3,Indian Reservation,59,Traffic Sign Support,0,Not a Collision with Motor Vehicle In-Transport,0,1,1,0,4,1,Daylight,2,Rain,No,0,0,0,None,None,None,1,2,Non-Interstate,5,Collector,1,Daytime,1,Weekday,2,Other Crash,1,Speeding Involved Crash,2,Other Crash,2,Other Crash,2,Other Crash,2,Other Crash,2,Other Crash,3,Unknown BAC Crash,1,Involving a Distracted Driver,2,Other Crash,1,Tribal Lands
926,2014040334,40334,2,2,0,3,7,GILA,0,NONE LISTED,23,6,2014,5,1,0,,.,3,Rural-Minor Arterial,,.,US-70,,33.34743889,-110.62675,0,No Special Jurisdiction,12,Motor Vehicle In-Transport,2,Front-to-Front,0,1,1,0,1,4,Dawn,1,Clear,No,0,0,0,None,None,None,1,2,Non-Interstate,4,Minor arterial,2,Nighttime,2,Weekend,2,Other Crash,2,Other Crash,2,Other Crash,2,Other Crash,2,Other Crash,2,Other Crash,2,Other Crash,3,Unknown BAC Crash,2,Other Crash,2,Other Crash,1,Tribal Lands
272,2012040575,40575,1,1,0,1,21,PINAL,426,SAN MANUEL,30,6,2012,14,50,0,,.,6,Rural-Local Road or Street,,.,MAIN ST,,32.59965278,-110.6315333,0,No Special Jurisdiction,30,Utility Pole/Light Support,0,Not a Collision with Motor Vehicle In-Transport,0,1,1,0,5,1,Daylight,99,Unknown,No,0,0,0,None,None,None,1,2,Non-Interstate,6,Local,1,Daytime,2,Weekend,2,Other Crash,2,Other Crash,2,Other Crash,2,Other Crash,2,Other Crash,2,Other Crash,2,Other Crash,3,Unknown BAC Crash,2,Other Crash,2,Other Crash,0,Not Tribal Lands
230,2012040480,40480,1,1,0,4,7,GILA,0,NONE LISTED,4,8,2012,10,1,0,,.,4,Rural-Major Collector,,.,BIA 6,,33.35785833,-110.6369222,3,Indian Reservation,1,Rollover/Overturn,0,Not a Collision with Motor Vehicle In-Transport,0,1,1,0,4,1,Daylight,1,Clear,No,0,0,0,None,None,None,1,2,Non-Interstate,5,Collector,1,Daytime,2,Weekend,2,Other Crash,2,Other Crash,2,Other Crash,2,Other Crash,2,Other Crash,2,Other Crash,2,Other Crash,1,Driver With Positive BAC Testing Crash,1,Involving a Distracted Driver,2,Other Crash,1,Tribal Lands
259,2012040543,40543,1,1,0,3,19,PIMA,0,NONE LISTED,12,10,2012,21,8,0,,.,5,Rural-Minor Collector,,.,PISTOL HILL RD,OLD SPANISH TRL,32.07705278,-110.6484639,0,No Special Jurisdiction,42,Tree (Standing Only),0,Not a Collision with Motor Vehicle In-Transport,0,2,2,0,4,2,Dark - Not Lighted,1,Clear,No,0,0,0,None,None,None,1,2,Non-Interstate,5,Collector,2,Nighttime,2,Weekend,2,Other Crash,2,Other Crash,2,Other Crash,2,Other Crash,2,Other Crash,2,Other Crash,2,Other Crash,2,All Drivers With ZERO BAC Testing Crash,1,Involving a Distracted Driver,2,Other Crash,0,Not Tribal Lands
118,2012040249,40249,1,1,2,2,7,GILA,0,NONE LISTED,22,4,2012,20,54,0,,.,3,Rural-Minor Arterial,,.,US-70,,33.35460556,-110.6632972,3,Indian Reservation,8,Pedestrian,0,Not a Collision with Motor Vehicle In-Transport,0,1,1,0,1,2,Dark - Not Lighted,1,Clear,No,0,0,0,None,None,None,2,2,Non-Interstate,4,Minor arterial,2,Nighttime,2,Weekend,2,Other Crash,2,Other Crash,1,Pedestrian Involved Crash,1,Involving a pedestrian fatality,2,Other Crash,2,Other Crash,2,Other Crash,2,All Drivers With ZERO BAC Testing Crash,1,Involving a Distracted Driver,2,Other Crash,1,Tribal Lands
1672,2016040453,40453,2,2,0,2,7,GILA,0,NONE LISTED,22,7,2016,11,55,0,4,Minor Arterial,,.,1,State Highway Agency,US-60,,33.57045833,-110.6633583,0,No Special Jurisdiction,12,Motor Vehicle In-Transport,2,Front-to-Front,0,1,1,0,1,1,Daylight,10,Cloudy,No,0,0,0,None,None,None,1,2,Non-Interstate,4,Minor arterial,1,Daytime,1,Weekday,2,Other Crash,1,Speeding Involved Crash,2,Other Crash,2,Other Crash,2,Other Crash,2,Other Crash,2,Other Crash,3,Unknown BAC Crash,2,Other Crash,2,Other Crash,0,Not Tribal Lands
453,2013040154,40154,2,2,0,3,19,PIMA,0,NONE LISTED,2,3,2013,15,24,0,,.,4,Rural-Major Collector,,.,SR-83,GARDNER CANYON RD,31.73756389,-110.6634361,0,No Special Jurisdiction,12,Motor Vehicle In-Transport,7,Sideswipe - Same Direction,0,3,3,0,1,1,Daylight,1,Clear,No,0,0,0,None,None,None,1,2,Non-Interstate,5,Collector,1,Daytime,2,Weekend,2,Other Crash,2,Other Crash,2,Other Crash,2,Other Crash,2,Other Crash,2,Other Crash,2,Other Crash,3,Unknown BAC Crash,2,Other Crash,2,Other Crash,0,Not Tribal Lands
4,2012040005,40005,2,2,0,4,19,PIMA,530,TUCSON,4,1,2012,0,17,0,,.,4,Rural-Major Collector,,.,SR-83,,31.90023889,-110.6646333,0,No Special Jurisdiction,24,Guardrail Face,0,Not a Collision with Motor Vehicle In-Transport,0,1,1,0,4,2,Dark - Not Lighted,1,Clear,No,0,0,0,None,None,None,1,2,Non-Interstate,5,Collector,2,Nighttime,1,Weekday,2,Other Crash,1,Speeding Involved Crash,2,Other Crash,2,Other Crash,2,Other Crash,2,Other Crash,2,Other Crash,3,Unknown BAC Crash,2,Other Crash,2,Other Crash,0,Not Tribal Lands
707,2013040684,40684,1,1,0,2,17,NAVAJO,0,NONE LISTED,12,10,2013,99,99,0,,.,3,Rural-Minor Arterial,,.,SR-264,,35.90001944,-110.664975,3,Indian Reservation,99,Unknown,0,Not a Collision with Motor Vehicle In-Transport,0,99,99,0,99,9,Unknown,99,Unknown,No,0,0,0,None,None,None,1,2,Non-Interstate,4,Minor arterial,3,Unknown,2,Weekend,2,Other Crash,2,Other Crash,2,Other Crash,2,Other Crash,2,Other Crash,2,Other Crash,2,Other Crash,2,All Drivers With ZERO BAC Testing Crash,2,Other Crash,2,Other Crash,1,Tribal Lands
708,2013040686,40686,2,2,0,2,17,NAVAJO,0,NONE LISTED,13,10,2013,8,50,0,,.,3,Rural-Minor Arterial,,.,SR-264,,35.90285278,-110.6657583,3,Indian Reservation,12,Motor Vehicle In-Transport,99,Unknown,0,99,99,0,99,1,Daylight,99,Unknown,No,0,0,0,None,None,None,1,2,Non-Interstate,4,Minor arterial,1,Daytime,2,Weekend,2,Other Crash,2,Other Crash,2,Other Crash,2,Other Crash,2,Other Crash,2,Other Crash,2,Other Crash,3,Unknown BAC Crash,2,Other Crash,2,Other Crash,1,Tribal Lands
223,2012040464,40464,4,4,0,8,21,PINAL,0,NONE LISTED,28,7,2012,7,20,0,,.,3,Rural-Minor Arterial,,.,SR-77,,32.79291944,-110.6741972,0,No Special Jurisdiction,12,Motor Vehicle In-Transport,2,Front-to-Front,0,1,1,0,1,1,Daylight,10,Cloudy,No,0,0,0,None,None,None,1,2,Non-Interstate,4,Minor arterial,1,Daytime,2,Weekend,2,Other Crash,1,Speeding Involved Crash,2,Other Crash,2,Other Crash,2,Other Crash,2,Other Crash,2,Other Crash,1,Driver With Positive BAC Testing Crash,2,Other Crash,2,Other Crash,0,Not Tribal Lands
703,2013040675,40675,1,1,1,1,7,GILA,0,NONE LISTED,9,10,2013,23,29,0,,.,3,Rural-Minor Arterial,,.,US-70,,33.35671111,-110.6751194,3,Indian Reservation,8,Pedestrian,0,Not a Collision with Motor Vehicle In-Transport,0,1,1,0,1,6,Dark - Unknown Lighting,98,Not Reported,No,0,0,0,None,None,None,1,2,Non-Interstate,4,Minor arterial,2,Nighttime,1,Weekday,2,Other Crash,2,Other Crash,1,Pedestrian Involved Crash,1,Involving a pedestrian fatality,2,Other Crash,2,Other Crash,2,Other Crash,3,Unknown BAC Crash,2,Other Crash,2,Other Crash,1,Tribal Lands
1216,2015040253,40253,1,1,0,1,19,PIMA,0,NONE LISTED,6,1,2015,99,99,0,5,Major Collector,,.,1,State Highway Agency,SR-83,,31.98536389,-110.6810833,0,No Special Jurisdiction,99,Unknown,99,Unknown,0,99,99,0,99,1,Daylight,99,Unknown,No,0,0,0,None,None,None,1,2,Non-Interstate,5,Collector,3,Unknown,1,Weekday,2,Other Crash,2,Other Crash,2,Other Crash,2,Other Crash,2,Other Crash,2,Other Crash,2,Other Crash,3,Unknown BAC Crash,2,Other Crash,2,Other Crash,0,Not Tribal Lands
607,2013040437,40437,2,2,0,3,19,PIMA,0,NONE LISTED,13,7,2013,9,55,0,,.,4,Rural-Major Collector,,.,SR-83,,31.86642222,-110.68735,0,No Special Jurisdiction,12,Motor Vehicle In-Transport,7,Sideswipe - Same Direction,0,1,1,0,1,1,Daylight,10,Cloudy,No,0,0,0,None,None,None,1,2,Non-Interstate,5,Collector,1,Daytime,2,Weekend,2,Other Crash,1,Speeding Involved Crash,2,Other Crash,2,Other Crash,2,Other Crash,2,Other Crash,2,Other Crash,3,Unknown BAC Crash,2,Other Crash,2,Other Crash,0,Not Tribal Lands
1816,2016040808,40808,2,2,0,2,19,PIMA,0,NONE LISTED,8,12,2016,6,35,0,5,Major Collector,,.,2,County Highway Agency,CR-CAMINO LOMA ALTA,,32.08302778,-110.6875583,0,No Special Jurisdiction,12,Motor Vehicle In-Transport,2,Front-to-Front,0,1,1,0,1,2,Dark - Not Lighted,1,Clear,No,0,0,0,None,None,None,1,2,Non-Interstate,5,Collector,1,Daytime,1,Weekday,2,Other Crash,2,Other Crash,2,Other Crash,2,Other Crash,2,Other Crash,2,Other Crash,2,Other Crash,3,Unknown BAC Crash,2,Other Crash,2,Other Crash,0,Not Tribal Lands
1300,2015040461,40461,1,1,0,1,23,SANTA CRUZ,0,NONE LISTED,5,7,2015,4,30,0,5,Major Collector,,.,1,State Highway Agency,SR-82,,31.66125,-110.6877056,0,No Special Jurisdiction,32,Culvert,0,Not a Collision with Motor Vehicle In-Transport,0,1,1,0,4,4,Dawn,10,Cloudy,No,0,0,0,None,None,None,1,2,Non-Interstate,5,Collector,2,Nighttime,2,Weekend,2,Other Crash,2,Other Crash,2,Other Crash,2,Other Crash,2,Other Crash,2,Other Crash,2,Other Crash,1,Driver With Positive BAC Testing Crash,2,Other Crash,2,Other Crash,0,Not Tribal Lands
475,2013040197,40197,1,1,0,2,19,PIMA,0,NONE LISTED,6,4,2013,13,37,0,,.,4,Rural-Major Collector,,.,SR-83,,31.86599722,-110.6882389,0,No Special Jurisdiction,24,Guardrail Face,0,Not a Collision with Motor Vehicle In-Transport,0,1,1,0,4,1,Daylight,1,Clear,No,0,0,0,None,None,None,1,2,Non-Interstate,5,Collector,1,Daytime,2,Weekend,2,Other Crash,2,Other Crash,2,Other Crash,2,Other Crash,2,Other Crash,2,Other Crash,2,Other Crash,3,Unknown BAC Crash,2,Other Crash,2,Other Crash,0,Not Tribal Lands
1301,2015040464,40464,1,1,0,1,19,PIMA,0,NONE LISTED,11,7,2015,9,38,0,5,Major Collector,,.,1,State Highway Agency,SR-83,,31.865575,-110.6887,0,No Special Jurisdiction,24,Guardrail Face,0,Not a Collision with Motor Vehicle In-Transport,0,1,1,0,4,1,Daylight,1,Clear,No,0,0,0,None,None,None,1,2,Non-Interstate,5,Collector,1,Daytime,2,Weekend,2,Other Crash,1,Speeding Involved Crash,2,Other Crash,2,Other Crash,2,Other Crash,2,Other Crash,2,Other Crash,2,All Drivers With ZERO BAC Testing Crash,2,Other Crash,2,Other Crash,0,Not Tribal Lands
1617,2016040312,40312,2,2,0,2,19,PIMA,0,NONE LISTED,3,5,2016,17,47,0,5,Major Collector,,.,1,State Highway Agency,SR-83,I-10 FRONTAGE RD,32.00391389,-110.6897333,0,No Special Jurisdiction,12,Motor Vehicle In-Transport,6,Angle,1,2,3,0,1,1,Daylight,1,Clear,No,0,0,0,None,None,None,1,2,Non-Interstate,5,Collector,1,Daytime,1,Weekday,2,Other Crash,2,Other Crash,2,Other Crash,2,Other Crash,2,Other Crash,2,Other Crash,2,Other Crash,3,Unknown BAC Crash,2,Other Crash,2,Other Crash,0,Not Tribal Lands
155,2012040330,40330,1,1,0,1,19,PIMA,0,NONE LISTED,8,6,2012,21,54,0,,.,4,Rural-Major Collector,,.,GENERAL HITCHCOCK HWY,,32.33748056,-110.6904167,0,No Special Jurisdiction,1,Rollover/Overturn,0,Not a Collision with Motor Vehicle In-Transport,0,1,1,0,6,2,Dark - Not Lighted,1,Clear,No,0,0,0,None,None,None,1,2,Non-Interstate,5,Collector,2,Nighttime,2,Weekend,2,Other Crash,1,Speeding Involved Crash,2,Other Crash,2,Other Crash,2,Other Crash,2,Other Crash,2,Other Crash,1,Driver With Positive BAC Testing Crash,2,Other Crash,2,Other Crash,0,Not Tribal Lands
1650,2016040391,40391,1,1,0,1,19,PIMA,0,NONE LISTED,5,6,2016,17,34,1,5,Major Collector,,.,1,State Highway Agency,I-10 RAMP,,32.01000833,-110.6939028,0,No Special Jurisdiction,38,Fence,0,Not a Collision with Motor Vehicle In-Transport,1,5,1,0,4,1,Daylight,1,Clear,No,0,0,0,None,None,None,1,2,Non-Interstate,5,Collector,1,Daytime,2,Weekend,2,Other Crash,2,Other Crash,2,Other Crash,2,Other Crash,2,Other Crash,2,Other Crash,2,Other Crash,2,All Drivers With ZERO BAC Testing Crash,2,Other Crash,2,Other Crash,0,Not Tribal Lands
1517,2016040104,40104,1,1,0,2,19,PIMA,0,NONE LISTED,7,3,2016,23,8,0,7,Local,,.,98,Not Reported,SHARON RD,MOKES MILE TRL,31.99763056,-110.6976917,0,No Special Jurisdiction,42,Tree (Standing Only),0,Not a Collision with Motor Vehicle In-Transport,0,3,2,0,4,3,Dark - Lighted,10,Cloudy,No,0,0,0,None,None,None,1,2,Non-Interstate,6,Local,2,Nighttime,1,Weekday,2,Other Crash,1,Speeding Involved Crash,2,Other Crash,2,Other Crash,2,Other Crash,2,Other Crash,2,Other Crash,1,Driver With Positive BAC Testing Crash,2,Other Crash,2,Other Crash,0,Not Tribal Lands
1121,2015040030,40030,2,2,0,8,21,PINAL,0,NONE LISTED,30,1,2015,7,45,0,4,Minor Arterial,,.,1,State Highway Agency,SR-77,,32.82936944,-110.7000278,0,No Special Jurisdiction,12,Motor Vehicle In-Transport,2,Front-to-Front,0,1,1,0,1,4,Dawn,2,Rain,No,0,0,0,None,None,None,3,2,Non-Interstate,4,Minor arterial,1,Daytime,1,Weekday,2,Other Crash,2,Other Crash,2,Other Crash,2,Other Crash,2,Other Crash,2,Other Crash,2,Other Crash,2,All Drivers With ZERO BAC Testing Crash,2,Other Crash,2,Other Crash,0,Not Tribal Lands
600,2013040422,40422,1,1,0,1,19,PIMA,0,NONE LISTED,22,6,2013,20,39,0,,.,15,Urban-Collector,,.,SPEEDWAY BLVD,,32.23536667,-110.7004306,0,No Special Jurisdiction,30,Utility Pole/Light Support,0,Not a Collision with Motor Vehicle In-Transport,0,1,1,0,4,2,Dark - Not Lighted,1,Clear,No,0,0,0,None,None,None,1,2,Non-Interstate,5,Collector,2,Nighttime,2,Weekend,2,Other Crash,1,Speeding Involved Crash,2,Other Crash,2,Other Crash,2,Other Crash,2,Other Crash,2,Other Crash,2,All Drivers With ZERO BAC Testing Crash,2,Other Crash,2,Other Crash,0,Not Tribal Lands
728,2013040726,40726,2,2,0,4,21,PINAL,0,NONE LISTED,29,9,2013,8,32,0,,.,3,Rural-Minor Arterial,,.,SR-77,ARAVAIPA RD,32.84648889,-110.7116806,0,No Special Jurisdiction,12,Motor Vehicle In-Transport,6,Angle,0,2,2,0,1,1,Daylight,1,Clear,No,0,0,0,None,None,None,2,2,Non-Interstate,4,Minor arterial,1,Daytime,2,Weekend,2,Other Crash,2,Other Crash,2,Other Crash,2,Other Crash,2,Other Crash,2,Other Crash,2,Other Crash,3,Unknown BAC Crash,2,Other Crash,2,Other Crash,0,Not Tribal Lands
1390,2015040652,40652,1,1,1,2,17,NAVAJO,610,WINSLOW,24,10,2015,18,28,0,4,Minor Arterial,,.,4,City or Municipal Highway Agency,THIRD ST,,35.02977778,-110.7118333,0,No Special Jurisdiction,8,Pedestrian,0,Not a Collision with Motor Vehicle In-Transport,0,1,1,0,1,2,Dark - Not Lighted,1,Clear,No,0,0,0,None,None,None,1,2,Non-Interstate,4,Minor arterial,2,Nighttime,2,Weekend,2,Other Crash,2,Other Crash,1,Pedestrian Involved Crash,1,Involving a pedestrian fatality,2,Other Crash,2,Other Crash,2,Other Crash,2,All Drivers With ZERO BAC Testing Crash,2,Other Crash,2,Other Crash,0,Not Tribal Lands
154,2012040329,40329,2,2,0,2,19,PIMA,0,NONE LISTED,8,6,2012,18,20,0,,.,4,Rural-Major Collector,,.,SR-83,,31.81414722,-110.7120833,0,No Special Jurisdiction,12,Motor Vehicle In-Transport,2,Front-to-Front,0,1,1,0,1,1,Daylight,1,Clear,No,0,0,0,None,None,None,1,2,Non-Interstate,5,Collector,2,Nighttime,2,Weekend,2,Other Crash,2,Other Crash,2,Other Crash,2,Other Crash,2,Other Crash,2,Other Crash,2,Other Crash,3,Unknown BAC Crash,2,Other Crash,2,Other Crash,0,Not Tribal Lands
1143,2015040081,40081,1,1,0,1,7,GILA,0,NONE LISTED,16,2,2015,12,40,0,4,Minor Arterial,,.,1,State Highway Agency,SR-77,,33.08775556,-110.7151556,0,No Special Jurisdiction,24,Guardrail Face,0,Not a Collision with Motor Vehicle In-Transport,0,1,1,0,4,1,Daylight,1,Clear,No,0,0,0,None,None,None,1,2,Non-Interstate,4,Minor arterial,1,Daytime,1,Weekday,2,Other Crash,1,Speeding Involved Crash,2,Other Crash,2,Other Crash,2,Other Crash,2,Other Crash,2,Other Crash,2,All Drivers With ZERO BAC Testing Crash,2,Other Crash,2,Other Crash,0,Not Tribal Lands
1186,2015040182,40182,1,1,0,1,7,GILA,0,NONE LISTED,21,3,2015,11,0,0,4,Minor Arterial,,.,1,State Highway Agency,SR-77,,33.05151111,-110.7175278,0,No Special Jurisdiction,1,Rollover/Overturn,0,Not a Collision with Motor Vehicle In-Transport,0,1,1,0,4,1,Daylight,1,Clear,No,0,0,0,None,None,None,1,2,Non-Interstate,4,Minor arterial,1,Daytime,2,Weekend,2,Other Crash,1,Speeding Involved Crash,2,Other Crash,2,Other Crash,2,Other Crash,2,Other Crash,2,Other Crash,2,All Drivers With ZERO BAC Testing Crash,2,Other Crash,2,Other Crash,0,Not Tribal Lands
884,2014040243,40243,1,1,0,2,23,SANTA CRUZ,0,NONE LISTED,11,5,2014,17,55,0,,.,5,Rural-Minor Collector,,.,HARSHAW RD,,31.53143056,-110.7182972,0,No Special Jurisdiction,1,Rollover/Overturn,0,Not a Collision with Motor Vehicle In-Transport,0,1,1,0,1,1,Daylight,1,Clear,No,0,0,0,None,None,None,2,2,Non-Interstate,5,Collector,1,Daytime,2,Weekend,2,Other Crash,1,Speeding Involved Crash,2,Other Crash,2,Other Crash,2,Other Crash,2,Other Crash,2,Other Crash,1,Driver With Positive BAC Testing Crash,2,Other Crash,2,Other Crash,0,Not Tribal Lands
1214,2015040251,40251,2,2,0,2,23,SANTA CRUZ,0,NONE LISTED,24,4,2015,3,20,0,5,Major Collector,,.,1,State Highway Agency,SR-82,,31.614125,-110.7201194,0,No Special Jurisdiction,12,Motor Vehicle In-Transport,6,Angle,0,1,1,0,1,3,Dark - Lighted,1,Clear,No,0,0,0,None,None,None,1,2,Non-Interstate,5,Collector,2,Nighttime,1,Weekday,1,Large Truck Involved Crash,2,Other Crash,2,Other Crash,2,Other Crash,2,Other Crash,2,Other Crash,2,Other Crash,3,Unknown BAC Crash,2,Other Crash,2,Other Crash,0,Not Tribal Lands
1451,2015040813,40813,1,1,0,4,7,GILA,0,NONE LISTED,20,12,2015,12,30,0,4,Minor Arterial,,.,1,State Highway Agency,US-60,,33.47328056,-110.7231694,0,No Special Jurisdiction,35,Embankment,0,Not a Collision with Motor Vehicle In-Transport,0,1,1,0,4,1,Daylight,2,Rain,No,0,0,0,None,None,None,1,2,Non-Interstate,4,Minor arterial,1,Daytime,2,Weekend,2,Other Crash,1,Speeding Involved Crash,2,Other Crash,2,Other Crash,2,Other Crash,2,Other Crash,2,Other Crash,3,Unknown BAC Crash,2,Other Crash,2,Other Crash,0,Not Tribal Lands