index,accident_id,ST_CASE,VE_TOTAL,VE_FORMS,PEDS,PERSONS,COUNTY,county_name,CITY,city_name,DAY,MONTH,YEAR,HOUR,MINUTE,NHS,FUNC_SYS,func_sys_lit,ROAD_FNC,road_fnc_lit,RD_OWNER,rd_owner_lit,TWAY_ID,TWAY_ID2,LATITUDE,LONGITUD,SP_JUR,sp_jur_lit,HARM_EV,harm_ev_lit,MAN_COLL,man_coll_lit,RELJCT1,RELJCT2,TYP_INT,WRK_ZONE,REL_ROAD,LGT_COND,lgt_cond_lit,WEATHER,weather_lit,SCH_BUS,CF1,CF2,CF3,cf1_lit,cf2_lit,cf3_lit,FATALS,A_INTER,a_inter_lit,A_ROADFC,a_road_fc_lit,A_TOD,a_tod_lit,A_DOW,a_dow_lit,A_LT,a_lt_lit,A_SPCRA,a_spcra_lit,A_PED,a_ped_lit,A_PED_F,a_ped_f_lit,A_PEDAL,a_pedal_lit,A_PEDAL_F,a_pedal_f_lit,A_POLPUR,a_polour_lit,A_POSBAC,a_posbac_lit,A_DIST,a_dist_lit,A_DROWSY,a_drowsy_lit,INDIAN_RES,indian_res_lit
1360,2015040582,40582,2,2,0,2,19,PIMA,530,TUCSON,21,9,2015,23,32,0,4,Minor Arterial,,.,4,City or Municipal Highway Agency,ESCALANTE RD,QUEEN PALM DR,32.17730278,-110.8293861,0,No Special Jurisdiction,12,Motor Vehicle In-Transport,6,Angle,0,2,3,0,1,3,Dark - Lighted,10,Cloudy,No,0,0,0,None,None,None,1,2,Non-Interstate,4,Minor arterial,2,Nighttime,1,Weekday,2,Other Crash,1,Speeding Involved Crash,2,Other Crash,2,Other Crash,2,Other Crash,2,Other Crash,2,Other Crash,3,Unknown BAC Crash,2,Other Crash,2,Other Crash,0,Not Tribal Lands
1210,2015040236,40236,1,1,0,1,19,PIMA,530,TUCSON,20,4,2015,1,28,0,5,Major Collector,,.,4,City or Municipal Highway Agency,PRUDENCE RD,,32.18632778,-110.8323944,0,No Special Jurisdiction,42,Tree (Standing Only),0,Not a Collision with Motor Vehicle In-Transport,0,1,1,0,4,3,Dark - Lighted,1,Clear,No,0,0,0,None,None,None,1,2,Non-Interstate,5,Collector,2,Nighttime,2,Weekend,2,Other Crash,1,Speeding Involved Crash,2,Other Crash,2,Other Crash,2,Other Crash,2,Other Crash,2,Other Crash,1,Driver With Positive BAC Testing Crash,2,Other Crash,2,Other Crash,0,Not Tribal Lands
478,2013040202,40202,2,2,0,2,19,PIMA,530,TUCSON,11,4,2013,11,42,0,,.,14,Urban-Minor Arterial,,.,TANQUE VERDE RD,PASEO RANCHO ESPERANZA,32.25081389,-110.8355139,0,No Special Jurisdiction,12,Motor Vehicle In-Transport,6,Angle,0,2,2,0,1,1,Daylight,1,Clear,No,0,0,0,None,None,None,1,2,Non-Interstate,4,Minor arterial,1,Daytime,1,Weekday,2,Other Crash,2,Other Crash,2,Other Crash,2,Other Crash,2,Other Crash,2,Other Crash,2,Other Crash,2,All Drivers With ZERO BAC Testing Crash,1,Involving a Distracted Driver,2,Other Crash,0,Not Tribal Lands
1006,2014040512,40512,1,1,0,1,19,PIMA,0,NONE LISTED,10,10,2014,9,59,0,,.,14,Urban-Minor Arterial,,.,CR-KOLB RD,,32.32147222,-110.8514917,0,No Special Jurisdiction,33,Curb,0,Not a Collision with Motor Vehicle In-Transport,0,1,1,0,4,1,Daylight,1,Clear,No,0,0,0,None,None,None,1,2,Non-Interstate,4,Minor arterial,1,Daytime,1,Weekday,2,Other Crash,1,Speeding Involved Crash,2,Other Crash,2,Other Crash,2,Other Crash,2,Other Crash,2,Other Crash,2,All Drivers With ZERO BAC Testing Crash,2,Other Crash,2,Other Crash,0,Not Tribal Lands
347,2012040699,40699,1,1,0,2,5,COCONINO,0,NONE LISTED,10,11,2012,7,0,0,,.,3,Rural-Minor Arterial,,.,SR-264,,35.96032778,-110.8516722,3,Indian Reservation,1,Rollover/Overturn,0,Not a Collision with Motor Vehicle In-Transport,0,99,9,0,99,9,Unknown,99,Unknown,No,0,0,0,None,None,None,1,2,Non-Interstate,4,Minor arterial,1,Daytime,2,Weekend,2,Other Crash,2,Other Crash,2,Other Crash,2,Other Crash,2,Other Crash,2,Other Crash,2,Other Crash,2,All Drivers With ZERO BAC Testing Crash,2,Other Crash,2,Other Crash,1,Tribal Lands
1032,2014040579,40579,1,1,0,1,19,PIMA,530,TUCSON,7,12,2014,0,23,0,,.,16,Urban-Local Road or Street,,.,LITTLETOWN RD,,32.13401944,-110.8518611,0,No Special Jurisdiction,33,Curb,0,Not a Collision with Motor Vehicle In-Transport,0,1,1,0,4,3,Dark - Lighted,1,Clear,No,0,0,0,None,None,None,1,2,Non-Interstate,6,Local,2,Nighttime,2,Weekend,2,Other Crash,1,Speeding Involved Crash,2,Other Crash,2,Other Crash,2,Other Crash,2,Other Crash,2,Other Crash,2,All Drivers With ZERO BAC Testing Crash,2,Other Crash,2,Other Crash,0,Not Tribal Lands
1176,2015040164,40164,2,2,0,2,19,PIMA,530,TUCSON,20,3,2015,21,29,0,5,Major Collector,,.,4,City or Municipal Highway Agency,WILMOT RD,,32.09513333,-110.8579528,0,No Special Jurisdiction,12,Motor Vehicle In-Transport,2,Front-to-Front,0,1,1,0,1,2,Dark - Not Lighted,1,Clear,No,0,0,0,None,None,None,1,2,Non-Interstate,5,Collector,2,Nighttime,2,Weekend,2,Other Crash,2,Other Crash,2,Other Crash,2,Other Crash,2,Other Crash,2,Other Crash,2,Other Crash,1,Driver With Positive BAC Testing Crash,2,Other Crash,2,Other Crash,0,Not Tribal Lands
1383,2015040631,40631,1,1,1,1,19,PIMA,530,TUCSON,12,10,2015,13,44,0,4,Minor Arterial,,.,4,City or Municipal Highway Agency,PIMA ST,WILMOT RD,32.24336111,-110.8583333,0,No Special Jurisdiction,33,Curb,0,Not a Collision with Motor Vehicle In-Transport,0,3,3,0,3,1,Daylight,1,Clear,No,0,0,0,None,None,None,1,2,Non-Interstate,4,Minor arterial,1,Daytime,1,Weekday,2,Other Crash,2,Other Crash,1,Pedestrian Involved Crash,1,Involving a pedestrian fatality,2,Other Crash,2,Other Crash,2,Other Crash,1,Driver With Positive BAC Testing Crash,2,Other Crash,2,Other Crash,0,Not Tribal Lands
1753,2016040657,40657,2,2,0,2,19,PIMA,530,TUCSON,1,10,2016,23,11,0,4,Minor Arterial,,.,4,City or Municipal Highway Agency,PIMA ST,SAHUARA AVE,32.24336111,-110.8666889,0,No Special Jurisdiction,12,Motor Vehicle In-Transport,6,Angle,0,2,2,0,1,3,Dark - Lighted,1,Clear,No,0,0,0,None,None,None,1,2,Non-Interstate,4,Minor arterial,2,Nighttime,2,Weekend,2,Other Crash,2,Other Crash,2,Other Crash,2,Other Crash,2,Other Crash,2,Other Crash,2,Other Crash,2,All Drivers With ZERO BAC Testing Crash,2,Other Crash,2,Other Crash,0,Not Tribal Lands
445,2013040133,40133,1,1,0,2,21,PINAL,0,NONE LISTED,11,2,2013,12,24,0,,.,6,Rural-Local Road or Street,,.,RIDGEVIEW BLVD,,32.5328,-110.8688222,0,No Special Jurisdiction,1,Rollover/Overturn,0,Not a Collision with Motor Vehicle In-Transport,0,8,1,0,1,1,Daylight,1,Clear,No,0,0,0,None,None,None,1,2,Non-Interstate,6,Local,1,Daytime,1,Weekday,2,Other Crash,2,Other Crash,2,Other Crash,2,Other Crash,2,Other Crash,2,Other Crash,2,Other Crash,3,Unknown BAC Crash,2,Other Crash,2,Other Crash,0,Not Tribal Lands
970,2014040429,40429,1,1,0,4,7,GILA,300,MIAMI,19,7,2014,3,55,0,,.,6,Rural-Local Road or Street,,.,FOREST ROAD 906,,33.37618611,-110.8702083,0,No Special Jurisdiction,1,Rollover/Overturn,0,Not a Collision with Motor Vehicle In-Transport,0,1,1,0,4,2,Dark - Not Lighted,10,Cloudy,No,0,0,0,None,None,None,1,2,Non-Interstate,6,Local,2,Nighttime,2,Weekend,2,Other Crash,2,Other Crash,2,Other Crash,2,Other Crash,2,Other Crash,2,Other Crash,2,Other Crash,1,Driver With Positive BAC Testing Crash,2,Other Crash,2,Other Crash,0,Not Tribal Lands
170,2012040360,40360,1,1,0,1,7,GILA,0,NONE LISTED,2,7,2012,18,26,0,,.,6,Rural-Local Road or Street,,.,FOREST RD 906,,33.36222222,-110.8752778,0,No Special Jurisdiction,1,Rollover/Overturn,0,Not a Collision with Motor Vehicle In-Transport,0,1,1,0,6,9,Unknown,99,Unknown,No,0,0,0,None,None,None,1,2,Non-Interstate,6,Local,2,Nighttime,1,Weekday,2,Other Crash,1,Speeding Involved Crash,2,Other Crash,2,Other Crash,2,Other Crash,2,Other Crash,2,Other Crash,3,Unknown BAC Crash,2,Other Crash,2,Other Crash,0,Not Tribal Lands
549,2013040336,40336,2,2,0,4,19,PIMA,0,NONE LISTED,30,6,2013,2,30,0,,.,14,Urban-Minor Arterial,,.,RIVER RD,,32.27963611,-110.8857222,0,No Special Jurisdiction,12,Motor Vehicle In-Transport,2,Front-to-Front,0,1,1,0,1,2,Dark - Not Lighted,1,Clear,No,0,0,0,None,None,None,2,2,Non-Interstate,4,Minor arterial,2,Nighttime,2,Weekend,2,Other Crash,1,Speeding Involved Crash,2,Other Crash,2,Other Crash,2,Other Crash,2,Other Crash,2,Other Crash,1,Driver With Positive BAC Testing Crash,2,Other Crash,2,Other Crash,0,Not Tribal Lands
473,2013040192,40192,1,1,1,1,19,PIMA,530,TUCSON,4,4,2013,11,40,0,,.,14,Urban-Minor Arterial,,.,SWAN RD,,32.22099167,-110.8922361,0,No Special Jurisdiction,8,Pedestrian,0,Not a Collision with Motor Vehicle In-Transport,0,8,1,0,1,1,Daylight,10,Cloudy,No,16,0,0,Non-occupant struck vehicle,None,None,1,2,Non-Interstate,4,Minor arterial,1,Daytime,1,Weekday,2,Other Crash,2,Other Crash,1,Pedestrian Involved Crash,1,Involving a pedestrian fatality,2,Other Crash,2,Other Crash,2,Other Crash,2,All Drivers With ZERO BAC Testing Crash,2,Other Crash,2,Other Crash,0,Not Tribal Lands
521,2013040284,40284,1,1,0,1,19,PIMA,0,NONE LISTED,18,5,2013,17,5,0,,.,16,Urban-Local Road or Street,,.,IRVINGTON RD,SWAN RD,32.16293056,-110.8922389,0,No Special Jurisdiction,30,Utility Pole/Light Support,0,Not a Collision with Motor Vehicle In-Transport,0,3,10,0,4,1,Daylight,1,Clear,No,0,0,0,None,None,None,1,2,Non-Interstate,6,Local,1,Daytime,2,Weekend,2,Other Crash,1,Speeding Involved Crash,2,Other Crash,2,Other Crash,2,Other Crash,2,Other Crash,2,Other Crash,1,Driver With Positive BAC Testing Crash,2,Other Crash,2,Other Crash,0,Not Tribal Lands
342,2012040685,40685,1,1,0,1,19,PIMA,530,TUCSON,10,12,2012,15,42,0,,.,14,Urban-Minor Arterial,,.,29TH ST,COLUMBUS BLVD,32.19978056,-110.9008944,0,No Special Jurisdiction,33,Curb,0,Not a Collision with Motor Vehicle In-Transport,0,3,2,0,4,1,Daylight,1,Clear,No,0,0,0,None,None,None,1,2,Non-Interstate,4,Minor arterial,1,Daytime,1,Weekday,2,Other Crash,2,Other Crash,2,Other Crash,2,Other Crash,2,Other Crash,2,Other Crash,2,Other Crash,2,All Drivers With ZERO BAC Testing Crash,2,Other Crash,2,Other Crash,0,Not Tribal Lands
174,2012040366,40366,2,2,0,6,19,PIMA,530,TUCSON,5,7,2012,1,57,0,,.,14,Urban-Minor Arterial,,.,5TH ST,COLUMBUS BLVD,32.22884722,-110.9011528,0,No Special Jurisdiction,12,Motor Vehicle In-Transport,6,Angle,0,2,2,0,1,3,Dark - Lighted,10,Cloudy,No,20,0,0,Police Pursuit Involved,None,None,1,2,Non-Interstate,4,Minor arterial,2,Nighttime,1,Weekday,2,Other Crash,1,Speeding Involved Crash,2,Other Crash,2,Other Crash,2,Other Crash,2,Other Crash,1,Police Pursuit Involved Crash,1,Driver With Positive BAC Testing Crash,2,Other Crash,2,Other Crash,0,Not Tribal Lands
1007,2014040513,40513,3,3,0,5,19,PIMA,530,TUCSON,10,10,2014,17,7,0,,.,15,Urban-Collector,,.,COLUMBUS BLVD,BELLEVUE ST,32.23798611,-110.9011861,0,No Special Jurisdiction,12,Motor Vehicle In-Transport,6,Angle,0,2,2,0,1,5,Dusk,1,Clear,No,0,0,0,None,None,None,1,2,Non-Interstate,5,Collector,1,Daytime,1,Weekday,2,Other Crash,1,Speeding Involved Crash,2,Other Crash,2,Other Crash,2,Other Crash,2,Other Crash,2,Other Crash,3,Unknown BAC Crash,2,Other Crash,2,Other Crash,0,Not Tribal Lands
1562,2016040194,40194,1,1,0,4,21,PINAL,256,KEARNY,27,3,2016,10,48,0,5,Major Collector,,.,1,State Highway Agency,SR-177,UPTON DR,33.05856389,-110.9037944,0,No Special Jurisdiction,33,Curb,0,Not a Collision with Motor Vehicle In-Transport,0,3,2,0,4,1,Daylight,1,Clear,No,0,0,0,None,None,None,1,2,Non-Interstate,5,Collector,1,Daytime,2,Weekend,2,Other Crash,2,Other Crash,2,Other Crash,2,Other Crash,2,Other Crash,2,Other Crash,2,Other Crash,2,All Drivers With ZERO BAC Testing Crash,2,Other Crash,2,Other Crash,0,Not Tribal Lands
826,2014040123,40123,3,3,0,4,19,PIMA,530,TUCSON,26,3,2014,13,12,0,,.,14,Urban-Minor Arterial,,.,ALVERNON WAY,BENSON HWY,32.14689722,-110.909325,0,No Special Jurisdiction,12,Motor Vehicle In-Transport,6,Angle,0,2,2,0,1,1,Daylight,1,Clear,No,0,0,0,None,None,None,1,2,Non-Interstate,4,Minor arterial,1,Daytime,1,Weekday,1,Large Truck Involved Crash,2,Other Crash,2,Other Crash,2,Other Crash,2,Other Crash,2,Other Crash,2,Other Crash,3,Unknown BAC Crash,2,Other Crash,2,Other Crash,0,Not Tribal Lands
1819,2016040816,40816,1,1,1,1,19,PIMA,530,TUCSON,11,12,2016,9,55,0,7,Local,,.,98,Not Reported,EARP WASH LN,,32.13978611,-110.9100667,0,No Special Jurisdiction,8,Pedestrian,0,Not a Collision with Motor Vehicle In-Transport,0,1,1,0,1,1,Daylight,1,Clear,No,0,0,0,None,None,None,1,2,Non-Interstate,6,Local,1,Daytime,2,Weekend,2,Other Crash,2,Other Crash,1,Pedestrian Involved Crash,1,Involving a pedestrian fatality,2,Other Crash,2,Other Crash,2,Other Crash,3,Unknown BAC Crash,1,Involving a Distracted Driver,2,Other Crash,0,Not Tribal Lands
435,2013040107,40107,1,1,1,1,19,PIMA,0,NONE LISTED,12,3,2013,7,36,0,,.,6,Rural-Local Road or Street,,.,TWIN LAKES DR,,32.487625,-110.9143306,0,No Special Jurisdiction,8,Pedestrian,0,Not a Collision with Motor Vehicle In-Transport,0,1,1,0,4,2,Dark - Not Lighted,1,Clear,No,0,0,0,None,None,None,1,2,Non-Interstate,6,Local,1,Daytime,1,Weekday,2,Other Crash,2,Other Crash,1,Pedestrian Involved Crash,1,Involving a pedestrian fatality,2,Other Crash,2,Other Crash,2,Other Crash,3,Unknown BAC Crash,2,Other Crash,2,Other Crash,0,Not Tribal Lands
112,2012040241,40241,1,1,0,1,19,PIMA,530,TUCSON,13,4,2012,13,10,0,,.,16,Urban-Local Road or Street,,.,HACIENDA DEL SOL RD,,32.30357222,-110.9146361,0,No Special Jurisdiction,1,Rollover/Overturn,0,Not a Collision with Motor Vehicle In-Transport,0,1,1,0,1,1,Daylight,1,Clear,No,0,0,0,None,None,None,1,2,Non-Interstate,6,Local,1,Daytime,1,Weekday,2,Other Crash,2,Other Crash,2,Other Crash,2,Other Crash,2,Other Crash,2,Other Crash,2,Other Crash,3,Unknown BAC Crash,2,Other Crash,2,Other Crash,0,Not Tribal Lands
1231,2015040292,40292,2,2,0,3,23,SANTA CRUZ,330,NOGALES,16,5,2015,11,9,0,4,Minor Arterial,,.,1,State Highway Agency,SR-82,RANCHO GRANDE DR,31.35632778,-110.9173917,0,No Special Jurisdiction,12,Motor Vehicle In-Transport,6,Angle,0,2,3,0,1,1,Daylight,1,Clear,No,0,0,0,None,None,None,2,2,Non-Interstate,4,Minor arterial,1,Daytime,2,Weekend,1,Large Truck Involved Crash,2,Other Crash,2,Other Crash,2,Other Crash,2,Other Crash,2,Other Crash,2,Other Crash,3,Unknown BAC Crash,2,Other Crash,2,Other Crash,0,Not Tribal Lands
176,2012040370,40370,1,1,0,1,19,PIMA,530,TUCSON,16,7,2012,16,22,0,,.,16,Urban-Local Road or Street,,.,PALO VERDE RD,,32.15904444,-110.9176111,0,No Special Jurisdiction,33,Curb,0,Not a Collision with Motor Vehicle In-Transport,1,18,1,0,3,1,Daylight,10,Cloudy,No,0,0,0,None,None,None,1,2,Non-Interstate,6,Local,1,Daytime,1,Weekday,2,Other Crash,2,Other Crash,2,Other Crash,2,Other Crash,2,Other Crash,2,Other Crash,2,Other Crash,1,Driver With Positive BAC Testing Crash,2,Other Crash,2,Other Crash,0,Not Tribal Lands
180,2012040379,40379,3,3,0,4,19,PIMA,0,NONE LISTED,24,7,2012,21,21,0,,.,16,Urban-Local Road or Street,,.,PALO VERDE RD,IRVINGTON RD,32.16319722,-110.9176333,0,No Special Jurisdiction,12,Motor Vehicle In-Transport,6,Angle,0,2,2,0,1,3,Dark - Lighted,1,Clear,No,0,0,0,None,None,None,1,2,Non-Interstate,6,Local,2,Nighttime,1,Weekday,2,Other Crash,1,Speeding Involved Crash,2,Other Crash,2,Other Crash,2,Other Crash,2,Other Crash,2,Other Crash,1,Driver With Positive BAC Testing Crash,2,Other Crash,2,Other Crash,0,Not Tribal Lands
611,2013040443,40443,1,1,0,1,7,GILA,0,NONE LISTED,2,8,2013,18,11,0,,.,6,Rural-Local Road or Street,,.,FOREST ROAD 200,,34.26712778,-110.9182389,0,No Special Jurisdiction,42,Tree (Standing Only),0,Not a Collision with Motor Vehicle In-Transport,0,1,1,0,4,5,Dusk,1,Clear,No,0,0,0,None,None,None,1,2,Non-Interstate,6,Local,2,Nighttime,2,Weekend,2,Other Crash,1,Speeding Involved Crash,2,Other Crash,2,Other Crash,2,Other Crash,2,Other Crash,2,Other Crash,3,Unknown BAC Crash,2,Other Crash,2,Other Crash,0,Not Tribal Lands
1642,2016040368,40368,1,1,1,1,19,PIMA,530,TUCSON,14,6,2016,20,15,0,5,Major Collector,,.,2,County Highway Agency,CR-BENSON HWY,,32.153,-110.919075,0,No Special Jurisdiction,8,Pedestrian,0,Not a Collision with Motor Vehicle In-Transport,0,1,1,0,1,2,Dark - Not Lighted,1,Clear,No,0,0,0,None,None,None,1,2,Non-Interstate,5,Collector,2,Nighttime,1,Weekday,2,Other Crash,2,Other Crash,1,Pedestrian Involved Crash,1,Involving a pedestrian fatality,2,Other Crash,2,Other Crash,2,Other Crash,3,Unknown BAC Crash,2,Other Crash,2,Other Crash,0,Not Tribal Lands
93,2012040209,40209,1,1,0,1,19,PIMA,0,NONE LISTED,16,4,2012,5,10,0,,.,16,Urban-Local Road or Street,,.,HOLLADAY ST,,32.15062778,-110.9228167,0,No Special Jurisdiction,38,Fence,0,Not a Collision with Motor Vehicle In-Transport,0,1,1,0,5,2,Dark - Not Lighted,1,Clear,No,0,0,0,None,None,None,1,2,Non-Interstate,6,Local,2,Nighttime,2,Weekend,2,Other Crash,1,Speeding Involved Crash,2,Other Crash,2,Other Crash,2,Other Crash,2,Other Crash,2,Other Crash,1,Driver With Positive BAC Testing Crash,2,Other Crash,2,Other Crash,0,Not Tribal Lands
530,2013040297,40297,1,1,1,2,19,PIMA,0,NONE LISTED,31,5,2013,20,10,0,,.,14,Urban-Minor Arterial,,.,DREXEL RD,BONNEY RD,32.14881667,-110.9241333,0,No Special Jurisdiction,8,Pedestrian,0,Not a Collision with Motor Vehicle In-Transport,0,3,3,0,1,3,Dark - Lighted,1,Clear,No,0,0,0,None,None,None,1,2,Non-Interstate,4,Minor arterial,2,Nighttime,2,Weekend,2,Other Crash,2,Other Crash,1,Pedestrian Involved Crash,1,Involving a pedestrian fatality,2,Other Crash,2,Other Crash,2,Other Crash,3,Unknown BAC Crash,2,Other Crash,2,Other Crash,0,Not Tribal Lands
1029,2014040572,40572,1,1,0,2,19,PIMA,530,TUCSON,30,11,2014,19,17,0,,.,15,Urban-Collector,,.,COUNTRY CLUB RD,,32.16730278,-110.9263472,0,No Special Jurisdiction,21,Bridge Pier or Support,0,Not a Collision with Motor Vehicle In-Transport,0,1,1,0,4,2,Dark - Not Lighted,1,Clear,No,0,0,0,None,None,None,2,2,Non-Interstate,5,Collector,2,Nighttime,2,Weekend,2,Other Crash,2,Other Crash,2,Other Crash,2,Other Crash,2,Other Crash,2,Other Crash,2,Other Crash,1,Driver With Positive BAC Testing Crash,2,Other Crash,2,Other Crash,0,Not Tribal Lands
228,2012040477,40477,2,2,0,3,19,PIMA,530,TUCSON,3,8,2012,5,23,0,,.,15,Urban-Collector,,.,COUNTRY CLUB RD,,32.1833,-110.9264194,0,No Special Jurisdiction,12,Motor Vehicle In-Transport,6,Angle,0,8,1,0,1,4,Dawn,1,Clear,No,0,0,0,None,None,None,1,2,Non-Interstate,5,Collector,2,Nighttime,1,Weekday,1,Large Truck Involved Crash,1,Speeding Involved Crash,2,Other Crash,2,Other Crash,2,Other Crash,2,Other Crash,2,Other Crash,1,Driver With Positive BAC Testing Crash,2,Other Crash,2,Other Crash,0,Not Tribal Lands
1178,2015040167,40167,1,1,0,1,19,PIMA,530,TUCSON,22,3,2015,20,16,0,4,Minor Arterial,,.,4,City or Municipal Highway Agency,COUNTRY CLUB RD,10TH ST,32.22289722,-110.9267028,0,No Special Jurisdiction,33,Curb,0,Not a Collision with Motor Vehicle In-Transport,0,3,2,1,4,2,Dark - Not Lighted,10,Cloudy,No,0,0,0,None,None,None,1,2,Non-Interstate,4,Minor arterial,2,Nighttime,2,Weekend,2,Other Crash,1,Speeding Involved Crash,2,Other Crash,2,Other Crash,2,Other Crash,2,Other Crash,2,Other Crash,1,Driver With Positive BAC Testing Crash,2,Other Crash,2,Other Crash,0,Not Tribal Lands
620,2013040466,40466,1,1,0,1,19,PIMA,530,TUCSON,5,7,2013,6,28,0,,.,14,Urban-Minor Arterial,,.,COUNTRY CLUB RD,,32.23214722,-110.9267444,0,No Special Jurisdiction,33,Curb,0,Not a Collision with Motor Vehicle In-Transport,0,1,1,0,4,4,Dawn,1,Clear,No,0,0,0,None,None,None,1,2,Non-Interstate,4,Minor arterial,1,Daytime,1,Weekday,2,Other Crash,2,Other Crash,2,Other Crash,2,Other Crash,2,Other Crash,2,Other Crash,2,Other Crash,1,Driver With Positive BAC Testing Crash,2,Other Crash,2,Other Crash,0,Not Tribal Lands
434,2013040104,40104,1,1,0,3,19,PIMA,0,NONE LISTED,10,3,2013,18,52,0,,.,16,Urban-Local Road or Street,,.,CAMPBELL AVE,INA RD,32.33730833,-110.9267778,0,No Special Jurisdiction,33,Curb,0,Not a Collision with Motor Vehicle In-Transport,0,3,6,0,3,2,Dark - Not Lighted,1,Clear,No,0,0,0,None,None,None,1,2,Non-Interstate,6,Local,2,Nighttime,2,Weekend,2,Other Crash,1,Speeding Involved Crash,2,Other Crash,2,Other Crash,2,Other Crash,2,Other Crash,2,Other Crash,1,Driver With Positive BAC Testing Crash,2,Other Crash,2,Other Crash,0,Not Tribal Lands
386,2013040014,40014,1,1,0,1,23,SANTA CRUZ,330,NOGALES,13,1,2013,12,14,0,,.,14,Urban-Minor Arterial,,.,MORLEY AVE,,31.34882778,-110.9272611,0,No Special Jurisdiction,33,Curb,0,Not a Collision with Motor Vehicle In-Transport,0,1,1,0,4,1,Daylight,1,Clear,No,20,0,0,Police Pursuit Involved,None,None,1,2,Non-Interstate,4,Minor arterial,1,Daytime,2,Weekend,2,Other Crash,1,Speeding Involved Crash,2,Other Crash,2,Other Crash,2,Other Crash,2,Other Crash,1,Police Pursuit Involved Crash,2,All Drivers With ZERO BAC Testing Crash,2,Other Crash,2,Other Crash,0,Not Tribal Lands
1296,2015040447,40447,1,1,0,4,19,PIMA,530,TUCSON,27,7,2015,1,50,0,4,Minor Arterial,,.,4,City or Municipal Highway Agency,6TH ST,,32.22821667,-110.927375,0,No Special Jurisdiction,33,Curb,0,Not a Collision with Motor Vehicle In-Transport,0,1,1,0,4,3,Dark - Lighted,1,Clear,No,0,0,0,None,None,None,3,2,Non-Interstate,4,Minor arterial,2,Nighttime,2,Weekend,2,Other Crash,1,Speeding Involved Crash,2,Other Crash,2,Other Crash,2,Other Crash,2,Other Crash,2,Other Crash,1,Driver With Positive BAC Testing Crash,2,Other Crash,2,Other Crash,0,Not Tribal Lands
152,2012040325,40325,1,1,0,1,23,SANTA CRUZ,330,NOGALES,3,6,2012,22,36,0,,.,16,Urban-Local Road or Street,,.,HOHOKAM DR,CALLE SONORA,31.36382778,-110.9299222,0,No Special Jurisdiction,33,Curb,0,Not a Collision with Motor Vehicle In-Transport,0,1,1,0,4,3,Dark - Lighted,1,Clear,No,0,0,0,None,None,None,1,2,Non-Interstate,6,Local,2,Nighttime,2,Weekend,2,Other Crash,1,Speeding Involved Crash,2,Other Crash,2,Other Crash,2,Other Crash,2,Other Crash,2,Other Crash,1,Driver With Positive BAC Testing Crash,2,Other Crash,2,Other Crash,0,Not Tribal Lands
55,2012040117,40117,1,1,1,2,23,SANTA CRUZ,330,NOGALES,1,3,2012,20,24,0,,.,16,Urban-Local Road or Street,,.,BECK ST,,31.33668333,-110.9344056,0,No Special Jurisdiction,8,Pedestrian,0,Not a Collision with Motor Vehicle In-Transport,0,1,1,0,1,2,Dark - Not Lighted,1,Clear,No,0,0,0,None,None,None,1,2,Non-Interstate,6,Local,2,Nighttime,1,Weekday,2,Other Crash,2,Other Crash,1,Pedestrian Involved Crash,1,Involving a pedestrian fatality,2,Other Crash,2,Other Crash,2,Other Crash,3,Unknown BAC Crash,1,Involving a Distracted Driver,2,Other Crash,0,Not Tribal Lands
647,2013040525,40525,3,3,0,5,19,PIMA,530,TUCSON,16,9,2013,6,56,1,,.,14,Urban-Minor Arterial,,.,IRVINGTON RD,BENSON HWY,32.16320556,-110.9357194,0,No Special Jurisdiction,12,Motor Vehicle In-Transport,1,Front-to-Rear,0,3,2,0,1,1,Daylight,1,Clear,No,0,0,0,None,None,None,1,2,Non-Interstate,4,Minor arterial,1,Daytime,1,Weekday,2,Other Crash,2,Other Crash,2,Other Crash,2,Other Crash,2,Other Crash,2,Other Crash,2,Other Crash,2,All Drivers With ZERO BAC Testing Crash,2,Other Crash,2,Other Crash,0,Not Tribal Lands
1716,2016040563,40563,3,3,0,3,19,PIMA,530,TUCSON,16,9,2016,7,20,0,4,Minor Arterial,,.,4,City or Municipal Highway Agency,FORT LOWELL RD,TUCSON BLVD,32.26486944,-110.9357583,0,No Special Jurisdiction,12,Motor Vehicle In-Transport,7,Sideswipe - Same Direction,0,3,2,0,1,1,Daylight,1,Clear,No,0,0,0,None,None,None,1,2,Non-Interstate,4,Minor arterial,1,Daytime,1,Weekday,2,Other Crash,1,Speeding Involved Crash,2,Other Crash,2,Other Crash,2,Other Crash,2,Other Crash,2,Other Crash,3,Unknown BAC Crash,2,Other Crash,2,Other Crash,0,Not Tribal Lands
76,2012040169,40169,2,2,0,2,19,PIMA,0,NONE LISTED,12,3,2012,14,12,0,,.,14,Urban-Minor Arterial,,.,CAMPBELL AVE,CAMINO MIRAVAL,32.306625,-110.9366917,0,No Special Jurisdiction,12,Motor Vehicle In-Transport,1,Front-to-Rear,0,2,2,0,1,1,Daylight,1,Clear,No,0,0,0,None,None,None,1,2,Non-Interstate,4,Minor arterial,1,Daytime,1,Weekday,2,Other Crash,1,Speeding Involved Crash,2,Other Crash,2,Other Crash,2,Other Crash,2,Other Crash,2,Other Crash,3,Unknown BAC Crash,2,Other Crash,2,Other Crash,0,Not Tribal Lands