index,accident_id,ST_CASE,VE_TOTAL,VE_FORMS,PEDS,PERSONS,COUNTY,county_name,CITY,city_name,DAY,MONTH,YEAR,HOUR,MINUTE,NHS,FUNC_SYS,func_sys_lit,ROAD_FNC,road_fnc_lit,RD_OWNER,rd_owner_lit,TWAY_ID,TWAY_ID2,LATITUDE,LONGITUD,SP_JUR,sp_jur_lit,HARM_EV,harm_ev_lit,MAN_COLL,man_coll_lit,RELJCT1,RELJCT2,TYP_INT,WRK_ZONE,REL_ROAD,LGT_COND,lgt_cond_lit,WEATHER,weather_lit,SCH_BUS,CF1,CF2,CF3,cf1_lit,cf2_lit,cf3_lit,FATALS,A_INTER,a_inter_lit,A_ROADFC,a_road_fc_lit,A_TOD,a_tod_lit,A_DOW,a_dow_lit,A_LT,a_lt_lit,A_SPCRA,a_spcra_lit,A_PED,a_ped_lit,A_PED_F,a_ped_f_lit,A_PEDAL,a_pedal_lit,A_PEDAL_F,a_pedal_f_lit,A_POLPUR,a_polour_lit,A_POSBAC,a_posbac_lit,A_DIST,a_dist_lit,A_DROWSY,a_drowsy_lit,INDIAN_RES,indian_res_lit
351,2012040709,40709,1,1,0,1,19,PIMA,530,TUCSON,9,11,2012,19,49,0,,.,16,Urban-Local Road or Street,,.,CAMINTO CALLADO,,32.29005833,-110.9370056,0,No Special Jurisdiction,2,Fire/Explosion,0,Not a Collision with Motor Vehicle In-Transport,0,4,1,0,4,6,Dark - Unknown Lighting,98,Not Reported,No,0,0,0,None,None,None,1,2,Non-Interstate,6,Local,2,Nighttime,2,Weekend,2,Other Crash,2,Other Crash,2,Other Crash,2,Other Crash,2,Other Crash,2,Other Crash,2,Other Crash,1,Driver With Positive BAC Testing Crash,2,Other Crash,2,Other Crash,0,Not Tribal Lands
1271,2015040378,40378,1,1,0,1,5,COCONINO,0,NONE LISTED,14,6,2015,21,26,0,6,Minor Collector,,.,1,State Highway Agency,SR-99,,35.18970833,-110.9378833,0,No Special Jurisdiction,1,Rollover/Overturn,0,Not a Collision with Motor Vehicle In-Transport,0,1,1,0,4,2,Dark - Not Lighted,1,Clear,No,0,0,0,None,None,None,1,2,Non-Interstate,5,Collector,2,Nighttime,2,Weekend,2,Other Crash,1,Speeding Involved Crash,2,Other Crash,2,Other Crash,2,Other Crash,2,Other Crash,2,Other Crash,1,Driver With Positive BAC Testing Crash,2,Other Crash,2,Other Crash,1,Tribal Lands
1031,2014040578,40578,1,1,0,1,19,PIMA,530,TUCSON,5,12,2014,16,43,0,,.,14,Urban-Minor Arterial,,.,PRINCE RD,,32.27224444,-110.9401417,0,No Special Jurisdiction,30,Utility Pole/Light Support,0,Not a Collision with Motor Vehicle In-Transport,0,1,1,0,4,1,Daylight,1,Clear,No,0,0,0,None,None,None,1,2,Non-Interstate,4,Minor arterial,1,Daytime,1,Weekday,2,Other Crash,2,Other Crash,2,Other Crash,2,Other Crash,2,Other Crash,2,Other Crash,2,Other Crash,1,Driver With Positive BAC Testing Crash,2,Other Crash,2,Other Crash,0,Not Tribal Lands
1637,2016040353,40353,1,1,1,1,19,PIMA,530,TUCSON,4,6,2016,20,22,0,4,Minor Arterial,,.,4,City or Municipal Highway Agency,PRINCE RD,,32.27224167,-110.9413361,0,No Special Jurisdiction,8,Pedestrian,0,Not a Collision with Motor Vehicle In-Transport,0,1,1,0,1,2,Dark - Not Lighted,1,Clear,No,0,0,0,None,None,None,1,2,Non-Interstate,4,Minor arterial,2,Nighttime,2,Weekend,2,Other Crash,2,Other Crash,1,Pedestrian Involved Crash,1,Involving a pedestrian fatality,2,Other Crash,2,Other Crash,2,Other Crash,2,All Drivers With ZERO BAC Testing Crash,2,Other Crash,2,Other Crash,0,Not Tribal Lands
575,2013040387,40387,1,1,1,1,19,PIMA,530,TUCSON,15,7,2013,16,46,0,,.,14,Urban-Minor Arterial,,.,CAMPBELL AVE,,32.15968611,-110.9434139,0,No Special Jurisdiction,8,Pedestrian,0,Not a Collision with Motor Vehicle In-Transport,0,1,1,0,1,1,Daylight,10,Cloudy,No,0,0,0,None,None,None,1,2,Non-Interstate,4,Minor arterial,1,Daytime,1,Weekday,2,Other Crash,2,Other Crash,1,Pedestrian Involved Crash,1,Involving a pedestrian fatality,2,Other Crash,2,Other Crash,2,Other Crash,2,All Drivers With ZERO BAC Testing Crash,1,Involving a Distracted Driver,2,Other Crash,0,Not Tribal Lands
278,2012040581,40581,1,1,1,1,19,PIMA,530,TUCSON,27,9,2012,18,48,0,,.,14,Urban-Minor Arterial,,.,CAMPBELL AVE,,32.163125,-110.9434389,0,No Special Jurisdiction,8,Pedestrian,0,Not a Collision with Motor Vehicle In-Transport,0,1,1,0,1,3,Dark - Lighted,1,Clear,No,0,0,0,None,None,None,1,2,Non-Interstate,4,Minor arterial,2,Nighttime,1,Weekday,2,Other Crash,2,Other Crash,1,Pedestrian Involved Crash,1,Involving a pedestrian fatality,2,Other Crash,2,Other Crash,2,Other Crash,2,All Drivers With ZERO BAC Testing Crash,1,Involving a Distracted Driver,2,Other Crash,0,Not Tribal Lands
153,2012040326,40326,2,1,1,0,23,SANTA CRUZ,330,NOGALES,6,6,2012,11,54,0,,.,16,Urban-Local Road or Street,,.,HUGHES ST,,31.34950556,-110.9452944,0,No Special Jurisdiction,8,Pedestrian,0,Not a Collision with Motor Vehicle In-Transport,0,1,1,0,1,1,Daylight,1,Clear,No,0,0,0,None,None,None,1,2,Non-Interstate,6,Local,1,Daytime,1,Weekday,2,Other Crash,2,Other Crash,1,Pedestrian Involved Crash,1,Involving a pedestrian fatality,2,Other Crash,2,Other Crash,2,Other Crash,2,All Drivers With ZERO BAC Testing Crash,2,Other Crash,2,Other Crash,0,Not Tribal Lands
277,2012040580,40580,1,1,1,1,19,PIMA,530,TUCSON,18,9,2012,18,14,0,,.,14,Urban-Minor Arterial,,.,PRINCED RD,,32.272175,-110.9482389,0,No Special Jurisdiction,9,Pedalcyclist,0,Not a Collision with Motor Vehicle In-Transport,0,1,1,0,1,5,Dusk,1,Clear,No,0,0,0,None,None,None,1,2,Non-Interstate,4,Minor arterial,2,Nighttime,1,Weekday,2,Other Crash,2,Other Crash,2,Other Crash,2,Other Crash,1,Pedalcyclist Involved Crash,1,Involving a pedacyclist fatality,2,Other Crash,2,All Drivers With ZERO BAC Testing Crash,2,Other Crash,2,Other Crash,0,Not Tribal Lands
1202,2015040211,40211,2,2,0,2,19,PIMA,0,NONE LISTED,1,4,2015,14,37,0,4,Minor Arterial,,.,2,County Highway Agency,CR-NOGALES HWY,,32.04008611,-110.9486583,0,No Special Jurisdiction,12,Motor Vehicle In-Transport,2,Front-to-Front,0,1,1,0,1,1,Daylight,1,Clear,No,0,0,0,None,None,None,1,2,Non-Interstate,4,Minor arterial,1,Daytime,1,Weekday,2,Other Crash,2,Other Crash,2,Other Crash,2,Other Crash,2,Other Crash,2,Other Crash,2,Other Crash,3,Unknown BAC Crash,2,Other Crash,2,Other Crash,0,Not Tribal Lands
1273,2015040385,40385,3,3,0,5,19,PIMA,530,TUCSON,22,6,2015,15,20,0,4,Minor Arterial,,.,4,City or Municipal Highway Agency,ROGER RD,VINE AVE,32.27944722,-110.9503028,0,No Special Jurisdiction,12,Motor Vehicle In-Transport,1,Front-to-Rear,0,2,3,0,1,1,Daylight,1,Clear,No,0,0,0,None,None,None,1,2,Non-Interstate,4,Minor arterial,1,Daytime,1,Weekday,2,Other Crash,2,Other Crash,2,Other Crash,2,Other Crash,2,Other Crash,2,Other Crash,2,Other Crash,3,Unknown BAC Crash,2,Other Crash,2,Other Crash,0,Not Tribal Lands
1669,2016040437,40437,1,1,1,1,19,PIMA,530,TUCSON,11,7,2016,7,5,0,4,Minor Arterial,,.,4,City or Municipal Highway Agency,FORT LOWELL RD,MOUNTAIN AVE,32.26486944,-110.9523861,0,No Special Jurisdiction,9,Pedalcyclist,0,Not a Collision with Motor Vehicle In-Transport,0,2,2,0,1,1,Daylight,1,Clear,No,0,0,0,None,None,None,1,2,Non-Interstate,4,Minor arterial,1,Daytime,1,Weekday,2,Other Crash,2,Other Crash,2,Other Crash,2,Other Crash,1,Pedalcyclist Involved Crash,1,Involving a pedacyclist fatality,2,Other Crash,3,Unknown BAC Crash,2,Other Crash,2,Other Crash,0,Not Tribal Lands
887,2014040249,40249,2,2,0,2,19,PIMA,530,TUCSON,17,5,2014,2,35,0,,.,14,Urban-Minor Arterial,,.,ROGER RD,MOUNTAIN AVE,32.27941667,-110.9529806,0,No Special Jurisdiction,12,Motor Vehicle In-Transport,1,Front-to-Rear,0,3,2,0,1,3,Dark - Lighted,1,Clear,No,0,0,0,None,None,None,1,2,Non-Interstate,4,Minor arterial,2,Nighttime,2,Weekend,2,Other Crash,2,Other Crash,2,Other Crash,2,Other Crash,2,Other Crash,2,Other Crash,2,Other Crash,1,Driver With Positive BAC Testing Crash,2,Other Crash,2,Other Crash,0,Not Tribal Lands
1522,2016040113,40113,1,1,0,1,19,PIMA,0,NONE LISTED,20,3,2016,17,55,0,7,Local,,.,98,Not Reported,OLD NOGALES HWY,,32.065,-110.9530583,0,No Special Jurisdiction,38,Fence,0,Not a Collision with Motor Vehicle In-Transport,0,1,1,0,4,5,Dusk,1,Clear,No,0,0,0,None,None,None,1,2,Non-Interstate,6,Local,1,Daytime,2,Weekend,2,Other Crash,1,Speeding Involved Crash,2,Other Crash,2,Other Crash,2,Other Crash,2,Other Crash,2,Other Crash,1,Driver With Positive BAC Testing Crash,2,Other Crash,2,Other Crash,0,Not Tribal Lands
1644,2016040375,40375,2,2,0,3,19,PIMA,530,TUCSON,18,6,2016,8,25,0,7,Local,,.,99,Unknown,AEROSPACE PKWY,,32.09025556,-110.9540639,0,No Special Jurisdiction,12,Motor Vehicle In-Transport,99,Unknown,0,1,1,0,1,1,Daylight,1,Clear,No,0,0,0,None,None,None,2,2,Non-Interstate,6,Local,1,Daytime,2,Weekend,2,Other Crash,2,Other Crash,2,Other Crash,2,Other Crash,2,Other Crash,2,Other Crash,2,Other Crash,2,All Drivers With ZERO BAC Testing Crash,2,Other Crash,2,Other Crash,0,Not Tribal Lands
614,2013040449,40449,1,1,1,3,19,PIMA,530,TUCSON,9,8,2013,22,59,1,,.,14,Urban-Minor Arterial,,.,IRVINGTON RD,FREMONT AVE,32.16333889,-110.9551,0,No Special Jurisdiction,8,Pedestrian,0,Not a Collision with Motor Vehicle In-Transport,0,3,3,0,1,3,Dark - Lighted,1,Clear,No,0,0,0,None,None,None,1,2,Non-Interstate,4,Minor arterial,2,Nighttime,2,Weekend,2,Other Crash,2,Other Crash,1,Pedestrian Involved Crash,1,Involving a pedestrian fatality,2,Other Crash,2,Other Crash,2,Other Crash,3,Unknown BAC Crash,2,Other Crash,2,Other Crash,0,Not Tribal Lands
977,2014040446,40446,2,2,0,8,5,COCONINO,0,NONE LISTED,30,8,2014,22,8,0,,.,4,Rural-Major Collector,,.,SR-98,,36.61703889,-110.9560833,3,Indian Reservation,12,Motor Vehicle In-Transport,2,Front-to-Front,0,1,1,0,1,2,Dark - Not Lighted,1,Clear,No,0,0,0,None,None,None,3,2,Non-Interstate,5,Collector,2,Nighttime,2,Weekend,2,Other Crash,2,Other Crash,2,Other Crash,2,Other Crash,2,Other Crash,2,Other Crash,2,Other Crash,3,Unknown BAC Crash,2,Other Crash,2,Other Crash,1,Tribal Lands
806,2014040084,40084,1,1,0,1,19,PIMA,530,TUCSON,23,3,2014,9,1,0,,.,14,Urban-Minor Arterial,,.,PARK AVE,,32.16275278,-110.9561278,0,No Special Jurisdiction,33,Curb,0,Not a Collision with Motor Vehicle In-Transport,0,1,1,0,4,1,Daylight,1,Clear,No,0,0,0,None,None,None,1,2,Non-Interstate,4,Minor arterial,1,Daytime,2,Weekend,2,Other Crash,1,Speeding Involved Crash,2,Other Crash,2,Other Crash,2,Other Crash,2,Other Crash,2,Other Crash,3,Unknown BAC Crash,2,Other Crash,2,Other Crash,0,Not Tribal Lands
1115,2015040011,40011,1,1,0,2,19,PIMA,530,TUCSON,11,1,2015,7,17,0,4,Minor Arterial,,.,4,City or Municipal Highway Agency,PARK AVE,,32.19159722,-110.9563722,0,No Special Jurisdiction,30,Utility Pole/Light Support,0,Not a Collision with Motor Vehicle In-Transport,0,1,1,0,4,1,Daylight,10,Cloudy,No,0,0,0,None,None,None,1,2,Non-Interstate,4,Minor arterial,1,Daytime,2,Weekend,2,Other Crash,1,Speeding Involved Crash,2,Other Crash,2,Other Crash,2,Other Crash,2,Other Crash,2,Other Crash,1,Driver With Positive BAC Testing Crash,2,Other Crash,2,Other Crash,0,Not Tribal Lands
1798,2016040773,40773,1,1,1,1,13,MARICOPA,0,NONE LISTED,12,11,2016,2,51,0,4,Minor Arterial,,.,2,County Highway Agency,SR-19B NOGALES HWY,,32.11846667,-110.9607333,0,No Special Jurisdiction,8,Pedestrian,0,Not a Collision with Motor Vehicle In-Transport,0,1,1,0,1,2,Dark - Not Lighted,1,Clear,No,0,0,0,None,None,None,1,2,Non-Interstate,4,Minor arterial,2,Nighttime,2,Weekend,2,Other Crash,2,Other Crash,1,Pedestrian Involved Crash,1,Involving a pedestrian fatality,2,Other Crash,2,Other Crash,2,Other Crash,2,All Drivers With ZERO BAC Testing Crash,2,Other Crash,2,Other Crash,1,Tribal Lands
234,2012040487,40487,1,1,1,1,19,PIMA,530,TUCSON,13,8,2012,22,32,0,,.,14,Urban-Minor Arterial,,.,1ST AVE,,32.27943056,-110.9610778,0,No Special Jurisdiction,8,Pedestrian,0,Not a Collision with Motor Vehicle In-Transport,0,1,1,0,1,3,Dark - Lighted,1,Clear,No,0,0,0,None,None,None,1,2,Non-Interstate,4,Minor arterial,2,Nighttime,1,Weekday,2,Other Crash,2,Other Crash,1,Pedestrian Involved Crash,1,Involving a pedestrian fatality,2,Other Crash,2,Other Crash,2,Other Crash,2,All Drivers With ZERO BAC Testing Crash,2,Other Crash,2,Other Crash,0,Not Tribal Lands
20,2012040043,40043,2,2,0,2,19,PIMA,530,TUCSON,3,1,2012,9,42,0,,.,14,Urban-Minor Arterial,,.,ROGER RD,1ST AVE,32.27933889,-110.96115,0,No Special Jurisdiction,12,Motor Vehicle In-Transport,1,Front-to-Rear,0,3,2,0,1,1,Daylight,1,Clear,No,0,0,0,None,None,None,1,2,Non-Interstate,4,Minor arterial,1,Daytime,1,Weekday,2,Other Crash,1,Speeding Involved Crash,2,Other Crash,2,Other Crash,2,Other Crash,2,Other Crash,2,Other Crash,3,Unknown BAC Crash,2,Other Crash,2,Other Crash,0,Not Tribal Lands
1580,2016040234,40234,1,1,1,1,19,PIMA,355,ORO VALLEY,27,4,2016,8,13,0,4,Minor Arterial,,.,3,Town or Township Highway Agency,1ST AVE,STRADA PATANIA,32.41902222,-110.96125,0,No Special Jurisdiction,33,Curb,0,Not a Collision with Motor Vehicle In-Transport,0,3,3,0,3,1,Daylight,1,Clear,No,0,0,0,None,None,None,1,2,Non-Interstate,4,Minor arterial,1,Daytime,1,Weekday,2,Other Crash,1,Speeding Involved Crash,1,Pedestrian Involved Crash,1,Involving a pedestrian fatality,2,Other Crash,2,Other Crash,2,Other Crash,3,Unknown BAC Crash,2,Other Crash,2,Other Crash,0,Not Tribal Lands
1358,2015040576,40576,1,1,2,1,19,PIMA,530,TUCSON,12,9,2015,23,40,0,4,Minor Arterial,,.,4,City or Municipal Highway Agency,SR-19B NOGALES HWY,ARAGON RD,32.12859722,-110.9612694,0,No Special Jurisdiction,8,Pedestrian,0,Not a Collision with Motor Vehicle In-Transport,0,3,3,0,1,2,Dark - Not Lighted,1,Clear,No,0,0,0,None,None,None,1,2,Non-Interstate,4,Minor arterial,2,Nighttime,2,Weekend,2,Other Crash,2,Other Crash,1,Pedestrian Involved Crash,1,Involving a pedestrian fatality,2,Other Crash,2,Other Crash,2,Other Crash,1,Driver With Positive BAC Testing Crash,2,Other Crash,2,Other Crash,0,Not Tribal Lands
527,2013040294,40294,1,1,0,3,5,COCONINO,0,NONE LISTED,29,5,2013,20,34,0,,.,4,Rural-Major Collector,,.,SR-87,,34.82013056,-110.9623306,0,No Special Jurisdiction,11,Live Animal,0,Not a Collision with Motor Vehicle In-Transport,0,1,1,0,1,2,Dark - Not Lighted,1,Clear,No,0,0,0,None,None,None,1,2,Non-Interstate,5,Collector,2,Nighttime,1,Weekday,2,Other Crash,2,Other Crash,2,Other Crash,2,Other Crash,2,Other Crash,2,Other Crash,2,Other Crash,2,All Drivers With ZERO BAC Testing Crash,2,Other Crash,2,Other Crash,0,Not Tribal Lands
1379,2015040619,40619,1,1,0,1,19,PIMA,530,TUCSON,21,9,2015,17,35,0,4,Minor Arterial,,.,4,City or Municipal Highway Agency,4TH AVE,,32.225,-110.9656,0,No Special Jurisdiction,1,Rollover/Overturn,0,Not a Collision with Motor Vehicle In-Transport,0,1,1,0,1,1,Daylight,10,Cloudy,No,0,0,0,None,None,None,1,2,Non-Interstate,4,Minor arterial,1,Daytime,1,Weekday,2,Other Crash,2,Other Crash,2,Other Crash,2,Other Crash,2,Other Crash,2,Other Crash,2,Other Crash,1,Driver With Positive BAC Testing Crash,2,Other Crash,2,Other Crash,0,Not Tribal Lands
1764,2016040679,40679,1,1,0,1,19,PIMA,355,ORO VALLEY,23,10,2016,22,37,0,7,Local,,.,98,Not Reported,PUSCH VIEW LN,,32.39782222,-110.9668639,0,No Special Jurisdiction,23,Bridge Rail (Includes parapet),0,Not a Collision with Motor Vehicle In-Transport,0,1,1,0,4,2,Dark - Not Lighted,1,Clear,No,0,0,0,None,None,None,1,2,Non-Interstate,6,Local,2,Nighttime,2,Weekend,2,Other Crash,1,Speeding Involved Crash,2,Other Crash,2,Other Crash,2,Other Crash,2,Other Crash,2,Other Crash,1,Driver With Positive BAC Testing Crash,2,Other Crash,2,Other Crash,0,Not Tribal Lands
1494,2016040063,40063,2,2,0,2,19,PIMA,530,TUCSON,22,2,2016,11,53,1,4,Minor Arterial,,.,4,City or Municipal Highway Agency,WETMORE RD,STONE AVE,32.28655833,-110.96995,0,No Special Jurisdiction,12,Motor Vehicle In-Transport,7,Sideswipe - Same Direction,0,3,2,0,1,1,Daylight,1,Clear,No,0,0,0,None,None,None,1,2,Non-Interstate,4,Minor arterial,1,Daytime,1,Weekday,2,Other Crash,2,Other Crash,2,Other Crash,2,Other Crash,2,Other Crash,2,Other Crash,2,Other Crash,3,Unknown BAC Crash,2,Other Crash,2,Other Crash,0,Not Tribal Lands
780,2014040033,40033,1,1,1,5,7,GILA,0,NONE LISTED,9,2,2014,17,3,0,,.,5,Rural-Minor Collector,,.,SR-288,,33.79785,-110.9713889,0,No Special Jurisdiction,15,Non-Motorist on Personal Conveyance,0,Not a Collision with Motor Vehicle In-Transport,0,1,1,0,1,1,Daylight,1,Clear,No,0,0,0,None,None,None,1,2,Non-Interstate,5,Collector,1,Daytime,2,Weekend,2,Other Crash,2,Other Crash,2,Other Crash,2,Other Crash,2,Other Crash,2,Other Crash,2,Other Crash,3,Unknown BAC Crash,2,Other Crash,2,Other Crash,0,Not Tribal Lands
517,2013040278,40278,2,2,0,9,23,SANTA CRUZ,392,RIO RICO,12,5,2013,20,41,0,,.,6,Rural-Local Road or Street,,.,PENDLETON DR,,31.46333056,-110.9737833,0,No Special Jurisdiction,12,Motor Vehicle In-Transport,2,Front-to-Front,0,1,1,0,1,2,Dark - Not Lighted,1,Clear,No,0,0,0,None,None,None,2,2,Non-Interstate,6,Local,2,Nighttime,2,Weekend,2,Other Crash,1,Speeding Involved Crash,2,Other Crash,2,Other Crash,2,Other Crash,2,Other Crash,2,Other Crash,1,Driver With Positive BAC Testing Crash,2,Other Crash,2,Other Crash,0,Not Tribal Lands
1824,2016040825,40825,2,2,0,9,19,PIMA,530,TUCSON,23,12,2016,23,14,0,5,Major Collector,,.,4,City or Municipal Highway Agency,GLENN ST,CASTRO AVE,32.25758611,-110.9741306,0,No Special Jurisdiction,12,Motor Vehicle In-Transport,6,Angle,0,2,2,0,1,3,Dark - Lighted,1,Clear,No,0,0,0,None,None,None,1,2,Non-Interstate,5,Collector,2,Nighttime,2,Weekend,2,Other Crash,1,Speeding Involved Crash,2,Other Crash,2,Other Crash,2,Other Crash,2,Other Crash,2,Other Crash,2,All Drivers With ZERO BAC Testing Crash,2,Other Crash,2,Other Crash,0,Not Tribal Lands
423,2013040077,40077,1,1,1,1,19,PIMA,530,TUCSON,11,2,2013,18,45,0,,.,14,Urban-Minor Arterial,,.,FORT LOWELL RD,CASTRO AVE,32.26473611,-110.9743917,0,No Special Jurisdiction,8,Pedestrian,0,Not a Collision with Motor Vehicle In-Transport,0,3,3,0,1,2,Dark - Not Lighted,2,Rain,No,0,0,0,None,None,None,1,2,Non-Interstate,4,Minor arterial,2,Nighttime,1,Weekday,2,Other Crash,2,Other Crash,1,Pedestrian Involved Crash,1,Involving a pedestrian fatality,2,Other Crash,2,Other Crash,2,Other Crash,2,All Drivers With ZERO BAC Testing Crash,2,Other Crash,2,Other Crash,0,Not Tribal Lands
1463,2015040837,40837,1,1,0,1,5,COCONINO,0,NONE LISTED,1,9,2015,99,99,0,7,Local,,.,98,Not Reported,BIA 6720,,35.55925833,-110.9769583,3,Indian Reservation,1,Rollover/Overturn,0,Not a Collision with Motor Vehicle In-Transport,0,99,99,0,99,9,Unknown,99,Unknown,No,0,0,0,None,None,None,1,2,Non-Interstate,6,Local,3,Unknown,1,Weekday,2,Other Crash,2,Other Crash,2,Other Crash,2,Other Crash,2,Other Crash,2,Other Crash,2,Other Crash,3,Unknown BAC Crash,2,Other Crash,2,Other Crash,1,Tribal Lands
425,2013040081,40081,2,2,0,3,19,PIMA,530,TUCSON,17,2,2013,18,4,0,,.,14,Urban-Minor Arterial,,.,12TH AVE,,32.13489722,-110.9776806,0,No Special Jurisdiction,12,Motor Vehicle In-Transport,6,Angle,0,8,1,0,1,5,Dusk,1,Clear,No,0,0,0,None,None,None,1,2,Non-Interstate,4,Minor arterial,2,Nighttime,2,Weekend,2,Other Crash,1,Speeding Involved Crash,2,Other Crash,2,Other Crash,2,Other Crash,2,Other Crash,2,Other Crash,1,Driver With Positive BAC Testing Crash,2,Other Crash,2,Other Crash,0,Not Tribal Lands
47,2012040106,40106,1,1,0,1,19,PIMA,530,TUCSON,14,2,2012,23,13,0,,.,16,Urban-Local Road or Street,,.,12TH AVE,,32.13270278,-110.9776806,0,No Special Jurisdiction,33,Curb,0,Not a Collision with Motor Vehicle In-Transport,0,8,1,0,3,3,Dark - Lighted,1,Clear,No,0,0,0,None,None,None,1,2,Non-Interstate,6,Local,2,Nighttime,1,Weekday,2,Other Crash,1,Speeding Involved Crash,2,Other Crash,2,Other Crash,2,Other Crash,2,Other Crash,2,Other Crash,1,Driver With Positive BAC Testing Crash,2,Other Crash,2,Other Crash,0,Not Tribal Lands
165,2012040351,40351,1,1,0,2,19,PIMA,530,TUCSON,27,2,2012,10,29,0,,.,15,Urban-Collector,,.,GLENN ST,,32.257575,-110.9777194,0,No Special Jurisdiction,5,Fell/Jumped from Vehicle,0,Not a Collision with Motor Vehicle In-Transport,0,8,1,0,1,1,Daylight,1,Clear,No,0,0,0,None,None,None,1,2,Non-Interstate,5,Collector,1,Daytime,1,Weekday,2,Other Crash,2,Other Crash,2,Other Crash,2,Other Crash,2,Other Crash,2,Other Crash,2,Other Crash,2,All Drivers With ZERO BAC Testing Crash,2,Other Crash,2,Other Crash,0,Not Tribal Lands
1365,2015040593,40593,2,2,0,3,19,PIMA,530,TUCSON,22,9,2015,18,6,0,4,Minor Arterial,,.,4,City or Municipal Highway Agency,ST MARYS RD,GRANADA AVE,32.22763333,-110.9781639,0,No Special Jurisdiction,12,Motor Vehicle In-Transport,6,Angle,0,2,2,0,1,1,Daylight,1,Clear,No,0,0,0,None,None,None,1,2,Non-Interstate,4,Minor arterial,2,Nighttime,1,Weekday,2,Other Crash,2,Other Crash,2,Other Crash,2,Other Crash,2,Other Crash,2,Other Crash,2,Other Crash,3,Unknown BAC Crash,2,Other Crash,2,Other Crash,0,Not Tribal Lands
1116,2015040014,40014,1,1,0,1,23,SANTA CRUZ,392,RIO RICO,14,1,2015,14,7,0,7,Local,,.,99,Unknown,BRINCA CT,,31.49603889,-110.9791889,0,No Special Jurisdiction,42,Tree (Standing Only),0,Not a Collision with Motor Vehicle In-Transport,0,1,1,0,4,1,Daylight,1,Clear,No,0,0,0,None,None,None,1,2,Non-Interstate,6,Local,1,Daytime,1,Weekday,2,Other Crash,2,Other Crash,2,Other Crash,2,Other Crash,2,Other Crash,2,Other Crash,2,Other Crash,2,All Drivers With ZERO BAC Testing Crash,2,Other Crash,2,Other Crash,0,Not Tribal Lands
1490,2016040051,40051,2,2,0,3,19,PIMA,530,TUCSON,19,2,2016,18,10,0,5,Major Collector,,.,4,City or Municipal Highway Agency,SANTA CLARA AVE,CALLE ARAGON,32.12898889,-110.9818917,0,No Special Jurisdiction,12,Motor Vehicle In-Transport,1,Front-to-Rear,0,3,2,0,1,5,Dusk,1,Clear,No,0,0,0,None,None,None,1,2,Non-Interstate,5,Collector,2,Nighttime,2,Weekend,2,Other Crash,1,Speeding Involved Crash,2,Other Crash,2,Other Crash,2,Other Crash,2,Other Crash,2,Other Crash,1,Driver With Positive BAC Testing Crash,2,Other Crash,2,Other Crash,0,Not Tribal Lands
1212,2015040241,40241,1,1,0,1,19,PIMA,530,TUCSON,22,4,2015,8,13,0,5,Major Collector,,.,4,City or Municipal Highway Agency,ROGER RD,,32.27925278,-110.9825139,0,No Special Jurisdiction,38,Fence,0,Not a Collision with Motor Vehicle In-Transport,0,1,1,0,4,1,Daylight,1,Clear,No,0,0,0,None,None,None,1,2,Non-Interstate,5,Collector,1,Daytime,1,Weekday,2,Other Crash,2,Other Crash,2,Other Crash,2,Other Crash,2,Other Crash,2,Other Crash,2,Other Crash,2,All Drivers With ZERO BAC Testing Crash,2,Other Crash,2,Other Crash,0,Not Tribal Lands
1183,2015040177,40177,1,1,0,1,19,PIMA,530,TUCSON,30,3,2015,11,53,0,7,Local,,.,98,Not Reported,WEDWICK ST,,32.14911111,-110.9850583,0,No Special Jurisdiction,33,Curb,0,Not a Collision with Motor Vehicle In-Transport,0,1,1,0,4,1,Daylight,1,Clear,No,0,0,0,None,None,None,1,2,Non-Interstate,6,Local,1,Daytime,1,Weekday,2,Other Crash,1,Speeding Involved Crash,2,Other Crash,2,Other Crash,2,Other Crash,2,Other Crash,2,Other Crash,2,All Drivers With ZERO BAC Testing Crash,2,Other Crash,2,Other Crash,0,Not Tribal Lands
694,2013040640,40640,1,1,1,1,19,PIMA,530,TUCSON,26,11,2013,20,26,0,,.,14,Urban-Minor Arterial,,.,PRINCE RD,,32.27203611,-110.985775,0,No Special Jurisdiction,8,Pedestrian,0,Not a Collision with Motor Vehicle In-Transport,0,1,1,0,1,3,Dark - Lighted,1,Clear,No,0,0,0,None,None,None,1,2,Non-Interstate,4,Minor arterial,2,Nighttime,1,Weekday,2,Other Crash,2,Other Crash,1,Pedestrian Involved Crash,1,Involving a pedestrian fatality,2,Other Crash,2,Other Crash,2,Other Crash,2,All Drivers With ZERO BAC Testing Crash,1,Involving a Distracted Driver,2,Other Crash,0,Not Tribal Lands
133,2012040291,40291,3,3,0,5,19,PIMA,530,TUCSON,13,5,2012,5,26,0,,.,14,Urban-Minor Arterial,,.,VALENCIA RD,I-19 RAMP,32.13410556,-110.986675,0,No Special Jurisdiction,12,Motor Vehicle In-Transport,6,Angle,1,2,2,0,1,4,Dawn,1,Clear,No,0,0,0,None,None,None,1,2,Non-Interstate,4,Minor arterial,2,Nighttime,2,Weekend,2,Other Crash,1,Speeding Involved Crash,2,Other Crash,2,Other Crash,2,Other Crash,2,Other Crash,2,Other Crash,1,Driver With Positive BAC Testing Crash,2,Other Crash,2,Other Crash,0,Not Tribal Lands