index,accident_id,ST_CASE,VE_TOTAL,VE_FORMS,PEDS,PERSONS,COUNTY,county_name,CITY,city_name,DAY,MONTH,YEAR,HOUR,MINUTE,NHS,FUNC_SYS,func_sys_lit,ROAD_FNC,road_fnc_lit,RD_OWNER,rd_owner_lit,TWAY_ID,TWAY_ID2,LATITUDE,LONGITUD,SP_JUR,sp_jur_lit,HARM_EV,harm_ev_lit,MAN_COLL,man_coll_lit,RELJCT1,RELJCT2,TYP_INT,WRK_ZONE,REL_ROAD,LGT_COND,lgt_cond_lit,WEATHER,weather_lit,SCH_BUS,CF1,CF2,CF3,cf1_lit,cf2_lit,cf3_lit,FATALS,A_INTER,a_inter_lit,A_ROADFC,a_road_fc_lit,A_TOD,a_tod_lit,A_DOW,a_dow_lit,A_LT,a_lt_lit,A_SPCRA,a_spcra_lit,A_PED,a_ped_lit,A_PED_F,a_ped_f_lit,A_PEDAL,a_pedal_lit,A_PEDAL_F,a_pedal_f_lit,A_POLPUR,a_polour_lit,A_POSBAC,a_posbac_lit,A_DIST,a_dist_lit,A_DROWSY,a_drowsy_lit,INDIAN_RES,indian_res_lit
1619,2016040320,40320,2,2,0,2,19,PIMA,219,GREEN VALLEY,19,5,2016,19,44,0,4,Minor Arterial,,.,2,County Highway Agency,CR-CONTINENTAL RD,CR-ABREGO DR,31.85216111,-110.9877806,0,No Special Jurisdiction,12,Motor Vehicle In-Transport,6,Angle,0,2,2,0,1,5,Dusk,1,Clear,No,0,0,0,None,None,None,1,2,Non-Interstate,4,Minor arterial,2,Nighttime,1,Weekday,2,Other Crash,1,Speeding Involved Crash,2,Other Crash,2,Other Crash,2,Other Crash,2,Other Crash,2,Other Crash,3,Unknown BAC Crash,2,Other Crash,2,Other Crash,0,Not Tribal Lands
61,2012040127,40127,1,1,1,1,19,PIMA,0,NONE LISTED,9,3,2012,23,25,0,,.,16,Urban-Local Road or Street,,.,ROGER RD,PALM GROVE DR,32.27933611,-110.9896278,0,No Special Jurisdiction,8,Pedestrian,0,Not a Collision with Motor Vehicle In-Transport,0,3,2,0,1,2,Dark - Not Lighted,1,Clear,No,0,0,0,None,None,None,1,2,Non-Interstate,6,Local,2,Nighttime,2,Weekend,2,Other Crash,2,Other Crash,1,Pedestrian Involved Crash,1,Involving a pedestrian fatality,2,Other Crash,2,Other Crash,2,Other Crash,3,Unknown BAC Crash,2,Other Crash,2,Other Crash,0,Not Tribal Lands
1027,2014040566,40566,1,1,1,1,19,PIMA,530,TUCSON,27,11,2014,10,25,0,,.,16,Urban-Local Road or Street,,.,COTTONWOOD LN,,32.19425556,-110.9903833,0,No Special Jurisdiction,9,Pedalcyclist,0,Not a Collision with Motor Vehicle In-Transport,0,8,1,0,1,1,Daylight,1,Clear,No,0,0,0,None,None,None,1,2,Non-Interstate,6,Local,1,Daytime,1,Weekday,2,Other Crash,2,Other Crash,2,Other Crash,2,Other Crash,1,Pedalcyclist Involved Crash,1,Involving a pedacyclist fatality,2,Other Crash,3,Unknown BAC Crash,2,Other Crash,2,Other Crash,0,Not Tribal Lands
1211,2015040237,40237,1,1,1,1,19,PIMA,530,TUCSON,20,4,2015,8,38,0,4,Minor Arterial,,.,4,City or Municipal Highway Agency,SILVERLAKE RD,COTTONWOOD LN,32.19944722,-110.9904056,0,No Special Jurisdiction,9,Pedalcyclist,0,Not a Collision with Motor Vehicle In-Transport,0,2,2,0,1,1,Daylight,1,Clear,No,0,0,0,None,None,None,1,2,Non-Interstate,4,Minor arterial,1,Daytime,1,Weekday,2,Other Crash,2,Other Crash,2,Other Crash,2,Other Crash,1,Pedalcyclist Involved Crash,1,Involving a pedacyclist fatality,2,Other Crash,3,Unknown BAC Crash,2,Other Crash,2,Other Crash,0,Not Tribal Lands
890,2014040258,40258,1,1,0,1,19,PIMA,407,SAHUARITA,24,5,2014,20,0,0,,.,15,Urban-Collector,,.,DUVAL MINE RD,,31.90409444,-110.9905056,0,No Special Jurisdiction,18,Other Object (not fixed),0,Not a Collision with Motor Vehicle In-Transport,0,1,1,1,4,3,Dark - Lighted,10,Cloudy,No,0,0,0,None,None,None,1,2,Non-Interstate,5,Collector,2,Nighttime,2,Weekend,2,Other Crash,2,Other Crash,2,Other Crash,2,Other Crash,2,Other Crash,2,Other Crash,2,Other Crash,1,Driver With Positive BAC Testing Crash,2,Other Crash,2,Other Crash,0,Not Tribal Lands
1441,2015040780,40780,1,1,1,1,19,PIMA,0,NONE LISTED,30,12,2015,21,10,0,4,Minor Arterial,,.,2,County Highway Agency,CR-WETMORE RD,,32.28676944,-110.9910611,0,No Special Jurisdiction,9,Pedalcyclist,0,Not a Collision with Motor Vehicle In-Transport,0,1,1,0,1,2,Dark - Not Lighted,1,Clear,No,0,0,0,None,None,None,1,2,Non-Interstate,4,Minor arterial,2,Nighttime,1,Weekday,2,Other Crash,2,Other Crash,2,Other Crash,2,Other Crash,1,Pedalcyclist Involved Crash,1,Involving a pedacyclist fatality,2,Other Crash,3,Unknown BAC Crash,2,Other Crash,2,Other Crash,0,Not Tribal Lands
637,2013040501,40501,3,3,0,6,19,PIMA,530,TUCSON,31,8,2013,13,17,0,,.,14,Urban-Minor Arterial,,.,CONGRESS ST,WESTMORELAND AVE,32.21972222,-110.9923083,0,No Special Jurisdiction,12,Motor Vehicle In-Transport,6,Angle,0,2,2,0,1,1,Daylight,1,Clear,No,0,0,0,None,None,None,1,2,Non-Interstate,4,Minor arterial,1,Daytime,2,Weekend,2,Other Crash,2,Other Crash,2,Other Crash,2,Other Crash,2,Other Crash,2,Other Crash,2,Other Crash,3,Unknown BAC Crash,2,Other Crash,2,Other Crash,0,Not Tribal Lands
233,2012040486,40486,2,1,0,3,19,PIMA,530,TUCSON,12,8,2012,3,27,0,,.,14,Urban-Minor Arterial,,.,FLOWING WELLS RD,,32.27448333,-110.9950389,0,No Special Jurisdiction,30,Utility Pole/Light Support,0,Not a Collision with Motor Vehicle In-Transport,0,1,1,0,6,3,Dark - Lighted,1,Clear,No,0,0,0,None,None,None,1,2,Non-Interstate,4,Minor arterial,2,Nighttime,2,Weekend,2,Other Crash,1,Speeding Involved Crash,2,Other Crash,2,Other Crash,2,Other Crash,2,Other Crash,2,Other Crash,1,Driver With Positive BAC Testing Crash,2,Other Crash,2,Other Crash,0,Not Tribal Lands
901,2014040280,40280,3,3,0,3,19,PIMA,355,ORO VALLEY,5,6,2014,14,9,0,,.,14,Urban-Minor Arterial,,.,LA CANADA DR,LAMBERT LN,32.39530278,-110.9957556,0,No Special Jurisdiction,12,Motor Vehicle In-Transport,6,Angle,0,2,2,0,1,1,Daylight,1,Clear,No,0,0,0,None,None,None,1,2,Non-Interstate,4,Minor arterial,1,Daytime,1,Weekday,2,Other Crash,2,Other Crash,2,Other Crash,2,Other Crash,2,Other Crash,2,Other Crash,2,Other Crash,1,Driver With Positive BAC Testing Crash,1,Involving a Distracted Driver,2,Other Crash,0,Not Tribal Lands
1564,2016040199,40199,1,1,5,1,19,PIMA,0,NONE LISTED,3,3,2016,12,30,0,4,Minor Arterial,,.,2,County Highway Agency,CR-LA CANADA DR,CR-HARDY RD,32.36644722,-110.9958444,0,No Special Jurisdiction,9,Pedalcyclist,0,Not a Collision with Motor Vehicle In-Transport,0,3,2,0,4,1,Daylight,1,Clear,No,0,0,0,None,None,None,2,2,Non-Interstate,4,Minor arterial,1,Daytime,1,Weekday,2,Other Crash,2,Other Crash,2,Other Crash,2,Other Crash,1,Pedalcyclist Involved Crash,1,Involving a pedacyclist fatality,2,Other Crash,2,All Drivers With ZERO BAC Testing Crash,2,Other Crash,2,Other Crash,0,Not Tribal Lands
166,2012040352,40352,1,1,1,1,19,PIMA,0,NONE LISTED,26,6,2012,5,58,0,,.,16,Urban-Local Road or Street,,.,RUDASILL RD,,32.31560556,-110.9958944,0,No Special Jurisdiction,8,Pedestrian,0,Not a Collision with Motor Vehicle In-Transport,0,1,1,0,1,1,Daylight,1,Clear,No,0,0,0,None,None,None,1,2,Non-Interstate,6,Local,2,Nighttime,1,Weekday,2,Other Crash,1,Speeding Involved Crash,1,Pedestrian Involved Crash,1,Involving a pedestrian fatality,2,Other Crash,2,Other Crash,2,Other Crash,2,All Drivers With ZERO BAC Testing Crash,2,Other Crash,2,Other Crash,0,Not Tribal Lands
1668,2016040431,40431,1,1,0,3,19,PIMA,530,TUCSON,4,7,2016,16,9,0,7,Local,,.,98,Not Reported,PLACITA DEL JUBILO S,,32.19765,-110.9985139,0,No Special Jurisdiction,5,Fell/Jumped from Vehicle,0,Not a Collision with Motor Vehicle In-Transport,0,1,1,0,1,1,Daylight,10,Cloudy,No,0,0,0,None,None,None,1,2,Non-Interstate,6,Local,1,Daytime,1,Weekday,2,Other Crash,2,Other Crash,2,Other Crash,2,Other Crash,2,Other Crash,2,Other Crash,2,Other Crash,3,Unknown BAC Crash,2,Other Crash,2,Other Crash,0,Not Tribal Lands
175,2012040367,40367,1,1,1,4,19,PIMA,530,TUCSON,5,7,2012,22,2,0,,.,14,Urban-Minor Arterial,,.,VALENCIA RD,,32.13371667,-110.9991778,0,No Special Jurisdiction,8,Pedestrian,0,Not a Collision with Motor Vehicle In-Transport,0,1,1,0,1,3,Dark - Lighted,1,Clear,No,0,0,0,None,None,None,1,2,Non-Interstate,4,Minor arterial,2,Nighttime,1,Weekday,2,Other Crash,2,Other Crash,1,Pedestrian Involved Crash,1,Involving a pedestrian fatality,2,Other Crash,2,Other Crash,2,Other Crash,2,All Drivers With ZERO BAC Testing Crash,2,Other Crash,2,Other Crash,0,Not Tribal Lands
104,2012040227,40227,2,1,0,1,19,PIMA,530,TUCSON,28,4,2012,3,6,0,,.,16,Urban-Local Road or Street,,.,SOUTHERN OAK DR,TRENDWOOD DR,32.15474167,-110.9994639,0,No Special Jurisdiction,1,Rollover/Overturn,0,Not a Collision with Motor Vehicle In-Transport,0,3,3,0,1,3,Dark - Lighted,1,Clear,No,0,0,0,None,None,None,1,2,Non-Interstate,6,Local,2,Nighttime,2,Weekend,2,Other Crash,1,Speeding Involved Crash,2,Other Crash,2,Other Crash,2,Other Crash,2,Other Crash,2,Other Crash,1,Driver With Positive BAC Testing Crash,2,Other Crash,2,Other Crash,0,Not Tribal Lands
92,2012040208,40208,1,1,0,1,19,PIMA,530,TUCSON,16,4,2012,3,25,0,,.,14,Urban-Minor Arterial,,.,DREXEL RD,,32.14835278,-111.0005306,0,No Special Jurisdiction,33,Curb,0,Not a Collision with Motor Vehicle In-Transport,0,1,1,0,4,2,Dark - Not Lighted,1,Clear,No,0,0,0,None,None,None,1,2,Non-Interstate,4,Minor arterial,2,Nighttime,2,Weekend,2,Other Crash,2,Other Crash,2,Other Crash,2,Other Crash,2,Other Crash,2,Other Crash,2,Other Crash,1,Driver With Positive BAC Testing Crash,2,Other Crash,2,Other Crash,0,Not Tribal Lands
53,2012040115,40115,2,2,0,3,19,PIMA,0,NONE LISTED,25,2,2012,10,3,0,,.,15,Urban-Collector,,.,ROLLER COASTER RD,,32.30116944,-111.0006389,0,No Special Jurisdiction,12,Motor Vehicle In-Transport,6,Angle,0,1,1,0,1,1,Daylight,1,Clear,No,0,0,0,None,None,None,1,2,Non-Interstate,5,Collector,1,Daytime,2,Weekend,2,Other Crash,1,Speeding Involved Crash,2,Other Crash,2,Other Crash,2,Other Crash,2,Other Crash,2,Other Crash,1,Driver With Positive BAC Testing Crash,2,Other Crash,2,Other Crash,0,Not Tribal Lands
458,2013040161,40161,1,1,1,2,19,PIMA,530,TUCSON,11,3,2013,19,0,0,,.,14,Urban-Minor Arterial,,.,RUTHRAUFF RD,,32.28942222,-111.0031944,0,No Special Jurisdiction,8,Pedestrian,0,Not a Collision with Motor Vehicle In-Transport,0,1,1,0,1,2,Dark - Not Lighted,1,Clear,No,0,0,0,None,None,None,1,2,Non-Interstate,4,Minor arterial,2,Nighttime,1,Weekday,2,Other Crash,2,Other Crash,1,Pedestrian Involved Crash,1,Involving a pedestrian fatality,2,Other Crash,2,Other Crash,2,Other Crash,3,Unknown BAC Crash,2,Other Crash,2,Other Crash,0,Not Tribal Lands
66,2012040148,40148,2,2,0,2,19,PIMA,530,TUCSON,31,3,2012,1,15,0,,.,14,Urban-Minor Arterial,,.,RUTHRAUFF RD,RUTH ST,32.29339722,-111.0049389,0,No Special Jurisdiction,12,Motor Vehicle In-Transport,1,Front-to-Rear,0,2,3,0,1,3,Dark - Lighted,1,Clear,No,0,0,0,None,None,None,1,2,Non-Interstate,4,Minor arterial,2,Nighttime,2,Weekend,1,Large Truck Involved Crash,2,Other Crash,2,Other Crash,2,Other Crash,2,Other Crash,2,Other Crash,2,Other Crash,1,Driver With Positive BAC Testing Crash,2,Other Crash,2,Other Crash,0,Not Tribal Lands
952,2014040390,40390,1,1,0,1,19,PIMA,530,TUCSON,3,8,2014,7,9,0,,.,14,Urban-Minor Arterial,,.,MISSION RD,,32.16634722,-111.0060944,0,No Special Jurisdiction,33,Curb,0,Not a Collision with Motor Vehicle In-Transport,0,1,1,0,3,1,Daylight,1,Clear,No,0,0,0,None,None,None,1,2,Non-Interstate,4,Minor arterial,1,Daytime,2,Weekend,2,Other Crash,1,Speeding Involved Crash,2,Other Crash,2,Other Crash,2,Other Crash,2,Other Crash,2,Other Crash,1,Driver With Positive BAC Testing Crash,2,Other Crash,2,Other Crash,0,Not Tribal Lands
84,2012040192,40192,1,1,0,5,19,PIMA,530,TUCSON,31,3,2012,2,37,0,,.,14,Urban-Minor Arterial,,.,STARR PASS BLVD,,32.20690556,-111.0061111,0,No Special Jurisdiction,1,Rollover/Overturn,0,Not a Collision with Motor Vehicle In-Transport,0,1,1,0,4,2,Dark - Not Lighted,1,Clear,No,0,0,0,None,None,None,1,2,Non-Interstate,4,Minor arterial,2,Nighttime,2,Weekend,2,Other Crash,1,Speeding Involved Crash,2,Other Crash,2,Other Crash,2,Other Crash,2,Other Crash,2,Other Crash,1,Driver With Positive BAC Testing Crash,2,Other Crash,2,Other Crash,0,Not Tribal Lands
556,2013040345,40345,1,1,1,1,19,PIMA,0,NONE LISTED,23,5,2013,3,30,0,,.,14,Urban-Minor Arterial,,.,IRVINGTON RD,MISSION RD,32.159275,-111.0070472,0,No Special Jurisdiction,9,Pedalcyclist,0,Not a Collision with Motor Vehicle In-Transport,0,2,2,0,1,3,Dark - Lighted,1,Clear,No,0,0,0,None,None,None,1,2,Non-Interstate,4,Minor arterial,2,Nighttime,1,Weekday,2,Other Crash,2,Other Crash,2,Other Crash,2,Other Crash,1,Pedalcyclist Involved Crash,1,Involving a pedacyclist fatality,2,Other Crash,1,Driver With Positive BAC Testing Crash,2,Other Crash,2,Other Crash,0,Not Tribal Lands
889,2014040253,40253,1,1,0,1,5,COCONINO,0,NONE LISTED,18,5,2014,14,40,0,,.,4,Rural-Major Collector,,.,SR-87,,34.76862222,-111.0087833,0,No Special Jurisdiction,1,Rollover/Overturn,0,Not a Collision with Motor Vehicle In-Transport,0,1,1,0,4,1,Daylight,1,Clear,No,0,0,0,None,None,None,1,2,Non-Interstate,5,Collector,1,Daytime,2,Weekend,2,Other Crash,1,Speeding Involved Crash,2,Other Crash,2,Other Crash,2,Other Crash,2,Other Crash,2,Other Crash,2,All Drivers With ZERO BAC Testing Crash,1,Involving a Distracted Driver,2,Other Crash,0,Not Tribal Lands
852,2014040173,40173,1,1,0,2,19,PIMA,0,NONE LISTED,23,3,2014,12,59,0,,.,16,Urban-Local Road or Street,,.,J MAYOR DR,,32.09563611,-111.0095194,3,Indian Reservation,5,Fell/Jumped from Vehicle,0,Not a Collision with Motor Vehicle In-Transport,0,1,1,0,1,1,Daylight,1,Clear,No,0,0,0,None,None,None,1,2,Non-Interstate,6,Local,1,Daytime,2,Weekend,2,Other Crash,1,Speeding Involved Crash,2,Other Crash,2,Other Crash,2,Other Crash,2,Other Crash,2,Other Crash,3,Unknown BAC Crash,2,Other Crash,2,Other Crash,1,Tribal Lands
343,2012040687,40687,2,2,0,3,19,PIMA,530,TUCSON,15,12,2012,2,45,0,,.,16,Urban-Local Road or Street,,.,LA CHOLLA BLVD,SAN MARCOS BLVD,32.20315556,-111.01175,0,No Special Jurisdiction,12,Motor Vehicle In-Transport,2,Front-to-Front,0,2,2,0,1,3,Dark - Lighted,10,Cloudy,No,0,0,0,None,None,None,1,2,Non-Interstate,6,Local,2,Nighttime,2,Weekend,2,Other Crash,2,Other Crash,2,Other Crash,2,Other Crash,2,Other Crash,2,Other Crash,2,Other Crash,1,Driver With Positive BAC Testing Crash,2,Other Crash,2,Other Crash,0,Not Tribal Lands
1036,2014040583,40583,1,1,0,1,19,PIMA,530,TUCSON,14,12,2014,18,12,0,,.,14,Urban-Minor Arterial,,.,LA CHOLLA BLVD,MERLIN RD,32.19027778,-111.0117556,0,No Special Jurisdiction,46,Traffic Signal Support,0,Not a Collision with Motor Vehicle In-Transport,0,3,3,0,4,2,Dark - Not Lighted,1,Clear,No,0,0,0,None,None,None,1,2,Non-Interstate,4,Minor arterial,2,Nighttime,2,Weekend,2,Other Crash,2,Other Crash,2,Other Crash,2,Other Crash,2,Other Crash,2,Other Crash,2,Other Crash,2,All Drivers With ZERO BAC Testing Crash,2,Other Crash,2,Other Crash,0,Not Tribal Lands
934,2014040359,40359,2,2,0,3,19,PIMA,355,ORO VALLEY,20,7,2014,18,12,0,,.,14,Urban-Minor Arterial,,.,LAMBERT LN,LA CHOLLA BLVD,32.39531944,-111.0128444,0,No Special Jurisdiction,12,Motor Vehicle In-Transport,6,Angle,0,2,2,0,1,1,Daylight,1,Clear,No,0,0,0,None,None,None,1,2,Non-Interstate,4,Minor arterial,2,Nighttime,2,Weekend,2,Other Crash,2,Other Crash,2,Other Crash,2,Other Crash,2,Other Crash,2,Other Crash,2,Other Crash,2,All Drivers With ZERO BAC Testing Crash,2,Other Crash,2,Other Crash,0,Not Tribal Lands
129,2012040276,40276,1,1,0,1,19,PIMA,0,NONE LISTED,20,5,2012,12,48,0,,.,15,Urban-Collector,,.,IRVINGTON RD,,32.16306667,-111.0148444,0,No Special Jurisdiction,1,Rollover/Overturn,0,Not a Collision with Motor Vehicle In-Transport,0,1,1,0,4,1,Daylight,1,Clear,No,0,0,0,None,None,None,1,2,Non-Interstate,5,Collector,1,Daytime,2,Weekend,2,Other Crash,1,Speeding Involved Crash,2,Other Crash,2,Other Crash,2,Other Crash,2,Other Crash,2,Other Crash,1,Driver With Positive BAC Testing Crash,2,Other Crash,2,Other Crash,0,Not Tribal Lands
1826,2016040830,40830,1,1,0,1,19,PIMA,530,TUCSON,28,12,2016,11,35,0,4,Minor Arterial,,.,4,City or Municipal Highway Agency,ANKLAM RD,,32.22508056,-111.0157139,0,No Special Jurisdiction,43,Other Fixed Object,0,Not a Collision with Motor Vehicle In-Transport,0,1,1,0,4,1,Daylight,10,Cloudy,No,0,0,0,None,None,None,1,2,Non-Interstate,4,Minor arterial,1,Daytime,1,Weekday,2,Other Crash,2,Other Crash,2,Other Crash,2,Other Crash,2,Other Crash,2,Other Crash,2,Other Crash,3,Unknown BAC Crash,2,Other Crash,2,Other Crash,0,Not Tribal Lands
385,2013040012,40012,1,1,1,1,19,PIMA,0,NONE LISTED,11,1,2013,18,28,0,,.,14,Urban-Minor Arterial,,.,NEBRASKA ST,,32.155675,-111.0160111,0,No Special Jurisdiction,8,Pedestrian,0,Not a Collision with Motor Vehicle In-Transport,0,1,1,0,1,2,Dark - Not Lighted,1,Clear,No,0,0,0,None,None,None,1,2,Non-Interstate,4,Minor arterial,2,Nighttime,2,Weekend,2,Other Crash,2,Other Crash,1,Pedestrian Involved Crash,1,Involving a pedestrian fatality,2,Other Crash,2,Other Crash,2,Other Crash,2,All Drivers With ZERO BAC Testing Crash,2,Other Crash,2,Other Crash,0,Not Tribal Lands
1507,2016040082,40082,1,1,1,3,19,PIMA,355,ORO VALLEY,22,1,2016,15,30,0,7,Local,,.,98,Not Reported,CROSS RD,,32.4026,-111.01605,0,No Special Jurisdiction,8,Pedestrian,0,Not a Collision with Motor Vehicle In-Transport,0,1,1,0,1,1,Daylight,1,Clear,Yes,21,0,0,Within Designated School Zone,None,None,1,2,Non-Interstate,6,Local,1,Daytime,1,Weekday,2,Other Crash,2,Other Crash,1,Pedestrian Involved Crash,1,Involving a pedestrian fatality,2,Other Crash,2,Other Crash,2,Other Crash,2,All Drivers With ZERO BAC Testing Crash,2,Other Crash,2,Other Crash,0,Not Tribal Lands
649,2013040533,40533,1,1,0,1,19,PIMA,0,NONE LISTED,22,9,2013,3,36,0,,.,14,Urban-Minor Arterial,,.,SR-86,,32.17709444,-111.0174417,0,No Special Jurisdiction,52,Guardrail End,0,Not a Collision with Motor Vehicle In-Transport,0,1,1,0,4,2,Dark - Not Lighted,1,Clear,No,0,0,0,None,None,None,1,2,Non-Interstate,4,Minor arterial,2,Nighttime,2,Weekend,2,Other Crash,1,Speeding Involved Crash,2,Other Crash,2,Other Crash,2,Other Crash,2,Other Crash,2,Other Crash,1,Driver With Positive BAC Testing Crash,2,Other Crash,2,Other Crash,0,Not Tribal Lands
582,2013040400,40400,1,1,0,2,19,PIMA,530,TUCSON,23,6,2013,3,41,0,,.,16,Urban-Local Road or Street,,.,44TH ST,,32.18509722,-111.0201556,0,No Special Jurisdiction,35,Embankment,0,Not a Collision with Motor Vehicle In-Transport,0,1,1,0,4,2,Dark - Not Lighted,1,Clear,No,0,0,0,None,None,None,1,2,Non-Interstate,6,Local,2,Nighttime,2,Weekend,2,Other Crash,1,Speeding Involved Crash,2,Other Crash,2,Other Crash,2,Other Crash,2,Other Crash,2,Other Crash,1,Driver With Positive BAC Testing Crash,2,Other Crash,2,Other Crash,0,Not Tribal Lands
538,2013040314,40314,1,1,0,1,23,SANTA CRUZ,392,RIO RICO,3,6,2013,11,56,0,,.,6,Rural-Local Road or Street,,.,CALLE TORUNO,PEDRO CT,31.469275,-111.0202028,0,No Special Jurisdiction,1,Rollover/Overturn,0,Not a Collision with Motor Vehicle In-Transport,0,2,3,0,1,1,Daylight,1,Clear,No,0,0,0,None,None,None,1,2,Non-Interstate,6,Local,1,Daytime,1,Weekday,2,Other Crash,1,Speeding Involved Crash,2,Other Crash,2,Other Crash,2,Other Crash,2,Other Crash,2,Other Crash,2,All Drivers With ZERO BAC Testing Crash,2,Other Crash,2,Other Crash,0,Not Tribal Lands
1527,2016040119,40119,1,1,0,3,21,PINAL,0,NONE LISTED,23,3,2016,6,10,0,4,Minor Arterial,,.,1,State Highway Agency,SR-79,,32.646225,-111.02115,0,No Special Jurisdiction,1,Rollover/Overturn,0,Not a Collision with Motor Vehicle In-Transport,0,1,1,0,4,4,Dawn,1,Clear,No,0,0,0,None,None,None,1,2,Non-Interstate,4,Minor arterial,1,Daytime,1,Weekday,2,Other Crash,1,Speeding Involved Crash,2,Other Crash,2,Other Crash,2,Other Crash,2,Other Crash,2,Other Crash,2,All Drivers With ZERO BAC Testing Crash,2,Other Crash,2,Other Crash,0,Not Tribal Lands
1274,2015040386,40386,1,1,1,1,19,PIMA,0,NONE LISTED,22,6,2015,22,48,0,4,Minor Arterial,,.,1,State Highway Agency,SR-86,,32.176575,-111.0213056,0,No Special Jurisdiction,8,Pedestrian,0,Not a Collision with Motor Vehicle In-Transport,0,1,1,0,2,2,Dark - Not Lighted,1,Clear,No,0,0,0,None,None,None,1,2,Non-Interstate,4,Minor arterial,2,Nighttime,1,Weekday,2,Other Crash,2,Other Crash,1,Pedestrian Involved Crash,1,Involving a pedestrian fatality,2,Other Crash,2,Other Crash,2,Other Crash,2,All Drivers With ZERO BAC Testing Crash,1,Involving a Distracted Driver,2,Other Crash,0,Not Tribal Lands
722,2013040711,40711,1,1,1,1,19,PIMA,530,TUCSON,11,12,2013,23,26,0,,.,14,Urban-Minor Arterial,,.,GREASEWOOD RD,,32.23498333,-111.0213917,0,No Special Jurisdiction,8,Pedestrian,0,Not a Collision with Motor Vehicle In-Transport,0,1,1,0,2,2,Dark - Not Lighted,1,Clear,No,0,0,0,None,None,None,1,2,Non-Interstate,4,Minor arterial,2,Nighttime,1,Weekday,2,Other Crash,2,Other Crash,1,Pedestrian Involved Crash,1,Involving a pedestrian fatality,2,Other Crash,2,Other Crash,2,Other Crash,3,Unknown BAC Crash,2,Other Crash,2,Other Crash,0,Not Tribal Lands
254,2012040533,40533,1,1,0,1,5,COCONINO,0,NONE LISTED,22,9,2012,14,55,0,,.,6,Rural-Local Road or Street,,.,FOREST ROAD 89,FOREST ROAD 300,34.37675278,-111.0235694,0,No Special Jurisdiction,34,Ditch,0,Not a Collision with Motor Vehicle In-Transport,0,3,3,0,4,1,Daylight,10,Cloudy,No,0,0,0,None,None,None,1,2,Non-Interstate,6,Local,1,Daytime,2,Weekend,2,Other Crash,1,Speeding Involved Crash,2,Other Crash,2,Other Crash,2,Other Crash,2,Other Crash,2,Other Crash,1,Driver With Positive BAC Testing Crash,2,Other Crash,2,Other Crash,0,Not Tribal Lands
1022,2014040543,40543,1,1,0,2,19,PIMA,530,TUCSON,1,11,2014,3,0,0,,.,16,Urban-Local Road or Street,,.,BROADWAY BLVD,FLUORIT DR,32.22142222,-111.0257556,0,No Special Jurisdiction,1,Rollover/Overturn,0,Not a Collision with Motor Vehicle In-Transport,0,3,3,0,1,2,Dark - Not Lighted,1,Clear,No,0,0,0,None,None,None,1,2,Non-Interstate,6,Local,2,Nighttime,2,Weekend,2,Other Crash,1,Speeding Involved Crash,2,Other Crash,2,Other Crash,2,Other Crash,2,Other Crash,2,Other Crash,1,Driver With Positive BAC Testing Crash,2,Other Crash,2,Other Crash,0,Not Tribal Lands
1236,2015040298,40298,1,1,1,1,19,PIMA,530,TUCSON,21,5,2015,17,0,0,4,Minor Arterial,,.,2,County Highway Agency,RUTHRAUFF RD,,32.29446111,-111.025825,0,No Special Jurisdiction,8,Pedestrian,0,Not a Collision with Motor Vehicle In-Transport,0,1,1,0,4,1,Daylight,98,Not Reported,No,0,0,0,None,None,None,1,2,Non-Interstate,4,Minor arterial,1,Daytime,1,Weekday,1,Large Truck Involved Crash,2,Other Crash,1,Pedestrian Involved Crash,1,Involving a pedestrian fatality,2,Other Crash,2,Other Crash,2,Other Crash,3,Unknown BAC Crash,2,Other Crash,2,Other Crash,0,Not Tribal Lands
87,2012040197,40197,1,1,1,1,19,PIMA,0,NONE LISTED,1,4,2012,5,25,0,,.,14,Urban-Minor Arterial,,.,SR-86,,32.17645278,-111.0260611,0,No Special Jurisdiction,8,Pedestrian,0,Not a Collision with Motor Vehicle In-Transport,0,1,1,0,1,2,Dark - Not Lighted,1,Clear,No,0,0,0,None,None,None,1,2,Non-Interstate,4,Minor arterial,2,Nighttime,2,Weekend,2,Other Crash,2,Other Crash,1,Pedestrian Involved Crash,1,Involving a pedestrian fatality,2,Other Crash,2,Other Crash,2,Other Crash,3,Unknown BAC Crash,2,Other Crash,2,Other Crash,0,Not Tribal Lands
522,2013040285,40285,1,1,0,1,7,GILA,0,NONE LISTED,19,5,2013,10,49,0,,.,3,Rural-Minor Arterial,,.,US-60,,33.33436389,-111.0269167,0,No Special Jurisdiction,1,Rollover/Overturn,0,Not a Collision with Motor Vehicle In-Transport,0,1,1,0,4,1,Daylight,1,Clear,No,0,0,0,None,None,None,1,2,Non-Interstate,4,Minor arterial,1,Daytime,2,Weekend,2,Other Crash,2,Other Crash,2,Other Crash,2,Other Crash,2,Other Crash,2,Other Crash,2,Other Crash,3,Unknown BAC Crash,1,Involving a Distracted Driver,2,Other Crash,0,Not Tribal Lands
1232,2015040293,40293,1,1,0,1,5,COCONINO,0,NONE LISTED,17,5,2015,5,49,0,5,Major Collector,,.,1,State Highway Agency,SR-98,,36.61231111,-111.0288222,3,Indian Reservation,52,Guardrail End,0,Not a Collision with Motor Vehicle In-Transport,0,1,1,0,4,4,Dawn,1,Clear,No,0,0,0,None,None,None,1,2,Non-Interstate,5,Collector,2,Nighttime,2,Weekend,2,Other Crash,2,Other Crash,2,Other Crash,2,Other Crash,2,Other Crash,2,Other Crash,2,Other Crash,3,Unknown BAC Crash,2,Other Crash,2,Other Crash,1,Tribal Lands