index,accident_id,ST_CASE,VE_TOTAL,VE_FORMS,PEDS,PERSONS,COUNTY,county_name,CITY,city_name,DAY,MONTH,YEAR,HOUR,MINUTE,NHS,FUNC_SYS,func_sys_lit,ROAD_FNC,road_fnc_lit,RD_OWNER,rd_owner_lit,TWAY_ID,TWAY_ID2,LATITUDE,LONGITUD,SP_JUR,sp_jur_lit,HARM_EV,harm_ev_lit,MAN_COLL,man_coll_lit,RELJCT1,RELJCT2,TYP_INT,WRK_ZONE,REL_ROAD,LGT_COND,lgt_cond_lit,WEATHER,weather_lit,SCH_BUS,CF1,CF2,CF3,cf1_lit,cf2_lit,cf3_lit,FATALS,A_INTER,a_inter_lit,A_ROADFC,a_road_fc_lit,A_TOD,a_tod_lit,A_DOW,a_dow_lit,A_LT,a_lt_lit,A_SPCRA,a_spcra_lit,A_PED,a_ped_lit,A_PED_F,a_ped_f_lit,A_PEDAL,a_pedal_lit,A_PEDAL_F,a_pedal_f_lit,A_POLPUR,a_polour_lit,A_POSBAC,a_posbac_lit,A_DIST,a_dist_lit,A_DROWSY,a_drowsy_lit,INDIAN_RES,indian_res_lit
97,2012040214,40214,1,1,1,1,19,PIMA,0,NONE LISTED,19,4,2012,19,51,0,,.,14,Urban-Minor Arterial,,.,VALENCIA RD,,32.13369167,-111.0297306,0,No Special Jurisdiction,15,Non-Motorist on Personal Conveyance,0,Not a Collision with Motor Vehicle In-Transport,0,1,1,0,1,2,Dark - Not Lighted,1,Clear,No,0,0,0,None,None,None,1,2,Non-Interstate,4,Minor arterial,2,Nighttime,1,Weekday,2,Other Crash,2,Other Crash,2,Other Crash,2,Other Crash,2,Other Crash,2,Other Crash,2,Other Crash,3,Unknown BAC Crash,2,Other Crash,2,Other Crash,0,Not Tribal Lands
1142,2015040079,40079,1,1,0,1,19,PIMA,0,NONE LISTED,15,2,2015,20,33,0,7,Local,,.,98,Not Reported,HIGHWAY DR,,32.30260833,-111.0350056,0,No Special Jurisdiction,53,Mail Box,0,Not a Collision with Motor Vehicle In-Transport,0,1,1,0,4,2,Dark - Not Lighted,1,Clear,No,0,0,0,None,None,None,1,2,Non-Interstate,6,Local,2,Nighttime,2,Weekend,2,Other Crash,1,Speeding Involved Crash,2,Other Crash,2,Other Crash,2,Other Crash,2,Other Crash,2,Other Crash,3,Unknown BAC Crash,2,Other Crash,2,Other Crash,0,Not Tribal Lands
226,2012040474,40474,1,1,0,1,19,PIMA,0,NONE LISTED,12,8,2012,5,0,0,,.,16,Urban-Local Road or Street,,.,HIGHWAY DR,,32.30257222,-111.0350194,0,No Special Jurisdiction,43,Other Fixed Object,0,Not a Collision with Motor Vehicle In-Transport,0,1,1,0,6,2,Dark - Not Lighted,1,Clear,No,0,0,0,None,None,None,1,2,Non-Interstate,6,Local,2,Nighttime,2,Weekend,2,Other Crash,2,Other Crash,2,Other Crash,2,Other Crash,2,Other Crash,2,Other Crash,2,Other Crash,1,Driver With Positive BAC Testing Crash,1,Involving a Distracted Driver,2,Other Crash,0,Not Tribal Lands
1566,2016040203,40203,1,1,0,1,5,COCONINO,0,NONE LISTED,12,3,2016,99,99,0,6,Minor Collector,,.,62,Bureau of Indian Affairs,BIA 21,,36.43308889,-111.0362722,3,Indian Reservation,59,Traffic Sign Support,0,Not a Collision with Motor Vehicle In-Transport,0,1,1,0,4,6,Dark - Unknown Lighting,1,Clear,No,0,0,0,None,None,None,1,2,Non-Interstate,5,Collector,3,Unknown,2,Weekend,2,Other Crash,2,Other Crash,2,Other Crash,2,Other Crash,2,Other Crash,2,Other Crash,2,Other Crash,1,Driver With Positive BAC Testing Crash,1,Involving a Distracted Driver,1,Involving a Drowsy Driver,1,Tribal Lands
1520,2016040109,40109,2,2,0,4,21,PINAL,0,NONE LISTED,12,3,2016,15,0,0,5,Major Collector,,.,1,State Highway Agency,SR-177,BATTLE AXE RD,33.17945833,-111.0395972,0,No Special Jurisdiction,1,Rollover/Overturn,0,Not a Collision with Motor Vehicle In-Transport,0,3,3,0,1,1,Daylight,1,Clear,No,0,0,0,None,None,None,1,2,Non-Interstate,5,Collector,1,Daytime,2,Weekend,2,Other Crash,1,Speeding Involved Crash,2,Other Crash,2,Other Crash,2,Other Crash,2,Other Crash,2,Other Crash,3,Unknown BAC Crash,2,Other Crash,2,Other Crash,0,Not Tribal Lands
420,2013040071,40071,2,2,0,3,19,PIMA,0,NONE LISTED,6,2,2013,19,14,0,,.,16,Urban-Local Road or Street,,.,TETEKUSIM RD,SORREL LN,32.11555,-111.0459611,0,No Special Jurisdiction,12,Motor Vehicle In-Transport,99,Unknown,0,2,2,0,1,2,Dark - Not Lighted,1,Clear,No,0,0,0,None,None,None,1,2,Non-Interstate,6,Local,2,Nighttime,1,Weekday,2,Other Crash,2,Other Crash,2,Other Crash,2,Other Crash,2,Other Crash,2,Other Crash,2,Other Crash,3,Unknown BAC Crash,2,Other Crash,2,Other Crash,0,Not Tribal Lands
147,2012040313,40313,2,2,0,3,19,PIMA,0,NONE LISTED,19,5,2012,1,0,0,,.,3,Rural-Minor Arterial,,.,SR-86,,32.17763611,-111.0464556,0,No Special Jurisdiction,12,Motor Vehicle In-Transport,1,Front-to-Rear,0,1,1,0,2,2,Dark - Not Lighted,1,Clear,No,0,0,0,None,None,None,1,2,Non-Interstate,4,Minor arterial,2,Nighttime,2,Weekend,2,Other Crash,2,Other Crash,2,Other Crash,2,Other Crash,2,Other Crash,2,Other Crash,2,Other Crash,1,Driver With Positive BAC Testing Crash,2,Other Crash,2,Other Crash,0,Not Tribal Lands
256,2012040539,40539,2,2,0,2,19,PIMA,0,NONE LISTED,5,10,2012,8,8,0,,.,15,Urban-Collector,,.,LAMBERT LN,THORNYDALE RD,32.39526111,-111.0469056,0,No Special Jurisdiction,12,Motor Vehicle In-Transport,6,Angle,0,2,2,0,1,1,Daylight,1,Clear,No,0,0,0,None,None,None,1,2,Non-Interstate,5,Collector,1,Daytime,1,Weekday,2,Other Crash,2,Other Crash,2,Other Crash,2,Other Crash,2,Other Crash,2,Other Crash,2,Other Crash,3,Unknown BAC Crash,2,Other Crash,2,Other Crash,0,Not Tribal Lands
524,2013040289,40289,1,1,2,2,19,PIMA,0,NONE LISTED,23,5,2013,21,30,0,,.,14,Urban-Minor Arterial,,.,THORNYDALE RD,,32.37973056,-111.0469194,0,No Special Jurisdiction,15,Non-Motorist on Personal Conveyance,0,Not a Collision with Motor Vehicle In-Transport,0,1,1,0,1,2,Dark - Not Lighted,1,Clear,No,0,0,0,None,None,None,1,2,Non-Interstate,4,Minor arterial,2,Nighttime,1,Weekday,2,Other Crash,2,Other Crash,1,Pedestrian Involved Crash,2,Other Crash,2,Other Crash,2,Other Crash,2,Other Crash,3,Unknown BAC Crash,2,Other Crash,2,Other Crash,0,Not Tribal Lands
1818,2016040814,40814,2,2,0,2,19,PIMA,0,NONE LISTED,10,12,2016,17,38,0,5,Major Collector,,.,2,County Highway Agency,CR-THORNYDALE RD,,32.39751667,-111.0469861,0,No Special Jurisdiction,12,Motor Vehicle In-Transport,6,Angle,0,8,1,0,1,5,Dusk,1,Clear,No,0,0,0,None,None,None,1,2,Non-Interstate,5,Collector,1,Daytime,2,Weekend,2,Other Crash,2,Other Crash,2,Other Crash,2,Other Crash,2,Other Crash,2,Other Crash,2,Other Crash,3,Unknown BAC Crash,2,Other Crash,2,Other Crash,0,Not Tribal Lands
150,2012040320,40320,1,1,0,2,23,SANTA CRUZ,17,AMADO,22,5,2012,19,59,0,,.,6,Rural-Local Road or Street,,.,AMADO RD,,31.71058333,-111.0485278,0,No Special Jurisdiction,1,Rollover/Overturn,0,Not a Collision with Motor Vehicle In-Transport,0,1,1,0,1,3,Dark - Lighted,1,Clear,No,0,0,0,None,None,None,1,2,Non-Interstate,6,Local,2,Nighttime,1,Weekday,2,Other Crash,1,Speeding Involved Crash,2,Other Crash,2,Other Crash,2,Other Crash,2,Other Crash,2,Other Crash,3,Unknown BAC Crash,2,Other Crash,2,Other Crash,0,Not Tribal Lands
102,2012040224,40224,1,1,0,1,21,PINAL,0,NONE LISTED,25,4,2012,15,49,0,,.,4,Rural-Major Collector,,.,SR-177,,33.20203889,-111.0565583,0,No Special Jurisdiction,42,Tree (Standing Only),0,Not a Collision with Motor Vehicle In-Transport,0,1,1,0,5,1,Daylight,10,Cloudy,No,0,0,0,None,None,None,1,2,Non-Interstate,5,Collector,1,Daytime,1,Weekday,2,Other Crash,1,Speeding Involved Crash,2,Other Crash,2,Other Crash,2,Other Crash,2,Other Crash,2,Other Crash,2,All Drivers With ZERO BAC Testing Crash,2,Other Crash,2,Other Crash,0,Not Tribal Lands
800,2014040067,40067,1,1,1,2,19,PIMA,0,NONE LISTED,19,2,2014,19,11,0,,.,15,Urban-Collector,,.,CR-TETAKUSIM RD,,32.11546389,-111.0571778,0,No Special Jurisdiction,8,Pedestrian,0,Not a Collision with Motor Vehicle In-Transport,0,1,1,0,1,2,Dark - Not Lighted,1,Clear,No,0,0,0,None,None,None,1,2,Non-Interstate,5,Collector,2,Nighttime,1,Weekday,2,Other Crash,2,Other Crash,1,Pedestrian Involved Crash,1,Involving a pedestrian fatality,2,Other Crash,2,Other Crash,2,Other Crash,3,Unknown BAC Crash,2,Other Crash,2,Other Crash,0,Not Tribal Lands
1486,2016040046,40046,2,2,0,3,19,PIMA,0,NONE LISTED,16,2,2016,11,0,0,5,Major Collector,,.,2,County Highway Agency,CR-CAMINO DE OESTE,CRESTVIEW RD,32.25656944,-111.0613944,0,No Special Jurisdiction,12,Motor Vehicle In-Transport,6,Angle,0,2,2,0,1,1,Daylight,1,Clear,No,0,0,0,None,None,None,1,2,Non-Interstate,5,Collector,1,Daytime,1,Weekday,2,Other Crash,2,Other Crash,2,Other Crash,2,Other Crash,2,Other Crash,2,Other Crash,2,Other Crash,3,Unknown BAC Crash,1,Involving a Distracted Driver,2,Other Crash,0,Not Tribal Lands
257,2012040540,40540,1,1,0,5,19,PIMA,0,NONE LISTED,7,10,2012,1,36,0,,.,15,Urban-Collector,,.,SPEEDWAY BLVD,,32.23610556,-111.0615444,0,No Special Jurisdiction,1,Rollover/Overturn,0,Not a Collision with Motor Vehicle In-Transport,0,1,1,0,4,2,Dark - Not Lighted,1,Clear,No,0,0,0,None,None,None,1,2,Non-Interstate,5,Collector,2,Nighttime,2,Weekend,2,Other Crash,1,Speeding Involved Crash,2,Other Crash,2,Other Crash,2,Other Crash,2,Other Crash,2,Other Crash,1,Driver With Positive BAC Testing Crash,2,Other Crash,2,Other Crash,0,Not Tribal Lands
1479,2016040028,40028,2,2,0,3,19,PIMA,530,TUCSON,14,1,2016,16,10,0,4,Minor Arterial,,.,2,County Highway Agency,CR-VALENCIA RD,CR-CAMINO DE OESTE,32.13338056,-111.0628611,0,No Special Jurisdiction,12,Motor Vehicle In-Transport,6,Angle,0,2,2,0,1,1,Daylight,1,Clear,No,0,0,0,None,None,None,1,2,Non-Interstate,4,Minor arterial,1,Daytime,1,Weekday,2,Other Crash,2,Other Crash,2,Other Crash,2,Other Crash,2,Other Crash,2,Other Crash,2,Other Crash,3,Unknown BAC Crash,2,Other Crash,2,Other Crash,0,Not Tribal Lands
695,2013040643,40643,1,1,1,2,19,PIMA,0,NONE LISTED,30,11,2013,22,6,0,,.,15,Urban-Collector,,.,CAMINO DE OESTE,,32.12294444,-111.0630139,0,No Special Jurisdiction,8,Pedestrian,0,Not a Collision with Motor Vehicle In-Transport,0,1,1,0,1,3,Dark - Lighted,1,Clear,No,0,0,0,None,None,None,1,2,Non-Interstate,5,Collector,2,Nighttime,2,Weekend,2,Other Crash,2,Other Crash,1,Pedestrian Involved Crash,1,Involving a pedestrian fatality,2,Other Crash,2,Other Crash,2,Other Crash,1,Driver With Positive BAC Testing Crash,2,Other Crash,2,Other Crash,0,Not Tribal Lands
1244,2015040313,40313,1,1,0,1,19,PIMA,0,NONE LISTED,21,5,2015,23,30,0,5,Major Collector,,.,62,Bureau of Indian Affairs,MISSION RD,,32.03236667,-111.0655806,3,Indian Reservation,59,Traffic Sign Support,0,Not a Collision with Motor Vehicle In-Transport,0,1,1,0,4,2,Dark - Not Lighted,1,Clear,No,0,0,0,None,None,None,1,2,Non-Interstate,5,Collector,2,Nighttime,1,Weekday,2,Other Crash,1,Speeding Involved Crash,2,Other Crash,2,Other Crash,2,Other Crash,2,Other Crash,2,Other Crash,1,Driver With Positive BAC Testing Crash,2,Other Crash,2,Other Crash,1,Tribal Lands
462,2013040170,40170,1,1,0,2,5,COCONINO,0,NONE LISTED,8,3,2013,7,29,0,,.,6,Rural-Local Road or Street,,.,UNKNOWN RD,,36.6,-111.0666667,3,Indian Reservation,99,Unknown,99,Unknown,0,99,99,0,99,1,Daylight,99,Unknown,No,0,0,0,None,None,None,1,2,Non-Interstate,6,Local,1,Daytime,1,Weekday,2,Other Crash,2,Other Crash,2,Other Crash,2,Other Crash,2,Other Crash,2,Other Crash,2,Other Crash,3,Unknown BAC Crash,2,Other Crash,2,Other Crash,1,Tribal Lands
1354,2015040566,40566,1,1,0,1,21,PINAL,0,NONE LISTED,6,9,2015,11,15,0,5,Major Collector,,.,1,State Highway Agency,SR-177,,33.22079167,-111.0710278,0,No Special Jurisdiction,24,Guardrail Face,0,Not a Collision with Motor Vehicle In-Transport,0,1,1,0,4,1,Daylight,10,Cloudy,No,0,0,0,None,None,None,1,2,Non-Interstate,5,Collector,1,Daytime,2,Weekend,2,Other Crash,1,Speeding Involved Crash,2,Other Crash,2,Other Crash,2,Other Crash,2,Other Crash,2,Other Crash,2,All Drivers With ZERO BAC Testing Crash,2,Other Crash,2,Other Crash,0,Not Tribal Lands
1647,2016040381,40381,4,4,0,12,5,COCONINO,0,NONE LISTED,27,6,2016,10,40,0,5,Major Collector,,.,1,State Highway Agency,SR-98,,36.61229444,-111.0725861,3,Indian Reservation,1,Rollover/Overturn,0,Not a Collision with Motor Vehicle In-Transport,0,1,1,0,1,1,Daylight,1,Clear,No,0,0,0,None,None,None,2,2,Non-Interstate,5,Collector,1,Daytime,1,Weekday,1,Large Truck Involved Crash,2,Other Crash,2,Other Crash,2,Other Crash,2,Other Crash,2,Other Crash,2,Other Crash,3,Unknown BAC Crash,2,Other Crash,2,Other Crash,1,Tribal Lands
414,2013040057,40057,4,4,0,11,19,PIMA,0,NONE LISTED,27,1,2013,20,49,0,,.,15,Urban-Collector,,.,VALENCIA RD,,32.13343333,-111.0732083,0,No Special Jurisdiction,12,Motor Vehicle In-Transport,1,Front-to-Rear,0,1,1,0,1,2,Dark - Not Lighted,1,Clear,No,0,0,0,None,None,None,1,2,Non-Interstate,5,Collector,2,Nighttime,2,Weekend,2,Other Crash,1,Speeding Involved Crash,2,Other Crash,2,Other Crash,2,Other Crash,2,Other Crash,2,Other Crash,1,Driver With Positive BAC Testing Crash,2,Other Crash,2,Other Crash,0,Not Tribal Lands
1718,2016040571,40571,1,1,0,6,19,PIMA,0,NONE LISTED,21,9,2016,13,35,0,5,Major Collector,,.,62,Bureau of Indian Affairs,MISSION RD,,32.01455556,-111.0762444,3,Indian Reservation,1,Rollover/Overturn,0,Not a Collision with Motor Vehicle In-Transport,0,1,1,0,4,1,Daylight,1,Clear,No,0,0,0,None,None,None,2,2,Non-Interstate,5,Collector,1,Daytime,1,Weekday,2,Other Crash,1,Speeding Involved Crash,2,Other Crash,2,Other Crash,2,Other Crash,2,Other Crash,2,Other Crash,2,All Drivers With ZERO BAC Testing Crash,2,Other Crash,2,Other Crash,1,Tribal Lands
883,2014040242,40242,2,2,0,8,19,PIMA,0,NONE LISTED,11,5,2014,10,13,0,,.,16,Urban-Local Road or Street,,.,IGNACIO M BAUMEA RD,,32.12913056,-111.0805222,3,Indian Reservation,12,Motor Vehicle In-Transport,2,Front-to-Front,0,8,1,0,1,1,Daylight,1,Clear,No,0,0,0,None,None,None,1,2,Non-Interstate,6,Local,1,Daytime,2,Weekend,2,Other Crash,2,Other Crash,2,Other Crash,2,Other Crash,2,Other Crash,2,Other Crash,2,Other Crash,3,Unknown BAC Crash,1,Involving a Distracted Driver,2,Other Crash,1,Tribal Lands
641,2013040507,40507,2,2,0,2,19,PIMA,0,NONE LISTED,7,9,2013,16,43,0,,.,15,Urban-Collector,,.,BOPP RD,,32.17726944,-111.0832361,0,No Special Jurisdiction,12,Motor Vehicle In-Transport,99,Unknown,0,1,1,0,1,1,Daylight,1,Clear,No,0,0,0,None,None,None,1,2,Non-Interstate,5,Collector,1,Daytime,2,Weekend,2,Other Crash,2,Other Crash,2,Other Crash,2,Other Crash,2,Other Crash,2,Other Crash,2,Other Crash,1,Driver With Positive BAC Testing Crash,2,Other Crash,2,Other Crash,0,Not Tribal Lands
769,2014040006,40006,2,2,0,2,19,PIMA,0,NONE LISTED,11,1,2014,19,2,0,,.,14,Urban-Minor Arterial,,.,CORTARO FARMS RD,,32.35922778,-111.083475,0,No Special Jurisdiction,12,Motor Vehicle In-Transport,1,Front-to-Rear,0,8,1,0,1,2,Dark - Not Lighted,1,Clear,No,0,0,0,None,None,None,1,2,Non-Interstate,4,Minor arterial,2,Nighttime,2,Weekend,2,Other Crash,2,Other Crash,2,Other Crash,2,Other Crash,2,Other Crash,2,Other Crash,2,Other Crash,3,Unknown BAC Crash,2,Other Crash,2,Other Crash,0,Not Tribal Lands
72,2012040165,40165,4,4,0,6,21,PINAL,0,NONE LISTED,30,3,2012,15,2,0,,.,4,Rural-Major Collector,,.,SR-177,,33.23341667,-111.0922167,0,No Special Jurisdiction,1,Rollover/Overturn,0,Not a Collision with Motor Vehicle In-Transport,0,1,1,0,1,1,Daylight,1,Clear,No,0,0,0,None,None,None,2,2,Non-Interstate,5,Collector,1,Daytime,1,Weekday,2,Other Crash,1,Speeding Involved Crash,2,Other Crash,2,Other Crash,2,Other Crash,2,Other Crash,2,Other Crash,3,Unknown BAC Crash,2,Other Crash,2,Other Crash,0,Not Tribal Lands
1240,2015040308,40308,1,1,0,2,19,PIMA,295,MARANA,30,5,2015,1,36,0,7,Local,,.,3,Town or Township Highway Agency,TWIN PEAKS RD,JENA RAYE PL,32.38767222,-111.0964,0,No Special Jurisdiction,33,Curb,0,Not a Collision with Motor Vehicle In-Transport,0,3,3,0,3,2,Dark - Not Lighted,1,Clear,No,0,0,0,None,None,None,1,2,Non-Interstate,6,Local,2,Nighttime,2,Weekend,2,Other Crash,1,Speeding Involved Crash,2,Other Crash,2,Other Crash,2,Other Crash,2,Other Crash,2,Other Crash,1,Driver With Positive BAC Testing Crash,2,Other Crash,2,Other Crash,0,Not Tribal Lands
782,2014040035,40035,2,2,0,2,19,PIMA,0,NONE LISTED,13,2,2014,11,29,0,,.,15,Urban-Collector,,.,CR-BOPP RD,DONALD AVE,32.17728333,-111.0990833,0,No Special Jurisdiction,12,Motor Vehicle In-Transport,6,Angle,0,2,2,0,1,1,Daylight,1,Clear,No,0,0,0,None,None,None,1,2,Non-Interstate,5,Collector,1,Daytime,1,Weekday,2,Other Crash,2,Other Crash,2,Other Crash,2,Other Crash,2,Other Crash,2,Other Crash,2,Other Crash,3,Unknown BAC Crash,2,Other Crash,2,Other Crash,0,Not Tribal Lands
1744,2016040633,40633,1,1,0,4,5,COCONINO,0,NONE LISTED,18,9,2016,17,0,0,7,Local,,.,62,Bureau of Indian Affairs,BIA 6710,,35.94299167,-111.1027278,3,Indian Reservation,1,Rollover/Overturn,0,Not a Collision with Motor Vehicle In-Transport,0,1,1,0,1,6,Dark - Unknown Lighting,99,Unknown,No,0,0,0,None,None,None,1,2,Non-Interstate,6,Local,1,Daytime,2,Weekend,2,Other Crash,1,Speeding Involved Crash,2,Other Crash,2,Other Crash,2,Other Crash,2,Other Crash,2,Other Crash,3,Unknown BAC Crash,2,Other Crash,2,Other Crash,1,Tribal Lands
589,2013040410,40410,1,1,0,1,5,COCONINO,0,NONE LISTED,2,6,2013,8,30,0,,.,3,Rural-Minor Arterial,,.,SR-264,,36.01744722,-111.1044139,3,Indian Reservation,1,Rollover/Overturn,0,Not a Collision with Motor Vehicle In-Transport,0,99,99,0,99,1,Daylight,99,Unknown,No,0,0,0,None,None,None,1,2,Non-Interstate,4,Minor arterial,1,Daytime,2,Weekend,2,Other Crash,2,Other Crash,2,Other Crash,2,Other Crash,2,Other Crash,2,Other Crash,2,Other Crash,3,Unknown BAC Crash,2,Other Crash,2,Other Crash,1,Tribal Lands
326,2012040647,40647,1,1,1,1,21,PINAL,487,SUPERIOR,12,11,2012,19,46,0,,.,3,Rural-Minor Arterial,,.,US-60,,33.28726667,-111.1057444,0,No Special Jurisdiction,8,Pedestrian,0,Not a Collision with Motor Vehicle In-Transport,0,1,1,0,1,3,Dark - Lighted,1,Clear,No,0,0,0,None,None,None,1,2,Non-Interstate,4,Minor arterial,2,Nighttime,1,Weekday,1,Large Truck Involved Crash,2,Other Crash,1,Pedestrian Involved Crash,1,Involving a pedestrian fatality,2,Other Crash,2,Other Crash,2,Other Crash,2,All Drivers With ZERO BAC Testing Crash,2,Other Crash,2,Other Crash,0,Not Tribal Lands
1230,2015040291,40291,2,2,0,2,19,PIMA,0,NONE LISTED,16,5,2015,9,3,0,5,Major Collector,,.,2,County Highway Agency,BOPP RD,CAMINO VERDE,32.177275,-111.1057722,0,No Special Jurisdiction,12,Motor Vehicle In-Transport,2,Front-to-Front,0,3,3,0,1,1,Daylight,1,Clear,No,0,0,0,None,None,None,1,2,Non-Interstate,5,Collector,1,Daytime,2,Weekend,2,Other Crash,1,Speeding Involved Crash,2,Other Crash,2,Other Crash,2,Other Crash,2,Other Crash,2,Other Crash,1,Driver With Positive BAC Testing Crash,2,Other Crash,2,Other Crash,0,Not Tribal Lands
1762,2016040671,40671,2,2,0,3,19,PIMA,0,NONE LISTED,16,10,2016,16,47,0,5,Major Collector,,.,2,County Highway Agency,CR-CAMINO VERDE,,32.14983333,-111.10605,0,No Special Jurisdiction,12,Motor Vehicle In-Transport,2,Front-to-Front,0,1,1,0,1,1,Daylight,1,Clear,No,0,0,0,None,None,None,1,2,Non-Interstate,5,Collector,1,Daytime,2,Weekend,2,Other Crash,1,Speeding Involved Crash,2,Other Crash,2,Other Crash,2,Other Crash,2,Other Crash,2,Other Crash,3,Unknown BAC Crash,2,Other Crash,2,Other Crash,0,Not Tribal Lands
832,2014040136,40136,1,1,0,1,19,PIMA,295,MARANA,5,4,2014,21,56,0,,.,16,Urban-Local Road or Street,,.,TIFFANY LOOP RD,,32.37280556,-111.1098306,0,No Special Jurisdiction,43,Other Fixed Object,0,Not a Collision with Motor Vehicle In-Transport,0,1,1,0,4,2,Dark - Not Lighted,1,Clear,No,0,0,0,None,None,None,1,2,Non-Interstate,6,Local,2,Nighttime,2,Weekend,2,Other Crash,2,Other Crash,2,Other Crash,2,Other Crash,2,Other Crash,2,Other Crash,2,Other Crash,1,Driver With Positive BAC Testing Crash,2,Other Crash,2,Other Crash,0,Not Tribal Lands
545,2013040328,40328,2,2,0,6,5,COCONINO,0,NONE LISTED,17,6,2013,13,47,0,,.,4,Rural-Major Collector,,.,US-98,,36.57813333,-111.1148,3,Indian Reservation,12,Motor Vehicle In-Transport,2,Front-to-Front,0,1,1,0,1,1,Daylight,1,Clear,No,0,0,0,None,None,None,1,2,Non-Interstate,5,Collector,1,Daytime,1,Weekday,2,Other Crash,2,Other Crash,2,Other Crash,2,Other Crash,2,Other Crash,2,Other Crash,2,Other Crash,3,Unknown BAC Crash,2,Other Crash,2,Other Crash,1,Tribal Lands
1138,2015040070,40070,2,2,0,3,19,PIMA,0,NONE LISTED,6,2,2015,7,3,0,4,Minor Arterial,,.,1,State Highway Agency,SR-86,SAN JOAQUIN RD,32.15453333,-111.1156111,0,No Special Jurisdiction,12,Motor Vehicle In-Transport,6,Angle,0,2,3,0,1,1,Daylight,1,Clear,No,0,0,0,None,None,None,1,2,Non-Interstate,4,Minor arterial,1,Daytime,1,Weekday,2,Other Crash,2,Other Crash,2,Other Crash,2,Other Crash,2,Other Crash,2,Other Crash,2,Other Crash,3,Unknown BAC Crash,2,Other Crash,2,Other Crash,0,Not Tribal Lands
224,2012040469,40469,1,1,0,6,5,COCONINO,0,NONE LISTED,31,8,2012,23,50,0,,.,3,Rural-Minor Arterial,,.,SR-264,,36.01980833,-111.1181111,3,Indian Reservation,1,Rollover/Overturn,0,Not a Collision with Motor Vehicle In-Transport,0,1,1,0,1,2,Dark - Not Lighted,1,Clear,No,0,0,0,None,None,None,2,2,Non-Interstate,4,Minor arterial,2,Nighttime,2,Weekend,2,Other Crash,1,Speeding Involved Crash,2,Other Crash,2,Other Crash,2,Other Crash,2,Other Crash,2,Other Crash,3,Unknown BAC Crash,2,Other Crash,1,Involving a Drowsy Driver,1,Tribal Lands
283,2012040586,40586,1,1,0,3,5,COCONINO,0,NONE LISTED,1,9,2012,99,99,0,,.,3,Rural-Minor Arterial,,.,SR-264,,36.01980833,-111.1181111,3,Indian Reservation,1,Rollover/Overturn,0,Not a Collision with Motor Vehicle In-Transport,0,99,9,0,99,9,Unknown,99,Unknown,No,0,0,0,None,None,None,2,2,Non-Interstate,4,Minor arterial,3,Unknown,2,Weekend,2,Other Crash,2,Other Crash,2,Other Crash,2,Other Crash,2,Other Crash,2,Other Crash,2,Other Crash,3,Unknown BAC Crash,2,Other Crash,2,Other Crash,1,Tribal Lands
390,2013040018,40018,1,1,0,3,19,PIMA,0,NONE LISTED,20,1,2013,0,24,0,,.,4,Rural-Major Collector,,.,INA RD,,32.33758611,-111.119575,0,No Special Jurisdiction,38,Fence,0,Not a Collision with Motor Vehicle In-Transport,0,1,1,0,5,2,Dark - Not Lighted,1,Clear,No,0,0,0,None,None,None,1,2,Non-Interstate,5,Collector,2,Nighttime,2,Weekend,2,Other Crash,1,Speeding Involved Crash,2,Other Crash,2,Other Crash,2,Other Crash,2,Other Crash,2,Other Crash,2,All Drivers With ZERO BAC Testing Crash,2,Other Crash,2,Other Crash,0,Not Tribal Lands
14,2012040027,40027,3,3,0,6,19,PIMA,0,NONE LISTED,19,1,2012,17,33,0,,.,4,Rural-Major Collector,,.,PICTURE ROCKS RD,,32.32568056,-111.1211389,0,No Special Jurisdiction,12,Motor Vehicle In-Transport,8,Sideswipe - Opposite Direction,0,1,1,0,1,1,Daylight,1,Clear,No,0,0,0,None,None,None,1,2,Non-Interstate,5,Collector,1,Daytime,1,Weekday,1,Large Truck Involved Crash,2,Other Crash,2,Other Crash,2,Other Crash,2,Other Crash,2,Other Crash,2,Other Crash,3,Unknown BAC Crash,2,Other Crash,2,Other Crash,0,Not Tribal Lands
1491,2016040052,40052,1,1,0,1,7,GILA,0,NONE LISTED,20,2,2016,9,31,0,6,Minor Collector,,.,2,County Highway Agency,CR-FOREST ROAD 64- CONTROL RD,,34.31499722,-111.1242333,0,No Special Jurisdiction,1,Rollover/Overturn,0,Not a Collision with Motor Vehicle In-Transport,0,1,1,0,4,1,Daylight,1,Clear,No,0,0,0,None,None,None,1,2,Non-Interstate,5,Collector,1,Daytime,2,Weekend,2,Other Crash,2,Other Crash,2,Other Crash,2,Other Crash,2,Other Crash,2,Other Crash,2,Other Crash,3,Unknown BAC Crash,2,Other Crash,2,Other Crash,0,Not Tribal Lands
41,2012040089,40089,2,2,0,3,19,PIMA,0,NONE LISTED,25,2,2012,15,3,0,,.,4,Rural-Major Collector,,.,PICTURE ROCKS RD,,32.32650278,-111.1337528,0,No Special Jurisdiction,12,Motor Vehicle In-Transport,2,Front-to-Front,0,1,1,0,1,1,Daylight,1,Clear,No,0,0,0,None,None,None,1,2,Non-Interstate,5,Collector,1,Daytime,2,Weekend,2,Other Crash,2,Other Crash,2,Other Crash,2,Other Crash,2,Other Crash,2,Other Crash,2,Other Crash,3,Unknown BAC Crash,2,Other Crash,2,Other Crash,0,Not Tribal Lands