index,accident_id,ST_CASE,VE_TOTAL,VE_FORMS,PEDS,PERSONS,COUNTY,county_name,CITY,city_name,DAY,MONTH,YEAR,HOUR,MINUTE,NHS,FUNC_SYS,func_sys_lit,ROAD_FNC,road_fnc_lit,RD_OWNER,rd_owner_lit,TWAY_ID,TWAY_ID2,LATITUDE,LONGITUD,SP_JUR,sp_jur_lit,HARM_EV,harm_ev_lit,MAN_COLL,man_coll_lit,RELJCT1,RELJCT2,TYP_INT,WRK_ZONE,REL_ROAD,LGT_COND,lgt_cond_lit,WEATHER,weather_lit,SCH_BUS,CF1,CF2,CF3,cf1_lit,cf2_lit,cf3_lit,FATALS,A_INTER,a_inter_lit,A_ROADFC,a_road_fc_lit,A_TOD,a_tod_lit,A_DOW,a_dow_lit,A_LT,a_lt_lit,A_SPCRA,a_spcra_lit,A_PED,a_ped_lit,A_PED_F,a_ped_f_lit,A_PEDAL,a_pedal_lit,A_PEDAL_F,a_pedal_f_lit,A_POLPUR,a_polour_lit,A_POSBAC,a_posbac_lit,A_DIST,a_dist_lit,A_DROWSY,a_drowsy_lit,INDIAN_RES,indian_res_lit
1760,2016040669,40669,1,1,0,3,19,PIMA,0,NONE LISTED,12,10,2016,19,40,0,5,Major Collector,,.,1,State Highway Agency,SR-286,,31.66611944,-111.4879194,0,No Special Jurisdiction,1,Rollover/Overturn,0,Not a Collision with Motor Vehicle In-Transport,0,1,1,0,4,2,Dark - Not Lighted,1,Clear,No,0,0,0,None,None,None,2,2,Non-Interstate,5,Collector,2,Nighttime,1,Weekday,1,Large Truck Involved Crash,1,Speeding Involved Crash,2,Other Crash,2,Other Crash,2,Other Crash,2,Other Crash,2,Other Crash,2,All Drivers With ZERO BAC Testing Crash,2,Other Crash,2,Other Crash,0,Not Tribal Lands
1298,2015040457,40457,1,1,0,2,21,PINAL,110,COOLIDGE,19,6,2015,13,16,0,4,Minor Arterial,,.,1,State Highway Agency,SR-287,,33.00276389,-111.4881611,0,No Special Jurisdiction,1,Rollover/Overturn,0,Not a Collision with Motor Vehicle In-Transport,0,1,1,0,4,1,Daylight,1,Clear,No,0,0,0,None,None,None,1,2,Non-Interstate,4,Minor arterial,1,Daytime,1,Weekday,2,Other Crash,2,Other Crash,2,Other Crash,2,Other Crash,2,Other Crash,2,Other Crash,2,Other Crash,3,Unknown BAC Crash,2,Other Crash,2,Other Crash,0,Not Tribal Lands
802,2014040077,40077,1,1,0,1,21,PINAL,0,NONE LISTED,12,3,2014,22,34,0,,.,15,Urban-Collector,,.,SR-88,,33.45368889,-111.4930278,0,No Special Jurisdiction,1,Rollover/Overturn,0,Not a Collision with Motor Vehicle In-Transport,0,1,1,0,6,2,Dark - Not Lighted,1,Clear,No,0,0,0,None,None,None,1,2,Non-Interstate,5,Collector,2,Nighttime,1,Weekday,2,Other Crash,1,Speeding Involved Crash,2,Other Crash,2,Other Crash,2,Other Crash,2,Other Crash,2,Other Crash,1,Driver With Positive BAC Testing Crash,2,Other Crash,2,Other Crash,0,Not Tribal Lands
208,2012040439,40439,1,1,0,3,5,COCONINO,336,PAGE,18,8,2012,1,53,0,,.,6,Rural-Local Road or Street,,.,LAKE SHORE DR,,36.96084444,-111.4934556,0,No Special Jurisdiction,1,Rollover/Overturn,0,Not a Collision with Motor Vehicle In-Transport,0,1,1,0,1,2,Dark - Not Lighted,1,Clear,No,0,0,0,None,None,None,1,2,Non-Interstate,6,Local,2,Nighttime,2,Weekend,2,Other Crash,1,Speeding Involved Crash,2,Other Crash,2,Other Crash,2,Other Crash,2,Other Crash,2,Other Crash,1,Driver With Positive BAC Testing Crash,2,Other Crash,2,Other Crash,0,Not Tribal Lands
730,2013040733,40733,2,2,0,2,21,PINAL,22,APACHE JUNCTION,27,8,2013,6,31,0,,.,3,Rural-Minor Arterial,,.,US-60,MOUNTAIN VIEW RD,33.38301111,-111.4949139,0,No Special Jurisdiction,12,Motor Vehicle In-Transport,1,Front-to-Rear,0,3,3,0,1,4,Dawn,1,Clear,No,0,0,0,None,None,None,1,2,Non-Interstate,4,Minor arterial,1,Daytime,1,Weekday,1,Large Truck Involved Crash,2,Other Crash,2,Other Crash,2,Other Crash,2,Other Crash,2,Other Crash,2,Other Crash,3,Unknown BAC Crash,2,Other Crash,2,Other Crash,0,Not Tribal Lands
397,2013040034,40034,1,1,0,1,21,PINAL,0,NONE LISTED,4,1,2013,18,15,0,,.,6,Rural-Local Road or Street,,.,BELLA VISTA RD,,33.16193889,-111.4963389,0,No Special Jurisdiction,30,Utility Pole/Light Support,0,Not a Collision with Motor Vehicle In-Transport,0,1,1,0,4,2,Dark - Not Lighted,1,Clear,No,0,0,0,None,None,None,1,2,Non-Interstate,6,Local,2,Nighttime,2,Weekend,2,Other Crash,1,Speeding Involved Crash,2,Other Crash,2,Other Crash,2,Other Crash,2,Other Crash,2,Other Crash,1,Driver With Positive BAC Testing Crash,2,Other Crash,2,Other Crash,0,Not Tribal Lands
1356,2015040573,40573,1,1,0,1,5,COCONINO,0,NONE LISTED,12,9,2015,13,11,0,5,Major Collector,,.,1,State Highway Agency,SR-260,,34.51849722,-111.5063722,0,No Special Jurisdiction,24,Guardrail Face,0,Not a Collision with Motor Vehicle In-Transport,0,1,1,0,4,1,Daylight,1,Clear,No,0,0,0,None,None,None,1,2,Non-Interstate,5,Collector,1,Daytime,2,Weekend,2,Other Crash,1,Speeding Involved Crash,2,Other Crash,2,Other Crash,2,Other Crash,2,Other Crash,2,Other Crash,2,All Drivers With ZERO BAC Testing Crash,1,Involving a Distracted Driver,2,Other Crash,0,Not Tribal Lands
1123,2015040038,40038,3,3,0,3,21,PINAL,110,COOLIDGE,9,1,2015,7,8,0,4,Minor Arterial,,.,1,State Highway Agency,SR-287,CHRISTENSEN RD,33.00270556,-111.5065611,0,No Special Jurisdiction,12,Motor Vehicle In-Transport,1,Front-to-Rear,0,2,2,0,1,4,Dawn,10,Cloudy,No,0,0,0,None,None,None,1,2,Non-Interstate,4,Minor arterial,1,Daytime,1,Weekday,2,Other Crash,1,Speeding Involved Crash,2,Other Crash,2,Other Crash,2,Other Crash,2,Other Crash,2,Other Crash,3,Unknown BAC Crash,1,Involving a Distracted Driver,2,Other Crash,0,Not Tribal Lands
1676,2016040463,40463,1,1,0,1,21,PINAL,110,COOLIDGE,5,7,2016,6,7,0,7,Local,,.,4,City or Municipal Highway Agency,CHRISTENSEN RD,,32.98082778,-111.5065639,0,No Special Jurisdiction,35,Embankment,0,Not a Collision with Motor Vehicle In-Transport,0,1,1,0,4,1,Daylight,1,Clear,No,0,0,0,None,None,None,1,2,Non-Interstate,6,Local,1,Daytime,1,Weekday,2,Other Crash,2,Other Crash,2,Other Crash,2,Other Crash,2,Other Crash,2,Other Crash,2,Other Crash,1,Driver With Positive BAC Testing Crash,2,Other Crash,2,Other Crash,0,Not Tribal Lands
879,2014040237,40237,2,2,0,2,7,GILA,0,NONE LISTED,8,5,2014,13,18,0,,.,4,Rural-Major Collector,,.,SR-87,,34.42110833,-111.50805,0,No Special Jurisdiction,12,Motor Vehicle In-Transport,8,Sideswipe - Opposite Direction,0,1,1,0,1,1,Daylight,10,Cloudy,No,0,0,0,None,None,None,1,2,Non-Interstate,5,Collector,1,Daytime,1,Weekday,2,Other Crash,1,Speeding Involved Crash,2,Other Crash,2,Other Crash,2,Other Crash,2,Other Crash,2,Other Crash,3,Unknown BAC Crash,2,Other Crash,2,Other Crash,0,Not Tribal Lands
975,2014040442,40442,1,1,0,2,5,COCONINO,0,NONE LISTED,9,8,2014,10,39,0,,.,4,Rural-Major Collector,,.,SR-87,,34.42173056,-111.5117889,0,No Special Jurisdiction,24,Guardrail Face,0,Not a Collision with Motor Vehicle In-Transport,0,1,1,0,4,1,Daylight,10,Cloudy,No,0,0,0,None,None,None,1,2,Non-Interstate,5,Collector,1,Daytime,2,Weekend,2,Other Crash,1,Speeding Involved Crash,2,Other Crash,2,Other Crash,2,Other Crash,2,Other Crash,2,Other Crash,3,Unknown BAC Crash,2,Other Crash,2,Other Crash,0,Not Tribal Lands
337,2012040672,40672,1,1,0,1,19,PIMA,0,NONE LISTED,1,12,2012,7,18,0,,.,3,Rural-Minor Arterial,,.,SR-86,,32.03753889,-111.5124833,3,Indian Reservation,35,Embankment,0,Not a Collision with Motor Vehicle In-Transport,0,1,1,0,4,1,Daylight,1,Clear,No,0,0,0,None,None,None,1,2,Non-Interstate,4,Minor arterial,1,Daytime,2,Weekend,2,Other Crash,1,Speeding Involved Crash,2,Other Crash,2,Other Crash,2,Other Crash,2,Other Crash,2,Other Crash,1,Driver With Positive BAC Testing Crash,2,Other Crash,2,Other Crash,1,Tribal Lands
1709,2016040551,40551,2,2,0,3,21,PINAL,0,NONE LISTED,28,7,2016,3,56,0,4,Minor Arterial,,.,1,State Highway Agency,SR-287 STEELE RD,SR-87,32.87953611,-111.5151833,0,No Special Jurisdiction,12,Motor Vehicle In-Transport,6,Angle,0,2,2,0,1,2,Dark - Not Lighted,1,Clear,No,0,0,0,None,None,None,1,2,Non-Interstate,4,Minor arterial,2,Nighttime,1,Weekday,1,Large Truck Involved Crash,2,Other Crash,2,Other Crash,2,Other Crash,2,Other Crash,2,Other Crash,2,Other Crash,3,Unknown BAC Crash,2,Other Crash,2,Other Crash,0,Not Tribal Lands
1582,2016040237,40237,2,2,0,4,21,PINAL,0,NONE LISTED,5,4,2016,8,43,0,4,Minor Arterial,,.,1,State Highway Agency,SR-87,SR-287,32.87952222,-111.5151917,0,No Special Jurisdiction,12,Motor Vehicle In-Transport,6,Angle,0,2,2,0,1,1,Daylight,1,Clear,No,0,0,0,None,None,None,1,2,Non-Interstate,4,Minor arterial,1,Daytime,1,Weekday,2,Other Crash,2,Other Crash,2,Other Crash,2,Other Crash,2,Other Crash,2,Other Crash,2,Other Crash,3,Unknown BAC Crash,2,Other Crash,2,Other Crash,0,Not Tribal Lands
479,2013040203,40203,2,2,0,2,21,PINAL,0,NONE LISTED,13,4,2013,6,40,0,,.,4,Rural-Major Collector,,.,SR-87,,32.82696389,-111.5152972,0,No Special Jurisdiction,12,Motor Vehicle In-Transport,2,Front-to-Front,0,1,1,0,1,1,Daylight,1,Clear,No,0,0,0,None,None,None,1,2,Non-Interstate,5,Collector,1,Daytime,2,Weekend,1,Large Truck Involved Crash,1,Speeding Involved Crash,2,Other Crash,2,Other Crash,2,Other Crash,2,Other Crash,2,Other Crash,2,All Drivers With ZERO BAC Testing Crash,2,Other Crash,2,Other Crash,0,Not Tribal Lands
572,2013040382,40382,1,1,1,1,5,COCONINO,0,NONE LISTED,8,7,2013,16,41,0,,.,6,Rural-Local Road or Street,,.,PIONEER VALLEY RD,,35.28175,-111.5156167,0,No Special Jurisdiction,8,Pedestrian,0,Not a Collision with Motor Vehicle In-Transport,0,1,1,0,1,1,Daylight,1,Clear,No,0,0,0,None,None,None,1,2,Non-Interstate,6,Local,1,Daytime,1,Weekday,2,Other Crash,2,Other Crash,1,Pedestrian Involved Crash,1,Involving a pedestrian fatality,2,Other Crash,2,Other Crash,2,Other Crash,2,All Drivers With ZERO BAC Testing Crash,1,Involving a Distracted Driver,2,Other Crash,0,Not Tribal Lands
350,2012040708,40708,2,2,0,4,21,PINAL,160,ELOY,6,12,2012,11,50,0,,.,4,Rural-Major Collector,,.,SR-87,MILLIGAN RD,32.734125,-111.5157972,0,No Special Jurisdiction,12,Motor Vehicle In-Transport,6,Angle,0,2,7,0,1,1,Daylight,1,Clear,No,0,0,0,None,None,None,2,2,Non-Interstate,5,Collector,1,Daytime,1,Weekday,2,Other Crash,2,Other Crash,2,Other Crash,2,Other Crash,2,Other Crash,2,Other Crash,2,Other Crash,3,Unknown BAC Crash,2,Other Crash,2,Other Crash,0,Not Tribal Lands
1184,2015040178,40178,6,1,0,1,21,PINAL,110,COOLIDGE,30,3,2015,16,55,0,7,Local,,.,4,City or Municipal Highway Agency,CENTRAL AVE,,32.97769167,-111.5171583,0,No Special Jurisdiction,14,Parked Motor Vehicle,0,Not a Collision with Motor Vehicle In-Transport,0,8,1,0,4,1,Daylight,1,Clear,No,0,0,0,None,None,None,1,2,Non-Interstate,6,Local,1,Daytime,1,Weekday,2,Other Crash,2,Other Crash,2,Other Crash,2,Other Crash,2,Other Crash,2,Other Crash,2,Other Crash,1,Driver With Positive BAC Testing Crash,2,Other Crash,2,Other Crash,0,Not Tribal Lands
1051,2014040609,40609,1,1,0,1,21,PINAL,160,ELOY,23,12,2014,17,28,0,,.,6,Rural-Local Road or Street,,.,ALSDORF RD,,32.74858611,-111.5247917,0,No Special Jurisdiction,34,Ditch,0,Not a Collision with Motor Vehicle In-Transport,0,1,1,0,4,5,Dusk,1,Clear,No,0,0,0,None,None,None,1,2,Non-Interstate,6,Local,1,Daytime,1,Weekday,2,Other Crash,1,Speeding Involved Crash,2,Other Crash,2,Other Crash,2,Other Crash,2,Other Crash,2,Other Crash,1,Driver With Positive BAC Testing Crash,2,Other Crash,2,Other Crash,0,Not Tribal Lands
1302,2015040465,40465,1,1,0,1,21,PINAL,0,NONE LISTED,22,7,2015,19,47,0,5,Major Collector,,.,2,County Highway Agency,CR-SCHNEPF RD,CR-SKYLINE RD,33.19138333,-111.5284361,0,No Special Jurisdiction,34,Ditch,0,Not a Collision with Motor Vehicle In-Transport,0,3,3,0,4,2,Dark - Not Lighted,1,Clear,No,0,0,0,None,None,None,1,2,Non-Interstate,5,Collector,2,Nighttime,1,Weekday,2,Other Crash,2,Other Crash,2,Other Crash,2,Other Crash,2,Other Crash,2,Other Crash,2,Other Crash,3,Unknown BAC Crash,2,Other Crash,2,Other Crash,0,Not Tribal Lands
1182,2015040176,40176,2,2,0,2,21,PINAL,22,APACHE JUNCTION,29,3,2015,18,1,0,4,Minor Arterial,,.,4,City or Municipal Highway Agency,TOMAHAWK RD,JUNCTION ST,33.41511111,-111.5287917,0,No Special Jurisdiction,12,Motor Vehicle In-Transport,6,Angle,0,2,2,0,1,1,Daylight,1,Clear,No,0,0,0,None,None,None,1,2,Non-Interstate,4,Minor arterial,2,Nighttime,2,Weekend,2,Other Crash,2,Other Crash,2,Other Crash,2,Other Crash,2,Other Crash,2,Other Crash,2,Other Crash,3,Unknown BAC Crash,2,Other Crash,2,Other Crash,0,Not Tribal Lands
811,2014040093,40093,2,2,0,2,5,COCONINO,0,NONE LISTED,4,2,2014,13,47,0,,.,14,Urban-Minor Arterial,,.,TOWNSEND WINONA RD,,35.24988333,-111.53115,0,No Special Jurisdiction,12,Motor Vehicle In-Transport,2,Front-to-Front,0,1,1,0,1,1,Daylight,10,Cloudy,No,0,0,0,None,None,None,1,2,Non-Interstate,4,Minor arterial,1,Daytime,1,Weekday,2,Other Crash,2,Other Crash,2,Other Crash,2,Other Crash,2,Other Crash,2,Other Crash,2,Other Crash,3,Unknown BAC Crash,2,Other Crash,2,Other Crash,0,Not Tribal Lands
541,2013040318,40318,1,1,0,1,5,COCONINO,0,NONE LISTED,8,6,2013,15,53,0,,.,15,Urban-Collector,,.,TOWNSEND WINONA RD,,35.24693889,-111.534725,0,No Special Jurisdiction,1,Rollover/Overturn,0,Not a Collision with Motor Vehicle In-Transport,0,1,1,0,2,1,Daylight,1,Clear,No,0,0,0,None,None,None,1,2,Non-Interstate,5,Collector,1,Daytime,2,Weekend,2,Other Crash,1,Speeding Involved Crash,2,Other Crash,2,Other Crash,2,Other Crash,2,Other Crash,2,Other Crash,1,Driver With Positive BAC Testing Crash,2,Other Crash,2,Other Crash,0,Not Tribal Lands
771,2014040013,40013,1,1,0,1,5,COCONINO,0,NONE LISTED,22,1,2014,13,48,0,,.,14,Urban-Minor Arterial,,.,TOWNSEND-WINONA RD,,35.24634167,-111.5356444,0,No Special Jurisdiction,30,Utility Pole/Light Support,0,Not a Collision with Motor Vehicle In-Transport,0,1,1,0,4,1,Daylight,1,Clear,No,0,0,0,None,None,None,1,2,Non-Interstate,4,Minor arterial,1,Daytime,1,Weekday,2,Other Crash,1,Speeding Involved Crash,2,Other Crash,2,Other Crash,2,Other Crash,2,Other Crash,2,Other Crash,1,Driver With Positive BAC Testing Crash,2,Other Crash,2,Other Crash,0,Not Tribal Lands
738,2013040755,40755,1,1,0,5,13,MARICOPA,0,NONE LISTED,19,11,2013,16,2,0,,.,4,Rural-Major Collector,,.,BUSH HWY,,33.55958056,-111.5393944,0,No Special Jurisdiction,1,Rollover/Overturn,0,Not a Collision with Motor Vehicle In-Transport,0,1,1,0,4,1,Daylight,10,Cloudy,No,0,0,0,None,None,None,1,2,Non-Interstate,5,Collector,1,Daytime,1,Weekday,2,Other Crash,1,Speeding Involved Crash,2,Other Crash,2,Other Crash,2,Other Crash,2,Other Crash,2,Other Crash,2,All Drivers With ZERO BAC Testing Crash,2,Other Crash,2,Other Crash,0,Not Tribal Lands
1144,2015040093,40093,3,3,0,3,21,PINAL,110,COOLIDGE,25,2,2015,9,47,0,4,Minor Arterial,,.,1,State Highway Agency,SR-87,KENWORTHY RD,33.00251111,-111.5411917,0,No Special Jurisdiction,12,Motor Vehicle In-Transport,9,Rear-to-Side,0,3,3,0,1,1,Daylight,1,Clear,No,0,0,0,None,None,None,1,2,Non-Interstate,4,Minor arterial,1,Daytime,1,Weekday,1,Large Truck Involved Crash,1,Speeding Involved Crash,2,Other Crash,2,Other Crash,2,Other Crash,2,Other Crash,2,Other Crash,3,Unknown BAC Crash,1,Involving a Distracted Driver,2,Other Crash,0,Not Tribal Lands
1337,2015040527,40527,2,2,0,5,21,PINAL,110,COOLIDGE,21,8,2015,17,16,0,7,Local,,.,4,City or Municipal Highway Agency,KENWORTHY RD,NORTHERN AVE,32.98050833,-111.5412389,0,No Special Jurisdiction,12,Motor Vehicle In-Transport,6,Angle,0,2,2,0,1,1,Daylight,1,Clear,No,0,0,0,None,None,None,1,2,Non-Interstate,6,Local,1,Daytime,1,Weekday,2,Other Crash,1,Speeding Involved Crash,2,Other Crash,2,Other Crash,2,Other Crash,2,Other Crash,2,Other Crash,3,Unknown BAC Crash,1,Involving a Distracted Driver,2,Other Crash,0,Not Tribal Lands
1039,2014040587,40587,1,1,0,2,5,COCONINO,0,NONE LISTED,30,8,2014,16,4,0,,.,4,Rural-Major Collector,,.,STONEMAN LAKE RD,,34.768375,-111.5555306,0,No Special Jurisdiction,99,Unknown,99,Unknown,0,99,99,0,99,1,Daylight,99,Unknown,No,0,0,0,None,None,None,1,2,Non-Interstate,5,Collector,1,Daytime,2,Weekend,2,Other Crash,2,Other Crash,2,Other Crash,2,Other Crash,2,Other Crash,2,Other Crash,2,Other Crash,3,Unknown BAC Crash,2,Other Crash,2,Other Crash,0,Not Tribal Lands
1226,2015040277,40277,2,2,0,6,21,PINAL,22,APACHE JUNCTION,1,5,2015,20,12,0,4,Minor Arterial,,.,4,City or Municipal Highway Agency,SUPERSTITION BLVD,,33.422325,-111.5577056,0,No Special Jurisdiction,12,Motor Vehicle In-Transport,2,Front-to-Front,0,1,1,0,1,3,Dark - Lighted,1,Clear,No,0,0,0,None,None,None,1,2,Non-Interstate,4,Minor arterial,2,Nighttime,2,Weekend,2,Other Crash,1,Speeding Involved Crash,2,Other Crash,2,Other Crash,2,Other Crash,2,Other Crash,2,Other Crash,3,Unknown BAC Crash,2,Other Crash,2,Other Crash,0,Not Tribal Lands
1768,2016040692,40692,2,2,0,3,21,PINAL,0,NONE LISTED,16,8,2016,8,29,0,4,Minor Arterial,,.,2,County Highway Agency,CR-HUNT HWY,,33.15963333,-111.5615528,0,No Special Jurisdiction,12,Motor Vehicle In-Transport,6,Angle,0,8,1,0,1,1,Daylight,1,Clear,No,0,0,0,None,None,None,1,2,Non-Interstate,4,Minor arterial,1,Daytime,1,Weekday,2,Other Crash,2,Other Crash,2,Other Crash,2,Other Crash,2,Other Crash,2,Other Crash,2,Other Crash,3,Unknown BAC Crash,2,Other Crash,2,Other Crash,0,Not Tribal Lands
690,2013040632,40632,1,1,0,1,21,PINAL,22,APACHE JUNCTION,13,11,2013,16,43,0,,.,4,Rural-Major Collector,,.,IRONWOOD DR,,33.37346111,-111.56285,0,No Special Jurisdiction,43,Other Fixed Object,0,Not a Collision with Motor Vehicle In-Transport,0,1,1,0,4,5,Dusk,1,Clear,No,0,0,0,None,None,None,1,2,Non-Interstate,5,Collector,1,Daytime,1,Weekday,2,Other Crash,1,Speeding Involved Crash,2,Other Crash,2,Other Crash,2,Other Crash,2,Other Crash,2,Other Crash,1,Driver With Positive BAC Testing Crash,2,Other Crash,2,Other Crash,0,Not Tribal Lands
148,2012040317,40317,2,2,0,5,21,PINAL,0,NONE LISTED,25,5,2012,19,25,0,,.,4,Rural-Major Collector,,.,GANTZEL RD,OCOTILLO RD,33.24899444,-111.5632556,0,No Special Jurisdiction,12,Motor Vehicle In-Transport,6,Angle,0,2,2,0,1,1,Daylight,1,Clear,No,0,0,0,None,None,None,1,2,Non-Interstate,5,Collector,2,Nighttime,2,Weekend,2,Other Crash,1,Speeding Involved Crash,2,Other Crash,2,Other Crash,2,Other Crash,2,Other Crash,2,Other Crash,1,Driver With Positive BAC Testing Crash,2,Other Crash,2,Other Crash,0,Not Tribal Lands
364,2012040730,40730,2,2,0,6,21,PINAL,0,NONE LISTED,22,12,2012,14,16,0,,.,6,Rural-Local Road or Street,,.,COMBS RD,GANTZEL RD,33.21993333,-111.5632611,0,No Special Jurisdiction,12,Motor Vehicle In-Transport,2,Front-to-Front,0,2,2,0,1,1,Daylight,1,Clear,No,0,0,0,None,None,None,1,2,Non-Interstate,6,Local,1,Daytime,2,Weekend,2,Other Crash,2,Other Crash,2,Other Crash,2,Other Crash,2,Other Crash,2,Other Crash,2,Other Crash,3,Unknown BAC Crash,2,Other Crash,2,Other Crash,0,Not Tribal Lands
1011,2014040520,40520,1,1,1,3,21,PINAL,0,NONE LISTED,21,9,2014,21,44,0,,.,14,Urban-Minor Arterial,,.,CR-GANTZEL RD,,33.23202222,-111.5632944,0,No Special Jurisdiction,15,Non-Motorist on Personal Conveyance,0,Not a Collision with Motor Vehicle In-Transport,0,1,1,0,1,2,Dark - Not Lighted,1,Clear,No,0,0,0,None,None,None,1,2,Non-Interstate,4,Minor arterial,2,Nighttime,2,Weekend,2,Other Crash,2,Other Crash,2,Other Crash,2,Other Crash,2,Other Crash,2,Other Crash,2,Other Crash,3,Unknown BAC Crash,1,Involving a Distracted Driver,2,Other Crash,0,Not Tribal Lands
432,2013040101,40101,2,2,0,2,21,PINAL,22,APACHE JUNCTION,6,3,2013,19,58,0,,.,14,Urban-Minor Arterial,,.,IRONWOOD DR,US-60 RAMP,33.38591111,-111.5633556,0,No Special Jurisdiction,12,Motor Vehicle In-Transport,6,Angle,1,2,2,0,1,3,Dark - Lighted,98,Not Reported,No,0,0,0,None,None,None,1,2,Non-Interstate,4,Minor arterial,2,Nighttime,1,Weekday,2,Other Crash,2,Other Crash,2,Other Crash,2,Other Crash,2,Other Crash,2,Other Crash,2,Other Crash,2,All Drivers With ZERO BAC Testing Crash,2,Other Crash,2,Other Crash,0,Not Tribal Lands
1549,2016040164,40164,2,2,0,3,21,PINAL,22,APACHE JUNCTION,1,4,2016,21,31,0,4,Minor Arterial,,.,4,City or Municipal Highway Agency,IRONWOOD DR,ROUNDUP ST,33.42598333,-111.5634333,0,No Special Jurisdiction,12,Motor Vehicle In-Transport,6,Angle,0,2,2,0,1,3,Dark - Lighted,1,Clear,No,0,0,0,None,None,None,1,2,Non-Interstate,4,Minor arterial,2,Nighttime,2,Weekend,2,Other Crash,2,Other Crash,2,Other Crash,2,Other Crash,2,Other Crash,2,Other Crash,2,Other Crash,2,All Drivers With ZERO BAC Testing Crash,2,Other Crash,2,Other Crash,0,Not Tribal Lands
285,2012040588,40588,1,1,0,1,21,PINAL,0,NONE LISTED,1,9,2012,21,23,0,,.,16,Urban-Local Road or Street,,.,IRONWOOD RD,,33.31673889,-111.5634333,0,No Special Jurisdiction,1,Rollover/Overturn,0,Not a Collision with Motor Vehicle In-Transport,0,1,1,0,1,2,Dark - Not Lighted,10,Cloudy,No,0,0,0,None,None,None,1,2,Non-Interstate,6,Local,2,Nighttime,2,Weekend,2,Other Crash,1,Speeding Involved Crash,2,Other Crash,2,Other Crash,2,Other Crash,2,Other Crash,2,Other Crash,1,Driver With Positive BAC Testing Crash,2,Other Crash,2,Other Crash,0,Not Tribal Lands
684,2013040622,40622,1,1,0,2,21,PINAL,0,NONE LISTED,23,9,2013,9,52,0,,.,4,Rural-Major Collector,,.,IRONWOOD DR,,33.29971111,-111.5634667,0,No Special Jurisdiction,1,Rollover/Overturn,0,Not a Collision with Motor Vehicle In-Transport,0,1,1,0,3,1,Daylight,1,Clear,No,0,0,0,None,None,None,1,2,Non-Interstate,5,Collector,1,Daytime,1,Weekday,2,Other Crash,1,Speeding Involved Crash,2,Other Crash,2,Other Crash,2,Other Crash,2,Other Crash,2,Other Crash,1,Driver With Positive BAC Testing Crash,2,Other Crash,2,Other Crash,0,Not Tribal Lands
1770,2016040695,40695,2,2,3,3,21,PINAL,0,NONE LISTED,8,10,2016,22,39,0,4,Minor Arterial,,.,2,County Highway Agency,CR-IRONWOOD DR,,33.33870833,-111.5635139,0,No Special Jurisdiction,8,Pedestrian,0,Not a Collision with Motor Vehicle In-Transport,0,1,1,0,1,2,Dark - Not Lighted,1,Clear,No,19,0,0,Recent/Previous Crash scene Nearby,None,None,1,2,Non-Interstate,4,Minor arterial,2,Nighttime,2,Weekend,2,Other Crash,2,Other Crash,1,Pedestrian Involved Crash,1,Involving a pedestrian fatality,2,Other Crash,2,Other Crash,2,Other Crash,1,Driver With Positive BAC Testing Crash,2,Other Crash,2,Other Crash,0,Not Tribal Lands
747,2013040780,40780,1,1,0,1,21,PINAL,0,NONE LISTED,3,12,2013,17,41,0,,.,4,Rural-Major Collector,,.,IRONWOOD DR,,33.33666667,-111.5635167,0,No Special Jurisdiction,1,Rollover/Overturn,0,Not a Collision with Motor Vehicle In-Transport,0,1,1,0,4,5,Dusk,1,Clear,No,0,0,0,None,None,None,1,2,Non-Interstate,5,Collector,1,Daytime,1,Weekday,2,Other Crash,2,Other Crash,2,Other Crash,2,Other Crash,2,Other Crash,2,Other Crash,2,Other Crash,3,Unknown BAC Crash,2,Other Crash,2,Other Crash,0,Not Tribal Lands
105,2012040228,40228,1,1,1,1,21,PINAL,22,APACHE JUNCTION,28,4,2012,3,58,0,,.,16,Urban-Local Road or Street,,.,ROUNDUP ST,,33.42595278,-111.5647083,0,No Special Jurisdiction,8,Pedestrian,0,Not a Collision with Motor Vehicle In-Transport,0,1,1,0,1,2,Dark - Not Lighted,1,Clear,No,0,0,0,None,None,None,1,2,Non-Interstate,6,Local,2,Nighttime,2,Weekend,2,Other Crash,2,Other Crash,1,Pedestrian Involved Crash,1,Involving a pedestrian fatality,2,Other Crash,2,Other Crash,2,Other Crash,2,All Drivers With ZERO BAC Testing Crash,2,Other Crash,2,Other Crash,0,Not Tribal Lands
981,2014040458,40458,1,1,0,6,21,PINAL,22,APACHE JUNCTION,14,9,2014,18,57,0,,.,16,Urban-Local Road or Street,,.,TEPEE ST,,33.429575,-111.5656556,0,No Special Jurisdiction,1,Rollover/Overturn,0,Not a Collision with Motor Vehicle In-Transport,0,1,1,0,1,2,Dark - Not Lighted,98,Not Reported,No,0,0,0,None,None,None,1,2,Non-Interstate,6,Local,2,Nighttime,2,Weekend,2,Other Crash,1,Speeding Involved Crash,2,Other Crash,2,Other Crash,2,Other Crash,2,Other Crash,2,Other Crash,3,Unknown BAC Crash,1,Involving a Distracted Driver,2,Other Crash,0,Not Tribal Lands
375,2012040747,40747,2,2,0,2,21,PINAL,0,NONE LISTED,14,12,2012,16,30,0,,.,5,Rural-Minor Collector,,.,COMBS RD,,33.21994167,-111.5667361,0,No Special Jurisdiction,12,Motor Vehicle In-Transport,6,Angle,0,8,1,0,1,1,Daylight,2,Rain,No,0,0,0,None,None,None,1,2,Non-Interstate,5,Collector,1,Daytime,1,Weekday,2,Other Crash,2,Other Crash,2,Other Crash,2,Other Crash,2,Other Crash,2,Other Crash,2,Other Crash,3,Unknown BAC Crash,2,Other Crash,2,Other Crash,0,Not Tribal Lands