index,accident_id,ST_CASE,VE_TOTAL,VE_FORMS,PEDS,PERSONS,COUNTY,county_name,CITY,city_name,DAY,MONTH,YEAR,HOUR,MINUTE,NHS,FUNC_SYS,func_sys_lit,ROAD_FNC,road_fnc_lit,RD_OWNER,rd_owner_lit,TWAY_ID,TWAY_ID2,LATITUDE,LONGITUD,SP_JUR,sp_jur_lit,HARM_EV,harm_ev_lit,MAN_COLL,man_coll_lit,RELJCT1,RELJCT2,TYP_INT,WRK_ZONE,REL_ROAD,LGT_COND,lgt_cond_lit,WEATHER,weather_lit,SCH_BUS,CF1,CF2,CF3,cf1_lit,cf2_lit,cf3_lit,FATALS,A_INTER,a_inter_lit,A_ROADFC,a_road_fc_lit,A_TOD,a_tod_lit,A_DOW,a_dow_lit,A_LT,a_lt_lit,A_SPCRA,a_spcra_lit,A_PED,a_ped_lit,A_PED_F,a_ped_f_lit,A_PEDAL,a_pedal_lit,A_PEDAL_F,a_pedal_f_lit,A_POLPUR,a_polour_lit,A_POSBAC,a_posbac_lit,A_DIST,a_dist_lit,A_DROWSY,a_drowsy_lit,INDIAN_RES,indian_res_lit
597,2013040419,40419,1,1,0,1,13,MARICOPA,0,NONE LISTED,19,6,2013,16,51,0,,.,14,Urban-Minor Arterial,,.,ELLSWORTH RD,DENNIS ST,33.42780556,-111.6326389,0,No Special Jurisdiction,1,Rollover/Overturn,0,Not a Collision with Motor Vehicle In-Transport,0,2,2,0,1,1,Daylight,1,Clear,No,0,0,0,None,None,None,1,2,Non-Interstate,4,Minor arterial,1,Daytime,1,Weekday,2,Other Crash,2,Other Crash,2,Other Crash,2,Other Crash,2,Other Crash,2,Other Crash,2,Other Crash,2,All Drivers With ZERO BAC Testing Crash,2,Other Crash,2,Other Crash,0,Not Tribal Lands
1622,2016040324,40324,2,2,0,5,13,MARICOPA,290,MESA,31,5,2016,20,29,0,4,Minor Arterial,,.,4,City or Municipal Highway Agency,UNIVERSITY DR,ELLSWORTH RD,33.42237778,-111.6326639,0,No Special Jurisdiction,12,Motor Vehicle In-Transport,6,Angle,0,2,2,0,1,3,Dark - Lighted,1,Clear,No,0,0,0,None,None,None,1,2,Non-Interstate,4,Minor arterial,2,Nighttime,1,Weekday,2,Other Crash,1,Speeding Involved Crash,2,Other Crash,2,Other Crash,2,Other Crash,2,Other Crash,2,Other Crash,3,Unknown BAC Crash,2,Other Crash,2,Other Crash,0,Not Tribal Lands
950,2014040388,40388,2,2,0,2,13,MARICOPA,0,NONE LISTED,2,8,2014,7,40,0,,.,14,Urban-Minor Arterial,,.,BROADWAY RD,ELLSWORTH RD,33.40786667,-111.6327083,0,No Special Jurisdiction,12,Motor Vehicle In-Transport,1,Front-to-Rear,0,3,2,0,1,1,Daylight,10,Cloudy,No,0,0,0,None,None,None,1,2,Non-Interstate,4,Minor arterial,1,Daytime,2,Weekend,2,Other Crash,1,Speeding Involved Crash,2,Other Crash,2,Other Crash,2,Other Crash,2,Other Crash,2,Other Crash,3,Unknown BAC Crash,2,Other Crash,2,Other Crash,0,Not Tribal Lands
488,2013040217,40217,2,2,0,2,13,MARICOPA,290,MESA,3,4,2013,9,24,0,,.,14,Urban-Minor Arterial,,.,ELLSWORTH RD,MCKELLIPS RD,33.45133611,-111.6342194,0,No Special Jurisdiction,12,Motor Vehicle In-Transport,6,Angle,0,2,2,0,1,1,Daylight,1,Clear,No,0,0,0,None,None,None,1,2,Non-Interstate,4,Minor arterial,1,Daytime,1,Weekday,2,Other Crash,2,Other Crash,2,Other Crash,2,Other Crash,2,Other Crash,2,Other Crash,2,Other Crash,2,All Drivers With ZERO BAC Testing Crash,2,Other Crash,2,Other Crash,0,Not Tribal Lands
640,2013040505,40505,2,2,0,4,13,MARICOPA,290,MESA,4,9,2013,9,51,0,,.,15,Urban-Collector,,.,ELLSWORTH RD,,33.33071944,-111.6354667,0,No Special Jurisdiction,12,Motor Vehicle In-Transport,99,Unknown,0,1,1,0,1,1,Daylight,1,Clear,No,0,0,0,None,None,None,3,2,Non-Interstate,5,Collector,1,Daytime,1,Weekday,2,Other Crash,2,Other Crash,2,Other Crash,2,Other Crash,2,Other Crash,2,Other Crash,2,Other Crash,3,Unknown BAC Crash,2,Other Crash,2,Other Crash,0,Not Tribal Lands
1062,2014040636,40636,2,2,1,5,13,MARICOPA,290,MESA,14,12,2014,16,19,0,,.,14,Urban-Minor Arterial,,.,ELLSWORTH RD,,33.36048889,-111.6358111,0,No Special Jurisdiction,12,Motor Vehicle In-Transport,7,Sideswipe - Same Direction,0,1,1,0,1,1,Daylight,1,Clear,No,0,0,0,None,None,None,1,2,Non-Interstate,4,Minor arterial,1,Daytime,2,Weekend,2,Other Crash,2,Other Crash,2,Other Crash,2,Other Crash,1,Pedalcyclist Involved Crash,1,Involving a pedacyclist fatality,2,Other Crash,3,Unknown BAC Crash,2,Other Crash,1,Involving a Drowsy Driver,0,Not Tribal Lands
674,2013040593,40593,2,2,0,2,13,MARICOPA,290,MESA,10,10,2013,20,43,0,,.,14,Urban-Minor Arterial,,.,ELLSWORTH RD,BASELINE RD,33.37911111,-111.6362889,0,No Special Jurisdiction,12,Motor Vehicle In-Transport,6,Angle,0,2,2,0,1,3,Dark - Lighted,1,Clear,No,0,0,0,None,None,None,1,2,Non-Interstate,4,Minor arterial,2,Nighttime,1,Weekday,2,Other Crash,2,Other Crash,2,Other Crash,2,Other Crash,2,Other Crash,2,Other Crash,2,Other Crash,3,Unknown BAC Crash,2,Other Crash,2,Other Crash,0,Not Tribal Lands
807,2014040086,40086,1,1,0,2,25,YAVAPAI,0,NONE LISTED,29,3,2014,15,50,0,,.,4,Rural-Major Collector,,.,SR-260,,34.49915278,-111.6364194,0,No Special Jurisdiction,1,Rollover/Overturn,0,Not a Collision with Motor Vehicle In-Transport,0,1,1,0,4,1,Daylight,1,Clear,No,0,0,0,None,None,None,2,2,Non-Interstate,5,Collector,1,Daytime,2,Weekend,2,Other Crash,2,Other Crash,2,Other Crash,2,Other Crash,2,Other Crash,2,Other Crash,2,Other Crash,2,All Drivers With ZERO BAC Testing Crash,1,Involving a Distracted Driver,2,Other Crash,0,Not Tribal Lands
1689,2016040489,40489,1,1,1,1,13,MARICOPA,290,MESA,2,8,2016,21,42,0,7,Local,,.,98,Not Reported,90TH ST,,33.40933333,-111.6370639,0,No Special Jurisdiction,8,Pedestrian,0,Not a Collision with Motor Vehicle In-Transport,0,1,1,0,1,3,Dark - Lighted,10,Cloudy,No,0,0,0,None,None,None,1,2,Non-Interstate,6,Local,2,Nighttime,1,Weekday,2,Other Crash,2,Other Crash,1,Pedestrian Involved Crash,1,Involving a pedestrian fatality,2,Other Crash,2,Other Crash,2,Other Crash,3,Unknown BAC Crash,2,Other Crash,2,Other Crash,0,Not Tribal Lands
1371,2015040601,40601,2,2,0,5,13,MARICOPA,0,NONE LISTED,9,9,2015,22,34,0,5,Major Collector,,.,3,Town or Township Highway Agency,RITTENHOUSE RD,ELLSWORTH LOOP RD,33.25806111,-111.6382583,0,No Special Jurisdiction,12,Motor Vehicle In-Transport,6,Angle,0,2,2,0,1,3,Dark - Lighted,10,Cloudy,No,0,0,0,None,None,None,1,2,Non-Interstate,5,Collector,2,Nighttime,1,Weekday,2,Other Crash,2,Other Crash,2,Other Crash,2,Other Crash,2,Other Crash,2,Other Crash,2,Other Crash,2,All Drivers With ZERO BAC Testing Crash,1,Involving a Distracted Driver,2,Other Crash,0,Not Tribal Lands
648,2013040527,40527,1,1,1,1,5,COCONINO,170,FLAGSTAFF,16,9,2013,20,10,0,,.,14,Urban-Minor Arterial,,.,BUTLER AVE,,35.19205833,-111.6399528,0,No Special Jurisdiction,8,Pedestrian,0,Not a Collision with Motor Vehicle In-Transport,0,1,1,0,1,3,Dark - Lighted,1,Clear,No,0,0,0,None,None,None,1,2,Non-Interstate,4,Minor arterial,2,Nighttime,1,Weekday,2,Other Crash,2,Other Crash,1,Pedestrian Involved Crash,1,Involving a pedestrian fatality,2,Other Crash,2,Other Crash,2,Other Crash,2,All Drivers With ZERO BAC Testing Crash,2,Other Crash,2,Other Crash,0,Not Tribal Lands
564,2013040358,40358,1,1,0,1,13,MARICOPA,290,MESA,19,5,2013,2,40,0,,.,16,Urban-Local Road or Street,,.,PORTOBELLO AVE,AZURE,33.36022778,-111.6405972,0,No Special Jurisdiction,33,Curb,0,Not a Collision with Motor Vehicle In-Transport,0,3,3,0,4,3,Dark - Lighted,1,Clear,No,0,0,0,None,None,None,1,2,Non-Interstate,6,Local,2,Nighttime,2,Weekend,2,Other Crash,1,Speeding Involved Crash,2,Other Crash,2,Other Crash,2,Other Crash,2,Other Crash,2,Other Crash,2,All Drivers With ZERO BAC Testing Crash,2,Other Crash,2,Other Crash,0,Not Tribal Lands
455,2013040158,40158,1,1,0,1,13,MARICOPA,388,QUEEN CREEK,25,3,2013,12,40,0,,.,6,Rural-Local Road or Street,,.,205TH ST,,33.206325,-111.6420528,0,No Special Jurisdiction,72,Cargo/Equipment Loss or Shift (harmful to this vehicle),0,Not a Collision with Motor Vehicle In-Transport,0,1,1,0,1,1,Daylight,1,Clear,No,0,0,0,None,None,None,1,2,Non-Interstate,6,Local,1,Daytime,1,Weekday,1,Large Truck Involved Crash,2,Other Crash,2,Other Crash,2,Other Crash,2,Other Crash,2,Other Crash,2,Other Crash,2,All Drivers With ZERO BAC Testing Crash,2,Other Crash,2,Other Crash,0,Not Tribal Lands
1187,2015040185,40185,1,1,0,2,21,PINAL,0,NONE LISTED,1,3,2015,23,24,0,7,Local,,.,2,County Highway Agency,SUN DANCE DR,,33.197875,-111.6439778,0,No Special Jurisdiction,7,Other Non-Collision,0,Not a Collision with Motor Vehicle In-Transport,0,1,1,0,1,2,Dark - Not Lighted,10,Cloudy,No,0,0,0,None,None,None,1,2,Non-Interstate,6,Local,2,Nighttime,2,Weekend,2,Other Crash,1,Speeding Involved Crash,2,Other Crash,2,Other Crash,2,Other Crash,2,Other Crash,2,Other Crash,1,Driver With Positive BAC Testing Crash,2,Other Crash,2,Other Crash,0,Not Tribal Lands
1468,2016040001,40001,1,1,0,5,21,PINAL,0,NONE LISTED,2,1,2016,13,54,0,7,Local,,.,62,Bureau of Indian Affairs,ARROW WEED RD,,33.05111667,-111.6459139,3,Indian Reservation,1,Rollover/Overturn,0,Not a Collision with Motor Vehicle In-Transport,0,1,1,0,4,1,Daylight,1,Clear,No,0,0,0,None,None,None,1,2,Non-Interstate,6,Local,1,Daytime,2,Weekend,2,Other Crash,1,Speeding Involved Crash,2,Other Crash,2,Other Crash,2,Other Crash,2,Other Crash,2,Other Crash,1,Driver With Positive BAC Testing Crash,2,Other Crash,2,Other Crash,1,Tribal Lands
565,2013040362,40362,1,1,0,1,13,MARICOPA,290,MESA,25,5,2013,14,10,0,,.,14,Urban-Minor Arterial,,.,BROADWAY RD,,33.40776389,-111.6459417,0,No Special Jurisdiction,33,Curb,0,Not a Collision with Motor Vehicle In-Transport,0,1,1,0,4,1,Daylight,1,Clear,No,0,0,0,None,None,None,1,2,Non-Interstate,4,Minor arterial,1,Daytime,2,Weekend,2,Other Crash,1,Speeding Involved Crash,2,Other Crash,2,Other Crash,2,Other Crash,2,Other Crash,2,Other Crash,2,All Drivers With ZERO BAC Testing Crash,2,Other Crash,2,Other Crash,0,Not Tribal Lands
1649,2016040389,40389,1,1,1,1,13,MARICOPA,290,MESA,20,6,2016,20,52,0,4,Minor Arterial,,.,4,City or Municipal Highway Agency,BROADWAY RD,,33.40781667,-111.6480139,0,No Special Jurisdiction,8,Pedestrian,0,Not a Collision with Motor Vehicle In-Transport,0,1,1,0,1,3,Dark - Lighted,1,Clear,No,0,0,0,None,None,None,1,2,Non-Interstate,4,Minor arterial,2,Nighttime,1,Weekday,2,Other Crash,2,Other Crash,1,Pedestrian Involved Crash,1,Involving a pedestrian fatality,2,Other Crash,2,Other Crash,2,Other Crash,3,Unknown BAC Crash,2,Other Crash,2,Other Crash,0,Not Tribal Lands
508,2013040255,40255,2,2,0,12,21,PINAL,70,CASA GRANDE,22,4,2013,15,28,0,,.,5,Rural-Minor Collector,,.,COTTONWOOD LN,OVERFIELD RD,32.89431389,-111.6535667,0,No Special Jurisdiction,12,Motor Vehicle In-Transport,6,Angle,0,2,2,0,1,1,Daylight,1,Clear,Yes,0,0,0,None,None,None,1,2,Non-Interstate,5,Collector,1,Daytime,1,Weekday,2,Other Crash,2,Other Crash,2,Other Crash,2,Other Crash,2,Other Crash,2,Other Crash,2,Other Crash,3,Unknown BAC Crash,2,Other Crash,2,Other Crash,0,Not Tribal Lands
247,2012040522,40522,1,1,0,2,21,PINAL,0,NONE LISTED,1,9,2012,2,32,0,,.,3,Rural-Minor Arterial,,.,SR-87,,33.035775,-111.6549861,3,Indian Reservation,1,Rollover/Overturn,0,Not a Collision with Motor Vehicle In-Transport,0,1,1,0,4,2,Dark - Not Lighted,1,Clear,No,0,0,0,None,None,None,1,2,Non-Interstate,4,Minor arterial,2,Nighttime,2,Weekend,2,Other Crash,1,Speeding Involved Crash,2,Other Crash,2,Other Crash,2,Other Crash,2,Other Crash,2,Other Crash,1,Driver With Positive BAC Testing Crash,2,Other Crash,2,Other Crash,1,Tribal Lands
1723,2016040584,40584,1,1,0,1,13,MARICOPA,0,NONE LISTED,31,1,2016,16,35,0,7,Local,,.,98,Not Reported,81ST ST,,33.41938611,-111.6565167,0,No Special Jurisdiction,33,Curb,0,Not a Collision with Motor Vehicle In-Transport,0,1,1,0,4,1,Daylight,1,Clear,No,0,0,0,None,None,None,1,2,Non-Interstate,6,Local,1,Daytime,2,Weekend,2,Other Crash,2,Other Crash,2,Other Crash,2,Other Crash,2,Other Crash,2,Other Crash,2,Other Crash,2,All Drivers With ZERO BAC Testing Crash,2,Other Crash,2,Other Crash,0,Not Tribal Lands
1845,2016040856,40856,1,1,1,1,21,PINAL,0,NONE LISTED,3,12,2016,20,45,0,5,Major Collector,,.,2,County Highway Agency,CR-BATTAGLIA DR,,32.76299722,-111.659075,0,No Special Jurisdiction,8,Pedestrian,0,Not a Collision with Motor Vehicle In-Transport,0,1,1,0,1,6,Dark - Unknown Lighting,1,Clear,No,0,0,0,None,None,None,1,2,Non-Interstate,5,Collector,2,Nighttime,2,Weekend,2,Other Crash,2,Other Crash,1,Pedestrian Involved Crash,1,Involving a pedestrian fatality,2,Other Crash,2,Other Crash,2,Other Crash,3,Unknown BAC Crash,2,Other Crash,2,Other Crash,0,Not Tribal Lands
605,2013040430,40430,2,2,0,2,13,MARICOPA,290,MESA,30,7,2013,11,2,0,,.,14,Urban-Minor Arterial,,.,BROADWAY RD,,33.40787778,-111.65925,0,No Special Jurisdiction,12,Motor Vehicle In-Transport,6,Angle,0,1,1,0,1,1,Daylight,1,Clear,No,0,0,0,None,None,None,1,2,Non-Interstate,4,Minor arterial,1,Daytime,1,Weekday,2,Other Crash,2,Other Crash,2,Other Crash,2,Other Crash,2,Other Crash,2,Other Crash,2,Other Crash,3,Unknown BAC Crash,2,Other Crash,2,Other Crash,0,Not Tribal Lands
293,2012040597,40597,1,1,1,1,5,COCONINO,170,FLAGSTAFF,9,9,2012,22,3,0,,.,16,Urban-Local Road or Street,,.,WALAPAI DR,,35.16165278,-111.6597639,0,No Special Jurisdiction,9,Pedalcyclist,0,Not a Collision with Motor Vehicle In-Transport,0,1,1,0,1,3,Dark - Lighted,1,Clear,No,0,0,0,None,None,None,1,2,Non-Interstate,6,Local,2,Nighttime,2,Weekend,2,Other Crash,1,Speeding Involved Crash,2,Other Crash,2,Other Crash,1,Pedalcyclist Involved Crash,1,Involving a pedacyclist fatality,2,Other Crash,1,Driver With Positive BAC Testing Crash,2,Other Crash,2,Other Crash,0,Not Tribal Lands
1196,2015040203,40203,2,2,0,4,13,MARICOPA,0,NONE LISTED,15,3,2015,23,52,0,4,Minor Arterial,,.,3,Town or Township Highway Agency,OCOTILLO RD,196TH ST,33.24869167,-111.6603278,0,No Special Jurisdiction,12,Motor Vehicle In-Transport,6,Angle,0,3,2,0,1,2,Dark - Not Lighted,1,Clear,No,18,0,0,Date of Crash and Date of EMS Notification were no,None,None,1,2,Non-Interstate,4,Minor arterial,2,Nighttime,2,Weekend,2,Other Crash,1,Speeding Involved Crash,2,Other Crash,2,Other Crash,2,Other Crash,2,Other Crash,2,Other Crash,1,Driver With Positive BAC Testing Crash,2,Other Crash,2,Other Crash,0,Not Tribal Lands
542,2013040320,40320,1,1,0,1,5,COCONINO,170,FLAGSTAFF,9,6,2013,8,38,0,,.,14,Urban-Minor Arterial,,.,WOODLAND VILLAGE BLVD,,35.17506944,-111.6660667,0,No Special Jurisdiction,33,Curb,0,Not a Collision with Motor Vehicle In-Transport,0,8,1,0,3,1,Daylight,1,Clear,No,0,0,0,None,None,None,1,2,Non-Interstate,4,Minor arterial,1,Daytime,2,Weekend,2,Other Crash,2,Other Crash,2,Other Crash,2,Other Crash,2,Other Crash,2,Other Crash,2,Other Crash,2,All Drivers With ZERO BAC Testing Crash,2,Other Crash,2,Other Crash,0,Not Tribal Lands
1386,2015040635,40635,1,1,1,1,5,COCONINO,170,FLAGSTAFF,15,10,2015,6,30,0,4,Minor Arterial,,.,4,City or Municipal Highway Agency,WOODLANDS VILLAGE BLVD,UNIVERSITY AVE,35.184075,-111.6685056,0,No Special Jurisdiction,8,Pedestrian,0,Not a Collision with Motor Vehicle In-Transport,0,2,2,0,1,4,Dawn,1,Clear,No,0,0,0,None,None,None,1,2,Non-Interstate,4,Minor arterial,1,Daytime,1,Weekday,2,Other Crash,2,Other Crash,1,Pedestrian Involved Crash,1,Involving a pedestrian fatality,2,Other Crash,2,Other Crash,2,Other Crash,2,All Drivers With ZERO BAC Testing Crash,2,Other Crash,2,Other Crash,0,Not Tribal Lands
616,2013040454,40454,1,1,1,1,13,MARICOPA,290,MESA,13,8,2013,18,42,0,,.,16,Urban-Local Road or Street,,.,RAY RD,,33.32655833,-111.6756528,0,No Special Jurisdiction,9,Pedalcyclist,0,Not a Collision with Motor Vehicle In-Transport,0,1,1,0,1,5,Dusk,10,Cloudy,No,0,0,0,None,None,None,1,2,Non-Interstate,6,Local,2,Nighttime,1,Weekday,2,Other Crash,2,Other Crash,2,Other Crash,2,Other Crash,1,Pedalcyclist Involved Crash,1,Involving a pedacyclist fatality,2,Other Crash,3,Unknown BAC Crash,2,Other Crash,2,Other Crash,0,Not Tribal Lands
995,2014040494,40494,1,1,1,1,13,MARICOPA,290,MESA,10,10,2014,13,32,0,,.,15,Urban-Collector,,.,72ND ST,,33.39591944,-111.6761528,0,No Special Jurisdiction,8,Pedestrian,0,Not a Collision with Motor Vehicle In-Transport,0,1,1,0,1,1,Daylight,1,Clear,No,0,0,0,None,None,None,1,2,Non-Interstate,5,Collector,1,Daytime,1,Weekday,2,Other Crash,2,Other Crash,1,Pedestrian Involved Crash,1,Involving a pedestrian fatality,2,Other Crash,2,Other Crash,2,Other Crash,3,Unknown BAC Crash,1,Involving a Distracted Driver,2,Other Crash,0,Not Tribal Lands
1146,2015040099,40099,1,1,0,1,13,MARICOPA,290,MESA,24,2,2015,10,36,0,7,Local,,.,98,Not Reported,RAY RD,,33.32549444,-111.6769694,0,No Special Jurisdiction,33,Curb,0,Not a Collision with Motor Vehicle In-Transport,0,1,1,0,3,1,Daylight,1,Clear,No,0,0,0,None,None,None,1,2,Non-Interstate,6,Local,1,Daytime,1,Weekday,2,Other Crash,1,Speeding Involved Crash,2,Other Crash,2,Other Crash,2,Other Crash,2,Other Crash,2,Other Crash,2,All Drivers With ZERO BAC Testing Crash,2,Other Crash,2,Other Crash,0,Not Tribal Lands
1122,2015040037,40037,1,1,0,1,21,PINAL,405,SACATON,9,1,2015,0,42,0,7,Local,,.,98,Not Reported,SACATON FLATS RD,,33.06676944,-111.6778694,3,Indian Reservation,23,Bridge Rail (Includes parapet),0,Not a Collision with Motor Vehicle In-Transport,0,1,1,0,4,2,Dark - Not Lighted,1,Clear,No,0,0,0,None,None,None,1,2,Non-Interstate,6,Local,2,Nighttime,1,Weekday,2,Other Crash,2,Other Crash,2,Other Crash,2,Other Crash,2,Other Crash,2,Other Crash,2,Other Crash,1,Driver With Positive BAC Testing Crash,2,Other Crash,2,Other Crash,1,Tribal Lands
132,2012040286,40286,2,2,0,2,5,COCONINO,170,FLAGSTAFF,29,5,2012,23,25,0,,.,14,Urban-Minor Arterial,,.,SR-89A,,35.15385833,-111.680775,0,No Special Jurisdiction,12,Motor Vehicle In-Transport,6,Angle,0,1,1,0,1,2,Dark - Not Lighted,1,Clear,No,0,0,0,None,None,None,1,2,Non-Interstate,4,Minor arterial,2,Nighttime,1,Weekday,2,Other Crash,2,Other Crash,2,Other Crash,2,Other Crash,2,Other Crash,2,Other Crash,2,Other Crash,2,All Drivers With ZERO BAC Testing Crash,2,Other Crash,2,Other Crash,0,Not Tribal Lands
88,2012040198,40198,1,1,1,1,13,MARICOPA,290,MESA,2,4,2012,6,26,0,,.,14,Urban-Minor Arterial,,.,SOUTHERN AVE,POWER RD,33.39395556,-111.6846167,0,No Special Jurisdiction,8,Pedestrian,0,Not a Collision with Motor Vehicle In-Transport,0,3,2,0,1,4,Dawn,1,Clear,No,0,0,0,None,None,None,1,2,Non-Interstate,4,Minor arterial,1,Daytime,1,Weekday,2,Other Crash,2,Other Crash,1,Pedestrian Involved Crash,1,Involving a pedestrian fatality,2,Other Crash,2,Other Crash,2,Other Crash,3,Unknown BAC Crash,2,Other Crash,2,Other Crash,0,Not Tribal Lands
481,2013040205,40205,2,2,0,3,13,MARICOPA,0,NONE LISTED,20,4,2013,20,5,0,,.,15,Urban-Collector,,.,POWER RD,VICTORIA ST,33.22329444,-111.685825,0,No Special Jurisdiction,12,Motor Vehicle In-Transport,6,Angle,0,2,2,0,1,2,Dark - Not Lighted,1,Clear,No,0,0,0,None,None,None,1,2,Non-Interstate,5,Collector,2,Nighttime,2,Weekend,2,Other Crash,2,Other Crash,2,Other Crash,2,Other Crash,2,Other Crash,2,Other Crash,2,Other Crash,1,Driver With Positive BAC Testing Crash,2,Other Crash,2,Other Crash,0,Not Tribal Lands
1233,2015040294,40294,3,3,0,4,13,MARICOPA,190,GILBERT,18,5,2015,11,26,0,4,Minor Arterial,,.,3,Town or Township Highway Agency,POWER RD,WILLIAMS FIELD RD,33.30716667,-111.6866944,0,No Special Jurisdiction,12,Motor Vehicle In-Transport,6,Angle,0,2,2,0,1,1,Daylight,1,Clear,No,0,0,0,None,None,None,1,2,Non-Interstate,4,Minor arterial,1,Daytime,1,Weekday,2,Other Crash,2,Other Crash,2,Other Crash,2,Other Crash,2,Other Crash,2,Other Crash,2,Other Crash,2,All Drivers With ZERO BAC Testing Crash,2,Other Crash,2,Other Crash,0,Not Tribal Lands
469,2013040183,40183,2,2,0,6,13,MARICOPA,0,NONE LISTED,31,3,2013,20,46,0,,.,14,Urban-Minor Arterial,,.,UNIVERSITY DR,67TH ST,33.42290278,-111.6872333,0,No Special Jurisdiction,12,Motor Vehicle In-Transport,6,Angle,0,2,3,0,1,3,Dark - Lighted,1,Clear,No,0,0,0,None,None,None,1,2,Non-Interstate,4,Minor arterial,2,Nighttime,2,Weekend,2,Other Crash,2,Other Crash,2,Other Crash,2,Other Crash,2,Other Crash,2,Other Crash,2,Other Crash,2,All Drivers With ZERO BAC Testing Crash,2,Other Crash,2,Other Crash,0,Not Tribal Lands
1402,2015040684,40684,2,2,0,5,21,PINAL,0,NONE LISTED,10,11,2015,19,7,0,4,Minor Arterial,,.,1,State Highway Agency,SR-87,SR-187,33.06105278,-111.6885,3,Indian Reservation,12,Motor Vehicle In-Transport,6,Angle,0,2,2,0,1,2,Dark - Not Lighted,1,Clear,No,0,0,0,None,None,None,1,2,Non-Interstate,4,Minor arterial,2,Nighttime,1,Weekday,2,Other Crash,2,Other Crash,2,Other Crash,2,Other Crash,2,Other Crash,2,Other Crash,2,Other Crash,3,Unknown BAC Crash,2,Other Crash,2,Other Crash,1,Tribal Lands
808,2014040088,40088,1,1,0,2,25,YAVAPAI,0,NONE LISTED,8,2,2014,17,52,0,,.,6,Rural-Local Road or Street,,.,FOREST ROAD 502,,34.34801389,-111.6891167,0,No Special Jurisdiction,1,Rollover/Overturn,0,Not a Collision with Motor Vehicle In-Transport,0,1,1,0,4,5,Dusk,1,Clear,No,0,0,0,None,None,None,1,2,Non-Interstate,6,Local,1,Daytime,2,Weekend,2,Other Crash,2,Other Crash,2,Other Crash,2,Other Crash,2,Other Crash,2,Other Crash,2,Other Crash,2,All Drivers With ZERO BAC Testing Crash,2,Other Crash,2,Other Crash,0,Not Tribal Lands
91,2012040207,40207,1,1,0,2,13,MARICOPA,190,GILBERT,15,4,2012,10,19,0,,.,15,Urban-Collector,,.,PECOS RD,,33.28875833,-111.6920361,0,No Special Jurisdiction,33,Curb,0,Not a Collision with Motor Vehicle In-Transport,0,1,1,0,4,1,Daylight,1,Clear,No,0,0,0,None,None,None,1,2,Non-Interstate,5,Collector,1,Daytime,2,Weekend,2,Other Crash,1,Speeding Involved Crash,2,Other Crash,2,Other Crash,2,Other Crash,2,Other Crash,2,Other Crash,2,All Drivers With ZERO BAC Testing Crash,2,Other Crash,2,Other Crash,0,Not Tribal Lands
1332,2015040518,40518,1,1,0,1,13,MARICOPA,290,MESA,16,8,2015,3,18,0,7,Local,,.,98,Not Reported,SUPERSTITION SPRINGS BLVD,AUTO PARK DR,33.38875556,-111.6939361,0,No Special Jurisdiction,30,Utility Pole/Light Support,0,Not a Collision with Motor Vehicle In-Transport,0,3,2,0,4,3,Dark - Lighted,1,Clear,No,0,0,0,None,None,None,1,2,Non-Interstate,6,Local,2,Nighttime,2,Weekend,2,Other Crash,1,Speeding Involved Crash,2,Other Crash,2,Other Crash,2,Other Crash,2,Other Crash,2,Other Crash,1,Driver With Positive BAC Testing Crash,2,Other Crash,2,Other Crash,0,Not Tribal Lands
1209,2015040230,40230,1,1,0,2,13,MARICOPA,190,GILBERT,11,4,2015,21,0,0,7,Local,,.,98,Not Reported,RANCH HOUSE PKWY,,33.26816111,-111.6948194,0,No Special Jurisdiction,33,Curb,0,Not a Collision with Motor Vehicle In-Transport,0,1,1,0,4,3,Dark - Lighted,1,Clear,No,0,0,0,None,None,None,2,2,Non-Interstate,6,Local,2,Nighttime,2,Weekend,2,Other Crash,1,Speeding Involved Crash,2,Other Crash,2,Other Crash,2,Other Crash,2,Other Crash,2,Other Crash,1,Driver With Positive BAC Testing Crash,2,Other Crash,2,Other Crash,0,Not Tribal Lands
1525,2016040117,40117,1,1,1,2,13,MARICOPA,190,GILBERT,21,3,2016,19,54,0,4,Minor Arterial,,.,3,Town or Township Highway Agency,QUEEN CREEK RD,RANCH HOUSE PKWY,33.26415556,-111.6950694,0,No Special Jurisdiction,9,Pedalcyclist,0,Not a Collision with Motor Vehicle In-Transport,0,2,2,0,1,3,Dark - Lighted,1,Clear,No,0,0,0,None,None,None,1,2,Non-Interstate,4,Minor arterial,2,Nighttime,1,Weekday,2,Other Crash,2,Other Crash,2,Other Crash,2,Other Crash,1,Pedalcyclist Involved Crash,1,Involving a pedacyclist fatality,2,Other Crash,3,Unknown BAC Crash,2,Other Crash,2,Other Crash,0,Not Tribal Lands
1632,2016040336,40336,1,1,0,1,13,MARICOPA,0,NONE LISTED,2,5,2016,15,56,0,5,Major Collector,,.,62,Bureau of Indian Affairs,YAVAPAI RD,,33.62094444,-111.6987083,3,Indian Reservation,17,Boulder,0,Not a Collision with Motor Vehicle In-Transport,0,1,1,0,4,1,Daylight,1,Clear,No,0,0,0,None,None,None,1,2,Non-Interstate,5,Collector,1,Daytime,1,Weekday,2,Other Crash,1,Speeding Involved Crash,2,Other Crash,2,Other Crash,2,Other Crash,2,Other Crash,2,Other Crash,1,Driver With Positive BAC Testing Crash,2,Other Crash,2,Other Crash,1,Tribal Lands
344,2012040689,40689,2,2,0,3,13,MARICOPA,290,MESA,17,12,2012,16,12,0,,.,15,Urban-Collector,,.,RECKER RD,,33.45440278,-111.7014722,0,No Special Jurisdiction,12,Motor Vehicle In-Transport,2,Front-to-Front,0,1,1,0,1,1,Daylight,1,Clear,No,0,0,0,None,None,None,1,2,Non-Interstate,5,Collector,1,Daytime,1,Weekday,2,Other Crash,2,Other Crash,2,Other Crash,2,Other Crash,2,Other Crash,2,Other Crash,2,Other Crash,3,Unknown BAC Crash,2,Other Crash,2,Other Crash,0,Not Tribal Lands