index,accident_id,ST_CASE,VE_TOTAL,VE_FORMS,PEDS,PERSONS,COUNTY,county_name,CITY,city_name,DAY,MONTH,YEAR,HOUR,MINUTE,NHS,FUNC_SYS,func_sys_lit,ROAD_FNC,road_fnc_lit,RD_OWNER,rd_owner_lit,TWAY_ID,TWAY_ID2,LATITUDE,LONGITUD,SP_JUR,sp_jur_lit,HARM_EV,harm_ev_lit,MAN_COLL,man_coll_lit,RELJCT1,RELJCT2,TYP_INT,WRK_ZONE,REL_ROAD,LGT_COND,lgt_cond_lit,WEATHER,weather_lit,SCH_BUS,CF1,CF2,CF3,cf1_lit,cf2_lit,cf3_lit,FATALS,A_INTER,a_inter_lit,A_ROADFC,a_road_fc_lit,A_TOD,a_tod_lit,A_DOW,a_dow_lit,A_LT,a_lt_lit,A_SPCRA,a_spcra_lit,A_PED,a_ped_lit,A_PED_F,a_ped_f_lit,A_PEDAL,a_pedal_lit,A_PEDAL_F,a_pedal_f_lit,A_POLPUR,a_polour_lit,A_POSBAC,a_posbac_lit,A_DIST,a_dist_lit,A_DROWSY,a_drowsy_lit,INDIAN_RES,indian_res_lit
1179,2015040171,40171,2,2,0,3,13,MARICOPA,490,TEMPE,26,3,2015,23,22,0,4,Minor Arterial,,.,4,City or Municipal Highway Agency,APACHE BLVD,13TH ST,33.41493333,-111.9382806,0,No Special Jurisdiction,12,Motor Vehicle In-Transport,6,Angle,0,2,4,0,1,3,Dark - Lighted,1,Clear,No,0,0,0,None,None,None,1,2,Non-Interstate,4,Minor arterial,2,Nighttime,1,Weekday,2,Other Crash,2,Other Crash,2,Other Crash,2,Other Crash,2,Other Crash,2,Other Crash,2,Other Crash,1,Driver With Positive BAC Testing Crash,2,Other Crash,2,Other Crash,0,Not Tribal Lands
1585,2016040241,40241,2,2,0,2,13,MARICOPA,74,CAVE CREEK,3,4,2016,17,27,0,5,Major Collector,,.,3,Town or Township Highway Agency,CAVE CREEK RD,SCHOOL HOUSE RD,33.83208889,-111.9432694,0,No Special Jurisdiction,12,Motor Vehicle In-Transport,6,Angle,0,2,2,0,1,5,Dusk,1,Clear,No,0,0,0,None,None,None,1,2,Non-Interstate,5,Collector,1,Daytime,2,Weekend,2,Other Crash,2,Other Crash,2,Other Crash,2,Other Crash,2,Other Crash,2,Other Crash,2,Other Crash,1,Driver With Positive BAC Testing Crash,2,Other Crash,2,Other Crash,0,Not Tribal Lands
1406,2015040690,40690,1,1,1,1,13,MARICOPA,339,PARADISE VALLEY,15,11,2015,17,25,0,5,Major Collector,,.,3,Town or Township Highway Agency,INVERGORDON RD,HORSESHOE RD,33.56474722,-111.9434611,0,No Special Jurisdiction,8,Pedestrian,0,Not a Collision with Motor Vehicle In-Transport,0,2,2,0,1,5,Dusk,2,Rain,No,0,0,0,None,None,None,1,2,Non-Interstate,5,Collector,1,Daytime,2,Weekend,2,Other Crash,1,Speeding Involved Crash,1,Pedestrian Involved Crash,1,Involving a pedestrian fatality,2,Other Crash,2,Other Crash,2,Other Crash,3,Unknown BAC Crash,2,Other Crash,2,Other Crash,0,Not Tribal Lands
1808,2016040791,40791,2,2,0,9,21,PINAL,0,NONE LISTED,11,11,2016,20,36,0,5,Major Collector,,.,62,Bureau of Indian Affairs,BIA-1 CASA BLANCA RD,MURPHY RD,33.11775556,-111.9442222,3,Indian Reservation,12,Motor Vehicle In-Transport,6,Angle,0,2,2,0,1,2,Dark - Not Lighted,1,Clear,No,0,0,0,None,None,None,2,2,Non-Interstate,5,Collector,2,Nighttime,2,Weekend,2,Other Crash,1,Speeding Involved Crash,2,Other Crash,2,Other Crash,2,Other Crash,2,Other Crash,2,Other Crash,2,All Drivers With ZERO BAC Testing Crash,2,Other Crash,2,Other Crash,1,Tribal Lands
472,2013040191,40191,1,1,0,1,13,MARICOPA,80,CHANDLER,3,4,2013,20,9,0,,.,14,Urban-Minor Arterial,,.,KYRENE RD,PECOS RD,33.29074444,-111.9456583,3,Indian Reservation,33,Curb,0,Not a Collision with Motor Vehicle In-Transport,0,3,3,0,4,3,Dark - Lighted,1,Clear,No,0,0,0,None,None,None,1,2,Non-Interstate,4,Minor arterial,2,Nighttime,1,Weekday,2,Other Crash,2,Other Crash,2,Other Crash,2,Other Crash,2,Other Crash,2,Other Crash,2,Other Crash,1,Driver With Positive BAC Testing Crash,2,Other Crash,2,Other Crash,1,Tribal Lands
178,2012040376,40376,2,2,0,3,13,MARICOPA,490,TEMPE,22,7,2012,15,6,0,,.,14,Urban-Minor Arterial,,.,SOUTHERN AVE,,33.39287222,-111.9522361,0,No Special Jurisdiction,12,Motor Vehicle In-Transport,6,Angle,0,1,1,0,1,1,Daylight,1,Clear,No,0,0,0,None,None,None,1,2,Non-Interstate,4,Minor arterial,1,Daytime,2,Weekend,2,Other Crash,2,Other Crash,2,Other Crash,2,Other Crash,2,Other Crash,2,Other Crash,2,Other Crash,3,Unknown BAC Crash,2,Other Crash,2,Other Crash,0,Not Tribal Lands
1799,2016040774,40774,3,3,0,6,25,YAVAPAI,0,NONE LISTED,23,11,2016,15,53,0,5,Major Collector,,.,2,County Highway Agency,CR-CORNVILLE RD,,34.72462222,-111.9530194,0,No Special Jurisdiction,12,Motor Vehicle In-Transport,2,Front-to-Front,0,1,1,0,1,1,Daylight,1,Clear,No,0,0,0,None,None,None,1,2,Non-Interstate,5,Collector,1,Daytime,1,Weekday,2,Other Crash,2,Other Crash,2,Other Crash,2,Other Crash,2,Other Crash,2,Other Crash,2,Other Crash,1,Driver With Positive BAC Testing Crash,2,Other Crash,2,Other Crash,0,Not Tribal Lands
1437,2015040756,40756,1,1,0,2,13,MARICOPA,490,TEMPE,27,11,2015,3,1,0,4,Minor Arterial,,.,4,City or Municipal Highway Agency,WASHINGTON ST,,33.44110278,-111.9551111,0,No Special Jurisdiction,33,Curb,0,Not a Collision with Motor Vehicle In-Transport,0,1,1,0,4,3,Dark - Lighted,1,Clear,No,0,0,0,None,None,None,1,2,Non-Interstate,4,Minor arterial,2,Nighttime,1,Weekday,2,Other Crash,1,Speeding Involved Crash,2,Other Crash,2,Other Crash,2,Other Crash,2,Other Crash,2,Other Crash,2,All Drivers With ZERO BAC Testing Crash,2,Other Crash,2,Other Crash,0,Not Tribal Lands
1448,2015040804,40804,1,1,1,1,13,MARICOPA,74,CAVE CREEK,6,12,2015,3,35,0,5,Major Collector,,.,3,Town or Township Highway Agency,CAVE CREEK RD,PASEO DULCE,33.82856667,-111.9551278,0,No Special Jurisdiction,8,Pedestrian,0,Not a Collision with Motor Vehicle In-Transport,0,1,1,0,1,2,Dark - Not Lighted,1,Clear,No,0,0,0,None,None,None,1,2,Non-Interstate,5,Collector,2,Nighttime,2,Weekend,2,Other Crash,2,Other Crash,1,Pedestrian Involved Crash,1,Involving a pedestrian fatality,2,Other Crash,2,Other Crash,2,Other Crash,2,All Drivers With ZERO BAC Testing Crash,1,Involving a Distracted Driver,2,Other Crash,0,Not Tribal Lands
663,2013040563,40563,2,2,0,2,13,MARICOPA,0,NONE LISTED,16,8,2013,17,21,0,,.,4,Rural-Major Collector,,.,CAVE CREEK RD,NEW RIVER RD,33.80715278,-111.9587972,0,No Special Jurisdiction,12,Motor Vehicle In-Transport,6,Angle,0,2,2,0,1,1,Daylight,1,Clear,No,0,0,0,None,None,None,1,2,Non-Interstate,5,Collector,1,Daytime,1,Weekday,2,Other Crash,2,Other Crash,2,Other Crash,2,Other Crash,2,Other Crash,2,Other Crash,2,Other Crash,2,All Drivers With ZERO BAC Testing Crash,2,Other Crash,2,Other Crash,0,Not Tribal Lands
235,2012040488,40488,2,2,0,2,13,MARICOPA,370,PHOENIX,15,8,2012,10,8,0,,.,14,Urban-Minor Arterial,,.,GREENWAY RD,56TH ST,33.62606944,-111.9603361,0,No Special Jurisdiction,12,Motor Vehicle In-Transport,6,Angle,0,2,2,0,1,1,Daylight,1,Clear,No,0,0,0,None,None,None,1,2,Non-Interstate,4,Minor arterial,1,Daytime,1,Weekday,2,Other Crash,2,Other Crash,2,Other Crash,2,Other Crash,2,Other Crash,2,Other Crash,2,Other Crash,2,All Drivers With ZERO BAC Testing Crash,2,Other Crash,2,Other Crash,0,Not Tribal Lands
289,2012040593,40593,1,1,1,3,13,MARICOPA,227,GUADALUPE,5,9,2012,18,27,0,,.,16,Urban-Local Road or Street,,.,CALLE CARLOS,,33.3647,-111.9607694,0,No Special Jurisdiction,8,Pedestrian,0,Not a Collision with Motor Vehicle In-Transport,0,1,1,0,1,1,Daylight,1,Clear,No,0,0,0,None,None,None,1,2,Non-Interstate,6,Local,2,Nighttime,1,Weekday,2,Other Crash,2,Other Crash,1,Pedestrian Involved Crash,1,Involving a pedestrian fatality,2,Other Crash,2,Other Crash,2,Other Crash,2,All Drivers With ZERO BAC Testing Crash,2,Other Crash,2,Other Crash,0,Not Tribal Lands
1020,2014040541,40541,1,1,1,1,13,MARICOPA,490,TEMPE,31,10,2014,10,32,0,,.,14,Urban-Minor Arterial,,.,PRIEST DR,,33.35053056,-111.9632028,0,No Special Jurisdiction,33,Curb,0,Not a Collision with Motor Vehicle In-Transport,0,1,1,0,4,1,Daylight,1,Clear,No,0,0,0,None,None,None,1,2,Non-Interstate,4,Minor arterial,1,Daytime,1,Weekday,1,Large Truck Involved Crash,2,Other Crash,1,Pedestrian Involved Crash,1,Involving a pedestrian fatality,2,Other Crash,2,Other Crash,2,Other Crash,3,Unknown BAC Crash,2,Other Crash,2,Other Crash,0,Not Tribal Lands
1671,2016040450,40450,1,1,0,1,13,MARICOPA,490,TEMPE,20,7,2016,8,40,0,7,Local,,.,98,Not Reported,RIO SALADO PKWY,,33.43101667,-111.9647417,0,No Special Jurisdiction,1,Rollover/Overturn,0,Not a Collision with Motor Vehicle In-Transport,0,1,1,0,1,1,Daylight,10,Cloudy,No,0,0,0,None,None,None,1,2,Non-Interstate,6,Local,1,Daytime,1,Weekday,2,Other Crash,1,Speeding Involved Crash,2,Other Crash,2,Other Crash,2,Other Crash,2,Other Crash,2,Other Crash,1,Driver With Positive BAC Testing Crash,2,Other Crash,2,Other Crash,0,Not Tribal Lands
143,2012040308,40308,2,2,0,3,13,MARICOPA,227,GUADALUPE,16,5,2012,18,27,0,,.,16,Urban-Local Road or Street,,.,CALLE GUADALUPE,CALLE SAHUARO,33.3637,-111.9653389,0,No Special Jurisdiction,12,Motor Vehicle In-Transport,6,Angle,0,2,2,0,1,1,Daylight,1,Clear,No,0,0,0,None,None,None,1,2,Non-Interstate,6,Local,2,Nighttime,1,Weekday,2,Other Crash,2,Other Crash,2,Other Crash,2,Other Crash,2,Other Crash,2,Other Crash,2,Other Crash,2,All Drivers With ZERO BAC Testing Crash,2,Other Crash,2,Other Crash,0,Not Tribal Lands
1831,2016040836,40836,2,2,0,2,13,MARICOPA,0,NONE LISTED,21,12,2016,9,19,0,5,Major Collector,,.,1,State Highway Agency,WILD HORSE PASS BLVD,I-10 RAMP,33.27927778,-111.9672611,3,Indian Reservation,1,Rollover/Overturn,0,Not a Collision with Motor Vehicle In-Transport,1,2,2,0,1,1,Daylight,2,Rain,No,0,0,0,None,None,None,1,2,Non-Interstate,5,Collector,1,Daytime,1,Weekday,1,Large Truck Involved Crash,1,Speeding Involved Crash,2,Other Crash,2,Other Crash,2,Other Crash,2,Other Crash,2,Other Crash,3,Unknown BAC Crash,2,Other Crash,2,Other Crash,1,Tribal Lands
1015,2014040525,40525,1,1,1,2,13,MARICOPA,370,PHOENIX,13,9,2014,0,2,0,,.,14,Urban-Minor Arterial,,.,VAN BUREN ST,,33.446,-111.9674389,0,No Special Jurisdiction,8,Pedestrian,0,Not a Collision with Motor Vehicle In-Transport,0,1,1,0,1,3,Dark - Lighted,1,Clear,No,0,0,0,None,None,None,1,2,Non-Interstate,4,Minor arterial,2,Nighttime,2,Weekend,2,Other Crash,2,Other Crash,1,Pedestrian Involved Crash,1,Involving a pedestrian fatality,2,Other Crash,2,Other Crash,2,Other Crash,3,Unknown BAC Crash,2,Other Crash,2,Other Crash,0,Not Tribal Lands
1333,2015040521,40521,2,2,0,2,13,MARICOPA,370,PHOENIX,17,8,2015,9,57,0,4,Minor Arterial,,.,4,City or Municipal Highway Agency,GREENWAY RD,52ND ST,33.62619444,-111.9690417,0,No Special Jurisdiction,12,Motor Vehicle In-Transport,6,Angle,0,2,2,0,1,1,Daylight,1,Clear,No,0,0,0,None,None,None,1,2,Non-Interstate,4,Minor arterial,1,Daytime,1,Weekday,2,Other Crash,2,Other Crash,2,Other Crash,2,Other Crash,2,Other Crash,2,Other Crash,2,Other Crash,3,Unknown BAC Crash,2,Other Crash,2,Other Crash,0,Not Tribal Lands
1608,2016040280,40280,1,1,0,2,13,MARICOPA,370,PHOENIX,30,4,2016,6,20,0,7,Local,,.,98,Not Reported,JOMAX RD,52ND ST,33.72662778,-111.9695139,0,No Special Jurisdiction,1,Rollover/Overturn,0,Not a Collision with Motor Vehicle In-Transport,0,3,10,0,4,4,Dawn,1,Clear,No,0,0,0,None,None,None,2,2,Non-Interstate,6,Local,1,Daytime,2,Weekend,2,Other Crash,1,Speeding Involved Crash,2,Other Crash,2,Other Crash,2,Other Crash,2,Other Crash,2,Other Crash,1,Driver With Positive BAC Testing Crash,2,Other Crash,2,Other Crash,0,Not Tribal Lands
1088,2014040687,40687,1,1,1,1,13,MARICOPA,370,PHOENIX,23,12,2014,9,45,0,,.,14,Urban-Minor Arterial,,.,GUADALUPE RD,,33.36395556,-111.9695917,0,No Special Jurisdiction,33,Curb,0,Not a Collision with Motor Vehicle In-Transport,0,1,1,0,4,1,Daylight,1,Clear,No,0,0,0,None,None,None,1,2,Non-Interstate,4,Minor arterial,1,Daytime,1,Weekday,2,Other Crash,2,Other Crash,1,Pedestrian Involved Crash,1,Involving a pedestrian fatality,2,Other Crash,2,Other Crash,2,Other Crash,3,Unknown BAC Crash,2,Other Crash,1,Involving a Drowsy Driver,0,Not Tribal Lands
654,2013040548,40548,3,3,0,4,13,MARICOPA,370,PHOENIX,7,9,2013,10,41,0,,.,14,Urban-Minor Arterial,,.,VAN BUREN ST,52ND ST,33.45089722,-111.96975,0,No Special Jurisdiction,12,Motor Vehicle In-Transport,6,Angle,0,2,2,0,1,1,Daylight,10,Cloudy,No,0,0,0,None,None,None,1,2,Non-Interstate,4,Minor arterial,1,Daytime,2,Weekend,2,Other Crash,2,Other Crash,2,Other Crash,2,Other Crash,2,Other Crash,2,Other Crash,2,Other Crash,3,Unknown BAC Crash,2,Other Crash,2,Other Crash,0,Not Tribal Lands
1124,2015040041,40041,1,1,0,2,21,PINAL,297,MARICOPA WELLS,12,1,2015,8,30,0,7,Local,,.,4,City or Municipal Highway Agency,RANCHO MIRAGE BLVD,,33.05573889,-111.9714389,0,No Special Jurisdiction,33,Curb,0,Not a Collision with Motor Vehicle In-Transport,0,1,1,0,4,1,Daylight,10,Cloudy,No,0,0,0,None,None,None,1,2,Non-Interstate,6,Local,1,Daytime,1,Weekday,2,Other Crash,2,Other Crash,2,Other Crash,2,Other Crash,2,Other Crash,2,Other Crash,2,Other Crash,1,Driver With Positive BAC Testing Crash,2,Other Crash,2,Other Crash,0,Not Tribal Lands
1778,2016040722,40722,1,1,0,1,13,MARICOPA,490,TEMPE,9,11,2016,21,8,0,4,Minor Arterial,,.,4,City or Municipal Highway Agency,SOUTHERN AVE,POTTER DR,33.39278611,-111.9722972,0,No Special Jurisdiction,1,Rollover/Overturn,0,Not a Collision with Motor Vehicle In-Transport,0,2,3,0,1,3,Dark - Lighted,1,Clear,No,0,0,0,None,None,None,1,2,Non-Interstate,4,Minor arterial,2,Nighttime,1,Weekday,2,Other Crash,1,Speeding Involved Crash,2,Other Crash,2,Other Crash,2,Other Crash,2,Other Crash,2,Other Crash,1,Driver With Positive BAC Testing Crash,2,Other Crash,2,Other Crash,0,Not Tribal Lands
665,2013040565,40565,1,1,0,1,13,MARICOPA,370,PHOENIX,17,8,2013,3,53,0,,.,15,Urban-Collector,,.,CAVE CREEK RD,,33.77938333,-111.9759833,0,No Special Jurisdiction,33,Curb,0,Not a Collision with Motor Vehicle In-Transport,0,1,1,0,3,3,Dark - Lighted,1,Clear,No,0,0,0,None,None,None,1,2,Non-Interstate,5,Collector,2,Nighttime,2,Weekend,2,Other Crash,1,Speeding Involved Crash,2,Other Crash,2,Other Crash,2,Other Crash,2,Other Crash,2,Other Crash,1,Driver With Positive BAC Testing Crash,2,Other Crash,2,Other Crash,0,Not Tribal Lands
685,2013040624,40624,1,1,1,2,25,YAVAPAI,120,COTTONWOOD,1,11,2013,2,53,0,,.,4,Rural-Major Collector,,.,CORNVILLE RD,,34.73249444,-111.9769389,0,No Special Jurisdiction,8,Pedestrian,0,Not a Collision with Motor Vehicle In-Transport,0,1,1,0,1,2,Dark - Not Lighted,1,Clear,No,19,0,0,Recent/Previous Crash scene Nearby,None,None,1,2,Non-Interstate,5,Collector,2,Nighttime,1,Weekday,2,Other Crash,2,Other Crash,1,Pedestrian Involved Crash,1,Involving a pedestrian fatality,2,Other Crash,2,Other Crash,2,Other Crash,2,All Drivers With ZERO BAC Testing Crash,2,Other Crash,2,Other Crash,0,Not Tribal Lands
712,2013040693,40693,2,2,0,2,13,MARICOPA,370,PHOENIX,29,10,2013,18,44,0,,.,14,Urban-Minor Arterial,,.,ELLIOT RD,,33.34889722,-111.9784417,0,No Special Jurisdiction,12,Motor Vehicle In-Transport,6,Angle,0,8,1,0,1,3,Dark - Lighted,1,Clear,No,0,0,0,None,None,None,1,2,Non-Interstate,4,Minor arterial,2,Nighttime,1,Weekday,2,Other Crash,1,Speeding Involved Crash,2,Other Crash,2,Other Crash,2,Other Crash,2,Other Crash,2,Other Crash,3,Unknown BAC Crash,2,Other Crash,2,Other Crash,0,Not Tribal Lands
1616,2016040310,40310,1,1,0,2,25,YAVAPAI,0,NONE LISTED,21,5,2016,17,10,0,7,Local,,.,98,Not Reported,FOREST SERVICE RD 761,,34.88333889,-111.97875,0,No Special Jurisdiction,1,Rollover/Overturn,0,Not a Collision with Motor Vehicle In-Transport,0,1,1,0,1,1,Daylight,1,Clear,No,0,0,0,None,None,None,1,2,Non-Interstate,6,Local,1,Daytime,2,Weekend,2,Other Crash,1,Speeding Involved Crash,2,Other Crash,2,Other Crash,2,Other Crash,2,Other Crash,2,Other Crash,3,Unknown BAC Crash,2,Other Crash,2,Other Crash,0,Not Tribal Lands
880,2014040239,40239,4,4,0,6,13,MARICOPA,370,PHOENIX,9,5,2014,21,27,0,,.,14,Urban-Minor Arterial,,.,BROADWAY RD,,33.40732222,-111.978925,0,No Special Jurisdiction,12,Motor Vehicle In-Transport,1,Front-to-Rear,0,1,1,0,1,2,Dark - Not Lighted,1,Clear,No,0,0,0,None,None,None,1,2,Non-Interstate,4,Minor arterial,2,Nighttime,2,Weekend,2,Other Crash,1,Speeding Involved Crash,2,Other Crash,2,Other Crash,2,Other Crash,2,Other Crash,2,Other Crash,3,Unknown BAC Crash,2,Other Crash,2,Other Crash,0,Not Tribal Lands
855,2014040188,40188,1,1,0,1,13,MARICOPA,0,NONE LISTED,4,4,2014,18,7,0,,.,6,Rural-Local Road or Street,,.,WILD HORSE PASS BLVD,,33.26791944,-111.9801028,3,Indian Reservation,34,Ditch,0,Not a Collision with Motor Vehicle In-Transport,0,1,1,0,4,5,Dusk,1,Clear,No,0,0,0,None,None,None,1,2,Non-Interstate,6,Local,2,Nighttime,2,Weekend,2,Other Crash,1,Speeding Involved Crash,2,Other Crash,2,Other Crash,2,Other Crash,2,Other Crash,2,Other Crash,3,Unknown BAC Crash,2,Other Crash,2,Other Crash,1,Tribal Lands
29,2012040063,40063,1,1,1,1,13,MARICOPA,370,PHOENIX,30,1,2012,18,48,0,,.,14,Urban-Minor Arterial,,.,BROADWAY RD,,33.40732222,-111.98085,0,No Special Jurisdiction,8,Pedestrian,0,Not a Collision with Motor Vehicle In-Transport,0,1,1,0,1,5,Dusk,1,Clear,No,0,0,0,None,None,None,1,2,Non-Interstate,4,Minor arterial,2,Nighttime,1,Weekday,2,Other Crash,2,Other Crash,1,Pedestrian Involved Crash,1,Involving a pedestrian fatality,2,Other Crash,2,Other Crash,2,Other Crash,2,All Drivers With ZERO BAC Testing Crash,1,Involving a Distracted Driver,2,Other Crash,0,Not Tribal Lands
442,2013040128,40128,1,1,0,1,13,MARICOPA,370,PHOENIX,2,2,2013,2,41,0,,.,14,Urban-Minor Arterial,,.,SKY HARBOR BLVD,,33.43658056,-111.9814556,0,No Special Jurisdiction,25,Concrete Traffic Barrier,0,Not a Collision with Motor Vehicle In-Transport,0,1,1,0,3,3,Dark - Lighted,1,Clear,No,0,0,0,None,None,None,1,2,Non-Interstate,4,Minor arterial,2,Nighttime,2,Weekend,1,Large Truck Involved Crash,1,Speeding Involved Crash,2,Other Crash,2,Other Crash,2,Other Crash,2,Other Crash,2,Other Crash,1,Driver With Positive BAC Testing Crash,2,Other Crash,2,Other Crash,0,Not Tribal Lands
1805,2016040783,40783,3,3,0,3,13,MARICOPA,370,PHOENIX,3,11,2016,8,14,0,4,Minor Arterial,,.,4,City or Municipal Highway Agency,SOUTHERN AVE,,33.39270833,-111.9822111,0,No Special Jurisdiction,12,Motor Vehicle In-Transport,2,Front-to-Front,0,1,1,0,1,1,Daylight,98,Not Reported,No,0,0,0,None,None,None,1,2,Non-Interstate,4,Minor arterial,1,Daytime,1,Weekday,2,Other Crash,2,Other Crash,2,Other Crash,2,Other Crash,2,Other Crash,2,Other Crash,2,Other Crash,3,Unknown BAC Crash,2,Other Crash,2,Other Crash,0,Not Tribal Lands
885,2014040245,40245,1,1,1,1,13,MARICOPA,370,PHOENIX,14,5,2014,10,43,0,,.,16,Urban-Local Road or Street,,.,DEER VALLEY RD,,33.68198611,-111.982325,0,No Special Jurisdiction,9,Pedalcyclist,0,Not a Collision with Motor Vehicle In-Transport,0,1,1,0,1,1,Daylight,1,Clear,No,0,0,0,None,None,None,1,2,Non-Interstate,6,Local,1,Daytime,1,Weekday,2,Other Crash,1,Speeding Involved Crash,2,Other Crash,2,Other Crash,1,Pedalcyclist Involved Crash,1,Involving a pedacyclist fatality,2,Other Crash,3,Unknown BAC Crash,1,Involving a Distracted Driver,2,Other Crash,0,Not Tribal Lands
1385,2015040634,40634,1,1,0,1,25,YAVAPAI,0,NONE LISTED,13,10,2015,15,8,0,7,Local,,.,64,U.S. Forest Service,FOREST ROAD 361,,34.63422222,-111.9842806,0,No Special Jurisdiction,41,Shrubbery,0,Not a Collision with Motor Vehicle In-Transport,0,1,1,0,4,1,Daylight,10,Cloudy,No,0,0,0,None,None,None,1,2,Non-Interstate,6,Local,1,Daytime,1,Weekday,2,Other Crash,1,Speeding Involved Crash,2,Other Crash,2,Other Crash,2,Other Crash,2,Other Crash,2,Other Crash,3,Unknown BAC Crash,2,Other Crash,2,Other Crash,0,Not Tribal Lands
1682,2016040479,40479,1,1,0,2,19,PIMA,0,NONE LISTED,3,7,2016,21,26,0,4,Minor Arterial,,.,1,State Highway Agency,SR-86,,32.00024444,-111.9854556,3,Indian Reservation,1,Rollover/Overturn,0,Not a Collision with Motor Vehicle In-Transport,0,1,1,0,4,2,Dark - Not Lighted,1,Clear,No,0,0,0,None,None,None,1,2,Non-Interstate,4,Minor arterial,2,Nighttime,2,Weekend,2,Other Crash,1,Speeding Involved Crash,2,Other Crash,2,Other Crash,2,Other Crash,2,Other Crash,2,Other Crash,2,All Drivers With ZERO BAC Testing Crash,2,Other Crash,2,Other Crash,1,Tribal Lands
168,2012040357,40357,1,1,0,1,21,PINAL,0,NONE LISTED,10,6,2012,3,9,0,,.,6,Rural-Local Road or Street,,.,BARNES RD,,32.92290556,-111.9861528,0,No Special Jurisdiction,35,Embankment,0,Not a Collision with Motor Vehicle In-Transport,0,1,1,0,4,2,Dark - Not Lighted,1,Clear,No,0,0,0,None,None,None,1,2,Non-Interstate,6,Local,2,Nighttime,2,Weekend,2,Other Crash,2,Other Crash,2,Other Crash,2,Other Crash,2,Other Crash,2,Other Crash,2,Other Crash,1,Driver With Positive BAC Testing Crash,2,Other Crash,2,Other Crash,0,Not Tribal Lands
1850,2016040864,40864,1,1,0,1,13,MARICOPA,370,PHOENIX,20,12,2016,1,52,0,7,Local,,.,98,Not Reported,COTTONWOOD LN,43RD ST,33.29441111,-111.9909611,0,No Special Jurisdiction,33,Curb,0,Not a Collision with Motor Vehicle In-Transport,0,3,10,0,4,6,Dark - Unknown Lighting,98,Not Reported,No,0,0,0,None,None,None,1,2,Non-Interstate,6,Local,2,Nighttime,1,Weekday,2,Other Crash,2,Other Crash,2,Other Crash,2,Other Crash,2,Other Crash,2,Other Crash,2,Other Crash,1,Driver With Positive BAC Testing Crash,1,Involving a Distracted Driver,2,Other Crash,0,Not Tribal Lands
376,2012040748,40748,1,1,1,1,13,MARICOPA,370,PHOENIX,31,12,2012,19,30,0,,.,14,Urban-Minor Arterial,,.,MCDOWELL RD,,33.46568056,-111.992125,0,No Special Jurisdiction,15,Non-Motorist on Personal Conveyance,0,Not a Collision with Motor Vehicle In-Transport,0,1,1,0,1,3,Dark - Lighted,1,Clear,No,0,0,0,None,None,None,1,2,Non-Interstate,4,Minor arterial,2,Nighttime,1,Weekday,2,Other Crash,2,Other Crash,2,Other Crash,2,Other Crash,2,Other Crash,2,Other Crash,2,Other Crash,2,All Drivers With ZERO BAC Testing Crash,2,Other Crash,2,Other Crash,0,Not Tribal Lands
866,2014040208,40208,1,1,1,1,13,MARICOPA,370,PHOENIX,11,4,2014,21,43,0,,.,14,Urban-Minor Arterial,,.,VAN BUREN ST,41ST PL,33.45120278,-111.9922167,0,No Special Jurisdiction,8,Pedestrian,0,Not a Collision with Motor Vehicle In-Transport,0,2,3,0,1,3,Dark - Lighted,1,Clear,No,0,0,0,None,None,None,1,2,Non-Interstate,4,Minor arterial,2,Nighttime,2,Weekend,2,Other Crash,2,Other Crash,1,Pedestrian Involved Crash,1,Involving a pedestrian fatality,2,Other Crash,2,Other Crash,2,Other Crash,3,Unknown BAC Crash,2,Other Crash,2,Other Crash,0,Not Tribal Lands
367,2012040736,40736,1,1,0,1,13,MARICOPA,370,PHOENIX,27,12,2012,10,36,0,,.,15,Urban-Collector,,.,42ND ST,BLOOMFIELD RD,33.59988056,-111.9924444,0,No Special Jurisdiction,33,Curb,0,Not a Collision with Motor Vehicle In-Transport,0,3,3,0,4,1,Daylight,1,Clear,No,0,0,0,None,None,None,1,2,Non-Interstate,5,Collector,1,Daytime,1,Weekday,2,Other Crash,1,Speeding Involved Crash,2,Other Crash,2,Other Crash,2,Other Crash,2,Other Crash,2,Other Crash,2,All Drivers With ZERO BAC Testing Crash,2,Other Crash,2,Other Crash,0,Not Tribal Lands
1003,2014040508,40508,1,1,1,1,13,MARICOPA,370,PHOENIX,8,9,2014,19,56,0,,.,14,Urban-Minor Arterial,,.,MCDOWELL RD,,33.46568333,-111.9925778,0,No Special Jurisdiction,8,Pedestrian,0,Not a Collision with Motor Vehicle In-Transport,0,1,1,0,1,3,Dark - Lighted,1,Clear,No,0,0,0,None,None,None,1,2,Non-Interstate,4,Minor arterial,2,Nighttime,1,Weekday,2,Other Crash,2,Other Crash,1,Pedestrian Involved Crash,1,Involving a pedestrian fatality,2,Other Crash,2,Other Crash,2,Other Crash,2,All Drivers With ZERO BAC Testing Crash,1,Involving a Distracted Driver,2,Other Crash,0,Not Tribal Lands
1851,2016040865,40865,2,2,0,2,13,MARICOPA,370,PHOENIX,20,12,2016,11,28,0,4,Minor Arterial,,.,4,City or Municipal Highway Agency,THUNDERBIRD RD,,33.61187778,-111.9944972,0,No Special Jurisdiction,12,Motor Vehicle In-Transport,99,Unknown,0,8,1,0,1,1,Daylight,98,Not Reported,No,0,0,0,None,None,None,1,2,Non-Interstate,4,Minor arterial,1,Daytime,1,Weekday,2,Other Crash,2,Other Crash,2,Other Crash,2,Other Crash,2,Other Crash,2,Other Crash,2,Other Crash,3,Unknown BAC Crash,2,Other Crash,2,Other Crash,0,Not Tribal Lands