index,accident_id,ST_CASE,VE_TOTAL,VE_FORMS,PEDS,PERSONS,COUNTY,county_name,CITY,city_name,DAY,MONTH,YEAR,HOUR,MINUTE,NHS,FUNC_SYS,func_sys_lit,ROAD_FNC,road_fnc_lit,RD_OWNER,rd_owner_lit,TWAY_ID,TWAY_ID2,LATITUDE,LONGITUD,SP_JUR,sp_jur_lit,HARM_EV,harm_ev_lit,MAN_COLL,man_coll_lit,RELJCT1,RELJCT2,TYP_INT,WRK_ZONE,REL_ROAD,LGT_COND,lgt_cond_lit,WEATHER,weather_lit,SCH_BUS,CF1,CF2,CF3,cf1_lit,cf2_lit,cf3_lit,FATALS,A_INTER,a_inter_lit,A_ROADFC,a_road_fc_lit,A_TOD,a_tod_lit,A_DOW,a_dow_lit,A_LT,a_lt_lit,A_SPCRA,a_spcra_lit,A_PED,a_ped_lit,A_PED_F,a_ped_f_lit,A_PEDAL,a_pedal_lit,A_PEDAL_F,a_pedal_f_lit,A_POLPUR,a_polour_lit,A_POSBAC,a_posbac_lit,A_DIST,a_dist_lit,A_DROWSY,a_drowsy_lit,INDIAN_RES,indian_res_lit
241,2012040506,40506,1,1,0,1,13,MARICOPA,200,GLENDALE,1,9,2012,17,2,0,,.,16,Urban-Local Road or Street,,.,JOHN CABOT RD,58TH LN,33.64925556,-112.185725,0,No Special Jurisdiction,43,Other Fixed Object,0,Not a Collision with Motor Vehicle In-Transport,0,3,9,0,4,1,Daylight,1,Clear,No,0,0,0,None,None,None,1,2,Non-Interstate,6,Local,1,Daytime,2,Weekend,2,Other Crash,2,Other Crash,2,Other Crash,2,Other Crash,2,Other Crash,2,Other Crash,2,Other Crash,2,All Drivers With ZERO BAC Testing Crash,2,Other Crash,2,Other Crash,0,Not Tribal Lands
532,2013040302,40302,1,1,1,1,13,MARICOPA,200,GLENDALE,19,5,2013,16,52,0,,.,14,Urban-Minor Arterial,,.,NORTHERN AVE,59TH AVE,33.55305,-112.1862278,0,No Special Jurisdiction,8,Pedestrian,0,Not a Collision with Motor Vehicle In-Transport,0,3,2,0,1,1,Daylight,1,Clear,No,0,0,0,None,None,None,1,2,Non-Interstate,4,Minor arterial,1,Daytime,2,Weekend,2,Other Crash,2,Other Crash,1,Pedestrian Involved Crash,1,Involving a pedestrian fatality,2,Other Crash,2,Other Crash,2,Other Crash,2,All Drivers With ZERO BAC Testing Crash,2,Other Crash,2,Other Crash,0,Not Tribal Lands
1659,2016040413,40413,2,2,0,2,13,MARICOPA,370,PHOENIX,13,6,2016,8,59,0,4,Minor Arterial,,.,4,City or Municipal Highway Agency,59TH AVE,CAMPBELL AVE,33.5024,-112.1863361,0,No Special Jurisdiction,1,Rollover/Overturn,0,Not a Collision with Motor Vehicle In-Transport,0,3,2,0,1,1,Daylight,98,Not Reported,No,0,0,0,None,None,None,1,2,Non-Interstate,4,Minor arterial,1,Daytime,1,Weekday,2,Other Crash,1,Speeding Involved Crash,2,Other Crash,2,Other Crash,2,Other Crash,2,Other Crash,2,Other Crash,3,Unknown BAC Crash,2,Other Crash,2,Other Crash,0,Not Tribal Lands
119,2012040250,40250,2,2,0,3,13,MARICOPA,370,PHOENIX,22,4,2012,12,42,0,,.,14,Urban-Minor Arterial,,.,59TH AVE,CAMPBELL AVE,33.50223056,-112.1863667,0,No Special Jurisdiction,12,Motor Vehicle In-Transport,6,Angle,0,2,2,0,1,1,Daylight,1,Clear,No,0,0,0,None,None,None,1,2,Non-Interstate,4,Minor arterial,1,Daytime,2,Weekend,2,Other Crash,2,Other Crash,2,Other Crash,2,Other Crash,2,Other Crash,2,Other Crash,2,Other Crash,2,All Drivers With ZERO BAC Testing Crash,2,Other Crash,2,Other Crash,0,Not Tribal Lands
1068,2014040649,40649,1,1,1,1,13,MARICOPA,370,PHOENIX,6,11,2014,16,54,0,,.,14,Urban-Minor Arterial,,.,59TH AVE,ROOSEVELT ST,33.4588,-112.1864722,0,No Special Jurisdiction,9,Pedalcyclist,0,Not a Collision with Motor Vehicle In-Transport,0,3,2,0,1,1,Daylight,1,Clear,No,0,0,0,None,None,None,1,2,Non-Interstate,4,Minor arterial,1,Daytime,1,Weekday,1,Large Truck Involved Crash,2,Other Crash,2,Other Crash,2,Other Crash,1,Pedalcyclist Involved Crash,1,Involving a pedacyclist fatality,2,Other Crash,3,Unknown BAC Crash,2,Other Crash,2,Other Crash,0,Not Tribal Lands
187,2012040397,40397,3,3,0,6,13,MARICOPA,370,PHOENIX,16,6,2012,13,49,0,,.,14,Urban-Minor Arterial,,.,59TH AVE,,33.45718889,-112.1864889,0,No Special Jurisdiction,12,Motor Vehicle In-Transport,1,Front-to-Rear,0,8,1,0,11,1,Daylight,1,Clear,No,0,0,0,None,None,None,1,2,Non-Interstate,4,Minor arterial,1,Daytime,2,Weekend,2,Other Crash,2,Other Crash,2,Other Crash,2,Other Crash,2,Other Crash,2,Other Crash,2,Other Crash,3,Unknown BAC Crash,1,Involving a Distracted Driver,2,Other Crash,0,Not Tribal Lands
360,2012040725,40725,1,1,1,1,13,MARICOPA,370,PHOENIX,12,12,2012,4,57,0,,.,14,Urban-Minor Arterial,,.,59TH AVE,,33.46555,-112.1865194,0,No Special Jurisdiction,8,Pedestrian,0,Not a Collision with Motor Vehicle In-Transport,0,1,1,0,1,3,Dark - Lighted,1,Clear,No,0,0,0,None,None,None,1,2,Non-Interstate,4,Minor arterial,2,Nighttime,1,Weekday,2,Other Crash,2,Other Crash,1,Pedestrian Involved Crash,1,Involving a pedestrian fatality,2,Other Crash,2,Other Crash,2,Other Crash,2,All Drivers With ZERO BAC Testing Crash,2,Other Crash,2,Other Crash,0,Not Tribal Lands
1153,2015040110,40110,1,1,0,4,13,MARICOPA,0,NONE LISTED,8,2,2015,2,29,0,4,Minor Arterial,,.,2,County Highway Agency,59TH AVE,,33.43623611,-112.1866056,0,No Special Jurisdiction,35,Embankment,0,Not a Collision with Motor Vehicle In-Transport,0,1,1,0,4,3,Dark - Lighted,1,Clear,No,0,0,0,None,None,None,1,2,Non-Interstate,4,Minor arterial,2,Nighttime,2,Weekend,2,Other Crash,1,Speeding Involved Crash,2,Other Crash,2,Other Crash,2,Other Crash,2,Other Crash,2,Other Crash,1,Driver With Positive BAC Testing Crash,2,Other Crash,2,Other Crash,0,Not Tribal Lands
1662,2016040419,40419,3,3,0,3,13,MARICOPA,200,GLENDALE,21,6,2016,16,16,0,4,Minor Arterial,,.,4,City or Municipal Highway Agency,PEORIA AVE,,33.58194722,-112.187825,0,No Special Jurisdiction,12,Motor Vehicle In-Transport,6,Angle,0,8,1,0,1,1,Daylight,1,Clear,No,0,0,0,None,None,None,1,2,Non-Interstate,4,Minor arterial,1,Daytime,1,Weekday,2,Other Crash,2,Other Crash,2,Other Crash,2,Other Crash,2,Other Crash,2,Other Crash,2,Other Crash,1,Driver With Positive BAC Testing Crash,2,Other Crash,2,Other Crash,0,Not Tribal Lands
164,2012040349,40349,1,1,1,2,13,MARICOPA,200,GLENDALE,13,6,2012,20,30,0,,.,14,Urban-Minor Arterial,,.,BETHANY HOME RD,,33.52403056,-112.1890167,0,No Special Jurisdiction,9,Pedalcyclist,0,Not a Collision with Motor Vehicle In-Transport,0,1,1,0,1,3,Dark - Lighted,1,Clear,No,0,0,0,None,None,None,1,2,Non-Interstate,4,Minor arterial,2,Nighttime,1,Weekday,2,Other Crash,2,Other Crash,2,Other Crash,2,Other Crash,1,Pedalcyclist Involved Crash,1,Involving a pedacyclist fatality,2,Other Crash,3,Unknown BAC Crash,2,Other Crash,2,Other Crash,0,Not Tribal Lands
872,2014040221,40221,1,1,1,2,13,MARICOPA,200,GLENDALE,26,4,2014,23,13,0,,.,14,Urban-Minor Arterial,,.,BETHANY HOME RD,60TH AVE,33.52404167,-112.1892694,0,No Special Jurisdiction,8,Pedestrian,0,Not a Collision with Motor Vehicle In-Transport,0,3,3,0,1,3,Dark - Lighted,1,Clear,No,0,0,0,None,None,None,1,2,Non-Interstate,4,Minor arterial,2,Nighttime,2,Weekend,2,Other Crash,2,Other Crash,1,Pedestrian Involved Crash,1,Involving a pedestrian fatality,2,Other Crash,2,Other Crash,2,Other Crash,3,Unknown BAC Crash,2,Other Crash,2,Other Crash,0,Not Tribal Lands
841,2014040152,40152,1,1,1,1,13,MARICOPA,200,GLENDALE,3,3,2014,20,0,0,,.,14,Urban-Minor Arterial,,.,BETHANY HOME RD,,33.52403333,-112.1899667,0,No Special Jurisdiction,8,Pedestrian,0,Not a Collision with Motor Vehicle In-Transport,0,1,1,0,1,3,Dark - Lighted,1,Clear,No,0,0,0,None,None,None,1,2,Non-Interstate,4,Minor arterial,2,Nighttime,1,Weekday,2,Other Crash,2,Other Crash,1,Pedestrian Involved Crash,1,Involving a pedestrian fatality,2,Other Crash,2,Other Crash,2,Other Crash,2,All Drivers With ZERO BAC Testing Crash,2,Other Crash,2,Other Crash,0,Not Tribal Lands
562,2013040355,40355,1,1,1,1,13,MARICOPA,200,GLENDALE,14,5,2013,6,52,0,,.,14,Urban-Minor Arterial,,.,CACTUS RD,61ST AVE,33.59628889,-112.1903028,0,No Special Jurisdiction,8,Pedestrian,0,Not a Collision with Motor Vehicle In-Transport,0,3,2,0,1,1,Daylight,1,Clear,No,0,0,0,None,None,None,1,2,Non-Interstate,4,Minor arterial,1,Daytime,1,Weekday,2,Other Crash,2,Other Crash,1,Pedestrian Involved Crash,1,Involving a pedestrian fatality,2,Other Crash,2,Other Crash,2,Other Crash,2,All Drivers With ZERO BAC Testing Crash,2,Other Crash,2,Other Crash,0,Not Tribal Lands
1568,2016040205,40205,1,1,1,1,13,MARICOPA,200,GLENDALE,15,3,2016,16,30,0,4,Minor Arterial,,.,4,City or Municipal Highway Agency,OLIVE AVE,61ST AVE,33.56750278,-112.1905306,0,No Special Jurisdiction,15,Non-Motorist on Personal Conveyance,0,Not a Collision with Motor Vehicle In-Transport,0,3,3,0,1,1,Daylight,1,Clear,No,0,0,0,None,None,None,1,2,Non-Interstate,4,Minor arterial,1,Daytime,1,Weekday,2,Other Crash,2,Other Crash,2,Other Crash,2,Other Crash,2,Other Crash,2,Other Crash,2,Other Crash,3,Unknown BAC Crash,2,Other Crash,2,Other Crash,0,Not Tribal Lands
576,2013040388,40388,1,1,0,2,25,YAVAPAI,0,NONE LISTED,17,7,2013,17,8,0,,.,4,Rural-Major Collector,,.,SR-89A,,34.678825,-112.1917083,0,No Special Jurisdiction,35,Embankment,0,Not a Collision with Motor Vehicle In-Transport,0,1,1,0,4,1,Daylight,10,Cloudy,No,0,0,0,None,None,None,1,2,Non-Interstate,5,Collector,1,Daytime,1,Weekday,2,Other Crash,1,Speeding Involved Crash,2,Other Crash,2,Other Crash,2,Other Crash,2,Other Crash,2,Other Crash,1,Driver With Positive BAC Testing Crash,1,Involving a Distracted Driver,2,Other Crash,0,Not Tribal Lands
1341,2015040545,40545,1,1,1,2,13,MARICOPA,200,GLENDALE,5,8,2015,7,29,0,4,Minor Arterial,,.,4,City or Municipal Highway Agency,CACTUS RD,63RD AVE,33.59622222,-112.1944833,0,No Special Jurisdiction,8,Pedestrian,0,Not a Collision with Motor Vehicle In-Transport,0,3,2,0,1,1,Daylight,1,Clear,No,0,0,0,None,None,None,1,2,Non-Interstate,4,Minor arterial,1,Daytime,1,Weekday,2,Other Crash,2,Other Crash,1,Pedestrian Involved Crash,1,Involving a pedestrian fatality,2,Other Crash,2,Other Crash,2,Other Crash,2,All Drivers With ZERO BAC Testing Crash,2,Other Crash,2,Other Crash,0,Not Tribal Lands
865,2014040207,40207,2,2,0,2,13,MARICOPA,200,GLENDALE,11,4,2014,17,35,0,,.,14,Urban-Minor Arterial,,.,PEORIA AVE,63RD AVE,33.5818,-112.1947667,0,No Special Jurisdiction,12,Motor Vehicle In-Transport,6,Angle,0,2,2,0,1,1,Daylight,1,Clear,No,0,0,0,None,None,None,1,2,Non-Interstate,4,Minor arterial,1,Daytime,1,Weekday,2,Other Crash,2,Other Crash,2,Other Crash,2,Other Crash,2,Other Crash,2,Other Crash,2,Other Crash,3,Unknown BAC Crash,2,Other Crash,2,Other Crash,0,Not Tribal Lands
1858,2016040877,40877,2,2,0,3,13,MARICOPA,200,GLENDALE,15,11,2016,11,44,0,4,Minor Arterial,,.,4,City or Municipal Highway Agency,UNION HILLS DR,63RD AVE,33.65436389,-112.1949222,0,No Special Jurisdiction,12,Motor Vehicle In-Transport,6,Angle,0,2,2,0,1,1,Daylight,1,Clear,No,0,0,0,None,None,None,1,2,Non-Interstate,4,Minor arterial,1,Daytime,1,Weekday,2,Other Crash,2,Other Crash,2,Other Crash,2,Other Crash,2,Other Crash,2,Other Crash,2,Other Crash,3,Unknown BAC Crash,2,Other Crash,2,Other Crash,0,Not Tribal Lands
590,2013040411,40411,1,1,1,1,13,MARICOPA,200,GLENDALE,5,6,2013,2,50,0,,.,14,Urban-Minor Arterial,,.,NORTHERN AVE,63RD AVE,33.55295833,-112.1949361,0,No Special Jurisdiction,8,Pedestrian,0,Not a Collision with Motor Vehicle In-Transport,0,2,2,0,1,3,Dark - Lighted,1,Clear,No,0,0,0,None,None,None,1,2,Non-Interstate,4,Minor arterial,2,Nighttime,1,Weekday,2,Other Crash,2,Other Crash,1,Pedestrian Involved Crash,1,Involving a pedestrian fatality,2,Other Crash,2,Other Crash,2,Other Crash,3,Unknown BAC Crash,2,Other Crash,2,Other Crash,0,Not Tribal Lands
1289,2015040421,40421,2,2,0,3,13,MARICOPA,370,PHOENIX,27,6,2015,22,57,0,4,Minor Arterial,,.,4,City or Municipal Highway Agency,MCDOWELL RD,63RD AVE,33.46591944,-112.1953278,0,No Special Jurisdiction,12,Motor Vehicle In-Transport,2,Front-to-Front,0,3,2,0,1,3,Dark - Lighted,1,Clear,No,0,0,0,None,None,None,1,2,Non-Interstate,4,Minor arterial,2,Nighttime,2,Weekend,2,Other Crash,2,Other Crash,2,Other Crash,2,Other Crash,2,Other Crash,2,Other Crash,2,Other Crash,1,Driver With Positive BAC Testing Crash,2,Other Crash,2,Other Crash,0,Not Tribal Lands
1225,2015040270,40270,2,2,0,4,13,MARICOPA,370,PHOENIX,24,4,2015,16,18,0,4,Minor Arterial,,.,4,City or Municipal Highway Agency,LOWER BUCKEYE RD,63RD AVE,33.42266667,-112.1953917,0,No Special Jurisdiction,12,Motor Vehicle In-Transport,6,Angle,0,2,2,0,1,1,Daylight,1,Clear,No,0,0,0,None,None,None,1,2,Non-Interstate,4,Minor arterial,1,Daytime,1,Weekday,2,Other Crash,2,Other Crash,2,Other Crash,2,Other Crash,2,Other Crash,2,Other Crash,2,Other Crash,3,Unknown BAC Crash,2,Other Crash,2,Other Crash,0,Not Tribal Lands
664,2013040564,40564,1,1,1,1,13,MARICOPA,370,PHOENIX,16,8,2013,20,1,0,,.,14,Urban-Minor Arterial,,.,MCDOWELL RD,,33.46588056,-112.1985028,0,No Special Jurisdiction,8,Pedestrian,0,Not a Collision with Motor Vehicle In-Transport,0,1,1,0,1,3,Dark - Lighted,1,Clear,No,0,0,0,None,None,None,1,2,Non-Interstate,4,Minor arterial,2,Nighttime,2,Weekend,2,Other Crash,2,Other Crash,1,Pedestrian Involved Crash,1,Involving a pedestrian fatality,2,Other Crash,2,Other Crash,2,Other Crash,1,Driver With Positive BAC Testing Crash,2,Other Crash,2,Other Crash,0,Not Tribal Lands
1285,2015040411,40411,1,1,1,1,13,MARICOPA,370,PHOENIX,16,6,2015,20,28,0,4,Minor Arterial,,.,4,City or Municipal Highway Agency,VAN BUREN ST,,33.45153889,-112.1993528,0,No Special Jurisdiction,8,Pedestrian,0,Not a Collision with Motor Vehicle In-Transport,0,1,1,0,1,3,Dark - Lighted,1,Clear,No,0,0,0,None,None,None,1,2,Non-Interstate,4,Minor arterial,2,Nighttime,1,Weekday,2,Other Crash,2,Other Crash,1,Pedestrian Involved Crash,1,Involving a pedestrian fatality,2,Other Crash,2,Other Crash,2,Other Crash,3,Unknown BAC Crash,2,Other Crash,2,Other Crash,0,Not Tribal Lands
1538,2016040141,40141,1,1,1,1,13,MARICOPA,200,GLENDALE,13,2,2016,21,24,0,4,Minor Arterial,,.,4,City or Municipal Highway Agency,BETHANY HOME RD,,33.52386944,-112.200575,0,No Special Jurisdiction,8,Pedestrian,0,Not a Collision with Motor Vehicle In-Transport,0,1,1,0,1,3,Dark - Lighted,1,Clear,No,0,0,0,None,None,None,1,2,Non-Interstate,4,Minor arterial,2,Nighttime,2,Weekend,2,Other Crash,2,Other Crash,1,Pedestrian Involved Crash,1,Involving a pedestrian fatality,2,Other Crash,2,Other Crash,2,Other Crash,1,Driver With Positive BAC Testing Crash,2,Other Crash,2,Other Crash,0,Not Tribal Lands
1419,2015040717,40717,1,1,0,3,13,MARICOPA,370,PHOENIX,14,10,2015,2,6,0,7,Local,,.,98,Not Reported,NEZ PERCE ST,65TH GLEN,33.43221389,-112.2011694,0,No Special Jurisdiction,38,Fence,0,Not a Collision with Motor Vehicle In-Transport,0,3,3,0,4,6,Dark - Unknown Lighting,99,Unknown,No,20,0,0,Police Pursuit Involved,None,None,1,2,Non-Interstate,6,Local,2,Nighttime,1,Weekday,2,Other Crash,2,Other Crash,2,Other Crash,2,Other Crash,2,Other Crash,2,Other Crash,1,Police Pursuit Involved Crash,2,All Drivers With ZERO BAC Testing Crash,2,Other Crash,2,Other Crash,0,Not Tribal Lands
1796,2016040771,40771,1,1,0,2,5,COCONINO,0,NONE LISTED,25,11,2016,6,40,0,7,Local,,.,98,Not Reported,NF-328 KAIBAB ROWE WELL RD,,36.01583333,-112.2019722,0,No Special Jurisdiction,35,Embankment,0,Not a Collision with Motor Vehicle In-Transport,0,1,1,0,4,2,Dark - Not Lighted,1,Clear,No,0,0,0,None,None,None,1,2,Non-Interstate,6,Local,1,Daytime,1,Weekday,2,Other Crash,1,Speeding Involved Crash,2,Other Crash,2,Other Crash,2,Other Crash,2,Other Crash,2,Other Crash,2,All Drivers With ZERO BAC Testing Crash,2,Other Crash,2,Other Crash,0,Not Tribal Lands
1450,2015040807,40807,1,1,1,1,13,MARICOPA,200,GLENDALE,11,12,2015,22,31,0,4,Minor Arterial,,.,4,City or Municipal Highway Agency,67TH AVE,,33.52505833,-112.2030167,0,No Special Jurisdiction,8,Pedestrian,0,Not a Collision with Motor Vehicle In-Transport,0,1,1,0,1,3,Dark - Lighted,1,Clear,No,0,0,0,None,None,None,1,2,Non-Interstate,4,Minor arterial,2,Nighttime,2,Weekend,2,Other Crash,2,Other Crash,1,Pedestrian Involved Crash,1,Involving a pedestrian fatality,2,Other Crash,2,Other Crash,2,Other Crash,2,All Drivers With ZERO BAC Testing Crash,2,Other Crash,2,Other Crash,0,Not Tribal Lands
1320,2015040492,40492,2,2,1,2,13,MARICOPA,200,GLENDALE,16,7,2015,20,17,0,4,Minor Arterial,,.,4,City or Municipal Highway Agency,67TH AVE,,33.52330833,-112.2030167,0,No Special Jurisdiction,8,Pedestrian,0,Not a Collision with Motor Vehicle In-Transport,0,1,1,0,1,3,Dark - Lighted,1,Clear,No,0,0,0,None,None,None,1,2,Non-Interstate,4,Minor arterial,2,Nighttime,1,Weekday,2,Other Crash,2,Other Crash,1,Pedestrian Involved Crash,1,Involving a pedestrian fatality,2,Other Crash,2,Other Crash,2,Other Crash,3,Unknown BAC Crash,2,Other Crash,2,Other Crash,0,Not Tribal Lands
1198,2015040205,40205,2,2,0,2,13,MARICOPA,200,GLENDALE,19,3,2015,1,49,0,4,Minor Arterial,,.,4,City or Municipal Highway Agency,67TH AVE,UNION HILLS DR,33.65291389,-112.2030444,0,No Special Jurisdiction,12,Motor Vehicle In-Transport,6,Angle,0,2,2,0,1,3,Dark - Lighted,2,Rain,No,0,0,0,None,None,None,1,2,Non-Interstate,4,Minor arterial,2,Nighttime,1,Weekday,2,Other Crash,1,Speeding Involved Crash,2,Other Crash,2,Other Crash,2,Other Crash,2,Other Crash,2,Other Crash,1,Driver With Positive BAC Testing Crash,2,Other Crash,2,Other Crash,0,Not Tribal Lands
353,2012040712,40712,1,1,0,2,13,MARICOPA,200,GLENDALE,9,12,2012,6,49,0,,.,14,Urban-Minor Arterial,,.,67TH AVE,,33.52146944,-112.2031222,0,No Special Jurisdiction,30,Utility Pole/Light Support,0,Not a Collision with Motor Vehicle In-Transport,0,1,1,0,4,1,Daylight,1,Clear,No,0,0,0,None,None,None,2,2,Non-Interstate,4,Minor arterial,1,Daytime,2,Weekend,2,Other Crash,1,Speeding Involved Crash,2,Other Crash,2,Other Crash,2,Other Crash,2,Other Crash,2,Other Crash,1,Driver With Positive BAC Testing Crash,2,Other Crash,2,Other Crash,0,Not Tribal Lands
661,2013040559,40559,2,2,0,2,13,MARICOPA,200,GLENDALE,11,8,2013,19,5,0,,.,16,Urban-Local Road or Street,,.,67TH AVE,MISSOURI AVE,33.516575,-112.2031222,0,No Special Jurisdiction,12,Motor Vehicle In-Transport,1,Front-to-Rear,0,3,2,0,1,1,Daylight,1,Clear,No,0,0,0,None,None,None,1,2,Non-Interstate,6,Local,2,Nighttime,2,Weekend,2,Other Crash,2,Other Crash,2,Other Crash,2,Other Crash,2,Other Crash,2,Other Crash,2,Other Crash,1,Driver With Positive BAC Testing Crash,2,Other Crash,2,Other Crash,0,Not Tribal Lands
1093,2014040692,40692,2,2,0,2,13,MARICOPA,370,PHOENIX,29,12,2014,16,44,0,,.,16,Urban-Local Road or Street,,.,67TH AVE,HAPPY VALLEY RD,33.71226667,-112.2031306,0,No Special Jurisdiction,1,Rollover/Overturn,0,Not a Collision with Motor Vehicle In-Transport,0,3,2,0,1,1,Daylight,1,Clear,No,0,0,0,None,None,None,1,2,Non-Interstate,6,Local,1,Daytime,1,Weekday,2,Other Crash,1,Speeding Involved Crash,2,Other Crash,2,Other Crash,2,Other Crash,2,Other Crash,2,Other Crash,1,Driver With Positive BAC Testing Crash,2,Other Crash,2,Other Crash,0,Not Tribal Lands
45,2012040103,40103,1,1,0,1,13,MARICOPA,200,GLENDALE,10,2,2012,3,15,0,,.,16,Urban-Local Road or Street,,.,67TH AVE,MELINDA LN,33.68066389,-112.2031639,0,No Special Jurisdiction,33,Curb,0,Not a Collision with Motor Vehicle In-Transport,0,3,1,0,3,3,Dark - Lighted,1,Clear,No,0,0,0,None,None,None,1,2,Non-Interstate,6,Local,2,Nighttime,1,Weekday,2,Other Crash,2,Other Crash,2,Other Crash,2,Other Crash,2,Other Crash,2,Other Crash,2,Other Crash,1,Driver With Positive BAC Testing Crash,2,Other Crash,2,Other Crash,0,Not Tribal Lands
1523,2016040114,40114,1,1,1,5,13,MARICOPA,200,GLENDALE,20,3,2016,20,30,0,4,Minor Arterial,,.,4,City or Municipal Highway Agency,67TH AVE,MONTEBELLO AVE,33.52073889,-112.2032083,0,No Special Jurisdiction,8,Pedestrian,0,Not a Collision with Motor Vehicle In-Transport,0,2,3,0,1,3,Dark - Lighted,1,Clear,No,0,0,0,None,None,None,1,2,Non-Interstate,4,Minor arterial,2,Nighttime,2,Weekend,2,Other Crash,2,Other Crash,1,Pedestrian Involved Crash,1,Involving a pedestrian fatality,2,Other Crash,2,Other Crash,2,Other Crash,3,Unknown BAC Crash,2,Other Crash,2,Other Crash,0,Not Tribal Lands
1242,2015040311,40311,2,2,0,5,13,MARICOPA,370,PHOENIX,3,5,2015,21,14,0,4,Minor Arterial,,.,4,City or Municipal Highway Agency,67TH AVE,,33.49771667,-112.2032222,0,No Special Jurisdiction,33,Curb,0,Not a Collision with Motor Vehicle In-Transport,0,1,1,0,4,3,Dark - Lighted,1,Clear,No,0,0,0,None,None,None,2,2,Non-Interstate,4,Minor arterial,2,Nighttime,2,Weekend,2,Other Crash,1,Speeding Involved Crash,2,Other Crash,2,Other Crash,2,Other Crash,2,Other Crash,2,Other Crash,1,Driver With Positive BAC Testing Crash,2,Other Crash,2,Other Crash,0,Not Tribal Lands
1773,2016040704,40704,1,1,0,2,13,MARICOPA,200,GLENDALE,15,10,2016,99,99,0,4,Minor Arterial,,.,1,State Highway Agency,US-60 CROSSOVER 67TH AVE,,33.55021667,-112.2032361,0,No Special Jurisdiction,33,Curb,0,Not a Collision with Motor Vehicle In-Transport,1,19,1,0,4,9,Unknown,98,Not Reported,No,0,0,0,None,None,None,1,2,Non-Interstate,4,Minor arterial,3,Unknown,2,Weekend,2,Other Crash,2,Other Crash,2,Other Crash,2,Other Crash,2,Other Crash,2,Other Crash,2,Other Crash,1,Driver With Positive BAC Testing Crash,2,Other Crash,2,Other Crash,0,Not Tribal Lands
918,2014040321,40321,1,1,1,1,13,MARICOPA,370,PHOENIX,21,5,2014,23,21,0,,.,14,Urban-Minor Arterial,,.,67TH AVE,,33.46496667,-112.2033472,0,No Special Jurisdiction,8,Pedestrian,0,Not a Collision with Motor Vehicle In-Transport,0,1,1,0,1,3,Dark - Lighted,1,Clear,No,19,23,0,Recent/Previous Crash scene Nearby,Indication of a Stalled/Disabled Vehicle,None,1,2,Non-Interstate,4,Minor arterial,2,Nighttime,1,Weekday,2,Other Crash,2,Other Crash,1,Pedestrian Involved Crash,1,Involving a pedestrian fatality,2,Other Crash,2,Other Crash,2,Other Crash,2,All Drivers With ZERO BAC Testing Crash,2,Other Crash,2,Other Crash,0,Not Tribal Lands
1848,2016040861,40861,2,2,0,2,13,MARICOPA,370,PHOENIX,12,12,2016,5,39,0,4,Minor Arterial,,.,4,City or Municipal Highway Agency,67TH AVE,,33.452475,-112.2034361,0,No Special Jurisdiction,12,Motor Vehicle In-Transport,99,Unknown,0,8,1,0,1,6,Dark - Unknown Lighting,98,Not Reported,No,0,0,0,None,None,None,1,2,Non-Interstate,4,Minor arterial,2,Nighttime,2,Weekend,2,Other Crash,2,Other Crash,2,Other Crash,2,Other Crash,2,Other Crash,2,Other Crash,2,Other Crash,3,Unknown BAC Crash,2,Other Crash,2,Other Crash,0,Not Tribal Lands
742,2013040769,40769,1,1,0,1,13,MARICOPA,370,PHOENIX,15,11,2013,1,37,0,,.,14,Urban-Minor Arterial,,.,67TH AVE,,33.44428889,-112.2036056,0,No Special Jurisdiction,33,Curb,0,Not a Collision with Motor Vehicle In-Transport,0,1,1,0,4,3,Dark - Lighted,1,Clear,No,0,0,0,None,None,None,1,2,Non-Interstate,4,Minor arterial,2,Nighttime,1,Weekday,2,Other Crash,2,Other Crash,2,Other Crash,2,Other Crash,2,Other Crash,2,Other Crash,2,Other Crash,2,All Drivers With ZERO BAC Testing Crash,2,Other Crash,2,Other Crash,0,Not Tribal Lands
269,2012040570,40570,2,2,0,6,13,MARICOPA,370,PHOENIX,13,10,2012,5,12,0,,.,15,Urban-Collector,,.,67TH AVE,,33.42764444,-112.2038917,0,No Special Jurisdiction,12,Motor Vehicle In-Transport,1,Front-to-Rear,0,1,1,0,1,3,Dark - Lighted,1,Clear,No,0,0,0,None,None,None,1,2,Non-Interstate,5,Collector,2,Nighttime,2,Weekend,2,Other Crash,1,Speeding Involved Crash,2,Other Crash,2,Other Crash,2,Other Crash,2,Other Crash,2,Other Crash,1,Driver With Positive BAC Testing Crash,2,Other Crash,2,Other Crash,0,Not Tribal Lands
819,2014040111,40111,1,1,1,1,13,MARICOPA,370,PHOENIX,8,2,2014,20,0,0,,.,14,Urban-Minor Arterial,,.,LOWER BUCKEYE RD,68TH AVE,33.42284167,-112.2060417,0,No Special Jurisdiction,8,Pedestrian,0,Not a Collision with Motor Vehicle In-Transport,0,3,3,0,1,2,Dark - Not Lighted,1,Clear,No,0,0,0,None,None,None,1,2,Non-Interstate,4,Minor arterial,2,Nighttime,2,Weekend,2,Other Crash,2,Other Crash,1,Pedestrian Involved Crash,1,Involving a pedestrian fatality,2,Other Crash,2,Other Crash,2,Other Crash,3,Unknown BAC Crash,2,Other Crash,2,Other Crash,0,Not Tribal Lands