index,accident_id,ST_CASE,VE_TOTAL,VE_FORMS,PEDS,PERSONS,COUNTY,county_name,CITY,city_name,DAY,MONTH,YEAR,HOUR,MINUTE,NHS,FUNC_SYS,func_sys_lit,ROAD_FNC,road_fnc_lit,RD_OWNER,rd_owner_lit,TWAY_ID,TWAY_ID2,LATITUDE,LONGITUD,SP_JUR,sp_jur_lit,HARM_EV,harm_ev_lit,MAN_COLL,man_coll_lit,RELJCT1,RELJCT2,TYP_INT,WRK_ZONE,REL_ROAD,LGT_COND,lgt_cond_lit,WEATHER,weather_lit,SCH_BUS,CF1,CF2,CF3,cf1_lit,cf2_lit,cf3_lit,FATALS,A_INTER,a_inter_lit,A_ROADFC,a_road_fc_lit,A_TOD,a_tod_lit,A_DOW,a_dow_lit,A_LT,a_lt_lit,A_SPCRA,a_spcra_lit,A_PED,a_ped_lit,A_PED_F,a_ped_f_lit,A_PEDAL,a_pedal_lit,A_PEDAL_F,a_pedal_f_lit,A_POLPUR,a_polour_lit,A_POSBAC,a_posbac_lit,A_DIST,a_dist_lit,A_DROWSY,a_drowsy_lit,INDIAN_RES,indian_res_lit
1167,2015040141,40141,1,1,0,3,15,MOHAVE,0,NONE LISTED,7,3,2015,6,5,0,7,Local,,.,98,Not Reported,SCENIC BLVD,,36.81188889,-114.0094167,0,No Special Jurisdiction,1,Rollover/Overturn,0,Not a Collision with Motor Vehicle In-Transport,0,1,1,0,4,4,Dawn,1,Clear,No,0,0,0,None,None,None,2,2,Non-Interstate,6,Local,1,Daytime,2,Weekend,2,Other Crash,1,Speeding Involved Crash,2,Other Crash,2,Other Crash,2,Other Crash,2,Other Crash,2,Other Crash,3,Unknown BAC Crash,2,Other Crash,2,Other Crash,0,Not Tribal Lands
1135,2015040065,40065,1,1,1,1,15,MOHAVE,0,NONE LISTED,3,2,2015,18,45,0,5,Major Collector,,.,2,County Highway Agency,NORTHERN AVE,BENTON ST,35.25391944,-114.0148278,0,No Special Jurisdiction,8,Pedestrian,0,Not a Collision with Motor Vehicle In-Transport,0,2,3,0,1,2,Dark - Not Lighted,1,Clear,No,0,0,0,None,None,None,1,2,Non-Interstate,5,Collector,2,Nighttime,1,Weekday,2,Other Crash,2,Other Crash,1,Pedestrian Involved Crash,1,Involving a pedestrian fatality,2,Other Crash,2,Other Crash,2,Other Crash,3,Unknown BAC Crash,1,Involving a Distracted Driver,2,Other Crash,0,Not Tribal Lands
513,2013040265,40265,2,2,0,2,15,MOHAVE,260,KINGMAN,3,5,2013,18,15,0,,.,15,Urban-Collector,,.,LOUISE AVE,MONROE ST,35.19930833,-114.017975,0,No Special Jurisdiction,12,Motor Vehicle In-Transport,6,Angle,0,2,2,0,1,1,Daylight,1,Clear,No,0,0,0,None,None,None,1,2,Non-Interstate,5,Collector,2,Nighttime,2,Weekend,2,Other Crash,1,Speeding Involved Crash,2,Other Crash,2,Other Crash,2,Other Crash,2,Other Crash,2,Other Crash,2,All Drivers With ZERO BAC Testing Crash,2,Other Crash,2,Other Crash,0,Not Tribal Lands
902,2014040281,40281,1,1,1,1,15,MOHAVE,260,KINGMAN,6,6,2014,12,0,0,,.,15,Urban-Collector,,.,AIRWAY AVE,IRVING ST,35.22485833,-114.0200083,0,No Special Jurisdiction,8,Pedestrian,0,Not a Collision with Motor Vehicle In-Transport,0,3,3,0,1,1,Daylight,1,Clear,No,0,0,0,None,None,None,1,2,Non-Interstate,5,Collector,1,Daytime,1,Weekday,2,Other Crash,2,Other Crash,1,Pedestrian Involved Crash,1,Involving a pedestrian fatality,2,Other Crash,2,Other Crash,2,Other Crash,2,All Drivers With ZERO BAC Testing Crash,1,Involving a Distracted Driver,2,Other Crash,0,Not Tribal Lands
322,2012040639,40639,2,2,0,2,15,MOHAVE,260,KINGMAN,5,11,2012,18,7,0,,.,15,Urban-Collector,,.,GORDON DR,POWELL AVE,35.23941111,-114.022375,0,No Special Jurisdiction,12,Motor Vehicle In-Transport,6,Angle,0,2,3,0,1,3,Dark - Lighted,1,Clear,No,0,0,0,None,None,None,1,2,Non-Interstate,5,Collector,2,Nighttime,1,Weekday,2,Other Crash,2,Other Crash,2,Other Crash,2,Other Crash,2,Other Crash,2,Other Crash,2,Other Crash,3,Unknown BAC Crash,2,Other Crash,2,Other Crash,0,Not Tribal Lands
923,2014040328,40328,2,2,0,3,15,MOHAVE,260,KINGMAN,22,4,2014,17,3,0,,.,15,Urban-Collector,,.,BOND ST,PACKARD AVE,35.26334444,-114.0260778,0,No Special Jurisdiction,12,Motor Vehicle In-Transport,6,Angle,0,2,2,0,1,1,Daylight,1,Clear,No,20,0,0,Police Pursuit Involved,None,None,1,2,Non-Interstate,5,Collector,1,Daytime,1,Weekday,2,Other Crash,1,Speeding Involved Crash,2,Other Crash,2,Other Crash,2,Other Crash,2,Other Crash,1,Police Pursuit Involved Crash,2,All Drivers With ZERO BAC Testing Crash,2,Other Crash,2,Other Crash,0,Not Tribal Lands
571,2013040378,40378,1,1,0,3,15,MOHAVE,0,NONE LISTED,6,7,2013,14,35,0,,.,5,Rural-Minor Collector,,.,STOCKTON HILL RD,,35.44928333,-114.0288889,0,No Special Jurisdiction,1,Rollover/Overturn,0,Not a Collision with Motor Vehicle In-Transport,0,1,1,0,4,1,Daylight,1,Clear,No,0,0,0,None,None,None,1,2,Non-Interstate,5,Collector,1,Daytime,2,Weekend,2,Other Crash,1,Speeding Involved Crash,2,Other Crash,2,Other Crash,2,Other Crash,2,Other Crash,2,Other Crash,2,All Drivers With ZERO BAC Testing Crash,2,Other Crash,2,Other Crash,0,Not Tribal Lands
1362,2015040589,40589,2,2,0,4,15,MOHAVE,260,KINGMAN,4,9,2015,14,2,0,7,Local,,.,98,Not Reported,GLEN RD,JOHN L AVE,35.25819167,-114.0329778,0,No Special Jurisdiction,12,Motor Vehicle In-Transport,6,Angle,0,2,2,0,1,1,Daylight,1,Clear,No,0,0,0,None,None,None,1,2,Non-Interstate,6,Local,1,Daytime,1,Weekday,2,Other Crash,1,Speeding Involved Crash,2,Other Crash,2,Other Crash,2,Other Crash,2,Other Crash,2,Other Crash,3,Unknown BAC Crash,2,Other Crash,2,Other Crash,0,Not Tribal Lands
972,2014040433,40433,2,2,0,2,15,MOHAVE,0,NONE LISTED,26,8,2014,15,15,0,,.,15,Urban-Collector,,.,CR-NORTHERN AVE,GLEN RD,35.25391111,-114.0333028,0,No Special Jurisdiction,12,Motor Vehicle In-Transport,6,Angle,0,2,2,0,1,1,Daylight,1,Clear,No,20,0,0,Police Pursuit Involved,None,None,1,2,Non-Interstate,5,Collector,1,Daytime,1,Weekday,2,Other Crash,1,Speeding Involved Crash,2,Other Crash,2,Other Crash,2,Other Crash,2,Other Crash,1,Police Pursuit Involved Crash,3,Unknown BAC Crash,2,Other Crash,2,Other Crash,0,Not Tribal Lands
156,2012040332,40332,1,1,1,1,15,MOHAVE,260,KINGMAN,13,6,2012,20,11,0,,.,15,Urban-Collector,,.,MOTOR AVE,,35.20888333,-114.033675,0,No Special Jurisdiction,8,Pedestrian,0,Not a Collision with Motor Vehicle In-Transport,0,8,1,0,2,3,Dark - Lighted,1,Clear,No,0,0,0,None,None,None,1,2,Non-Interstate,5,Collector,2,Nighttime,1,Weekday,2,Other Crash,2,Other Crash,1,Pedestrian Involved Crash,1,Involving a pedestrian fatality,2,Other Crash,2,Other Crash,2,Other Crash,3,Unknown BAC Crash,2,Other Crash,2,Other Crash,0,Not Tribal Lands
212,2012040446,40446,2,2,0,2,15,MOHAVE,260,KINGMAN,27,8,2012,13,11,0,,.,14,Urban-Minor Arterial,,.,STOCKTON HILL RD,,35.22023611,-114.03575,0,No Special Jurisdiction,12,Motor Vehicle In-Transport,6,Angle,0,8,1,0,1,1,Daylight,1,Clear,No,0,0,0,None,None,None,1,2,Non-Interstate,4,Minor arterial,1,Daytime,1,Weekday,2,Other Crash,2,Other Crash,2,Other Crash,2,Other Crash,2,Other Crash,2,Other Crash,2,Other Crash,3,Unknown BAC Crash,2,Other Crash,2,Other Crash,0,Not Tribal Lands
1272,2015040382,40382,2,1,0,3,15,MOHAVE,0,NONE LISTED,19,6,2015,16,57,0,6,Minor Collector,,.,2,County Highway Agency,CR-STOCLTON HILL RD,,35.38117778,-114.0363472,0,No Special Jurisdiction,14,Parked Motor Vehicle,0,Not a Collision with Motor Vehicle In-Transport,0,1,1,0,2,1,Daylight,1,Clear,No,0,0,0,None,None,None,1,2,Non-Interstate,5,Collector,1,Daytime,1,Weekday,2,Other Crash,1,Speeding Involved Crash,2,Other Crash,2,Other Crash,2,Other Crash,2,Other Crash,2,Other Crash,3,Unknown BAC Crash,2,Other Crash,2,Other Crash,0,Not Tribal Lands
1703,2016040537,40537,1,1,0,1,12,LA PAZ,0,NONE LISTED,25,6,2016,13,56,0,5,Major Collector,,.,1,State Highway Agency,SR-72,,33.98403056,-114.0657306,0,No Special Jurisdiction,38,Fence,0,Not a Collision with Motor Vehicle In-Transport,0,1,1,0,4,1,Daylight,1,Clear,No,0,0,0,None,None,None,1,2,Non-Interstate,5,Collector,1,Daytime,2,Weekend,2,Other Crash,2,Other Crash,2,Other Crash,2,Other Crash,2,Other Crash,2,Other Crash,2,Other Crash,2,All Drivers With ZERO BAC Testing Crash,2,Other Crash,2,Other Crash,0,Not Tribal Lands
74,2012040167,40167,2,2,0,5,15,MOHAVE,0,NONE LISTED,27,3,2012,15,14,0,,.,6,Rural-Local Road or Street,,.,DIAMOND BAR RD,,35.86469444,-114.0713139,0,No Special Jurisdiction,12,Motor Vehicle In-Transport,2,Front-to-Front,0,1,1,0,1,1,Daylight,1,Clear,No,0,0,0,None,None,None,1,2,Non-Interstate,6,Local,1,Daytime,1,Weekday,2,Other Crash,1,Speeding Involved Crash,2,Other Crash,2,Other Crash,2,Other Crash,2,Other Crash,2,Other Crash,3,Unknown BAC Crash,2,Other Crash,2,Other Crash,0,Not Tribal Lands
30,2012040065,40065,1,1,0,1,15,MOHAVE,0,NONE LISTED,2,2,2012,12,56,0,,.,6,Rural-Local Road or Street,,.,BORIANA MINE RD,,34.86038889,-114.0831111,0,No Special Jurisdiction,1,Rollover/Overturn,0,Not a Collision with Motor Vehicle In-Transport,0,1,1,0,6,1,Daylight,1,Clear,No,0,0,0,None,None,None,1,2,Non-Interstate,6,Local,1,Daytime,1,Weekday,2,Other Crash,1,Speeding Involved Crash,2,Other Crash,2,Other Crash,2,Other Crash,2,Other Crash,2,Other Crash,2,All Drivers With ZERO BAC Testing Crash,2,Other Crash,2,Other Crash,0,Not Tribal Lands
1125,2015040047,40047,2,2,0,4,27,YUMA,0,NONE LISTED,31,1,2015,18,35,0,5,Major Collector,,.,2,County Highway Agency,CR-OLD US HWY 80,,32.67231667,-114.1122861,0,No Special Jurisdiction,12,Motor Vehicle In-Transport,6,Angle,0,8,1,0,1,5,Dusk,10,Cloudy,No,0,0,0,None,None,None,1,2,Non-Interstate,5,Collector,2,Nighttime,2,Weekend,2,Other Crash,2,Other Crash,2,Other Crash,2,Other Crash,2,Other Crash,2,Other Crash,2,Other Crash,3,Unknown BAC Crash,2,Other Crash,2,Other Crash,0,Not Tribal Lands
1291,2015040423,40423,1,1,0,4,15,MOHAVE,0,NONE LISTED,30,6,2015,5,14,0,6,Minor Collector,,.,2,County Highway Agency,CR-STOCKTON HILL RD,,35.61569444,-114.1141667,0,No Special Jurisdiction,35,Embankment,0,Not a Collision with Motor Vehicle In-Transport,0,1,1,0,4,1,Daylight,1,Clear,No,0,0,0,None,None,None,1,2,Non-Interstate,5,Collector,2,Nighttime,1,Weekday,2,Other Crash,1,Speeding Involved Crash,2,Other Crash,2,Other Crash,2,Other Crash,2,Other Crash,2,Other Crash,3,Unknown BAC Crash,2,Other Crash,2,Other Crash,0,Not Tribal Lands
101,2012040221,40221,2,2,0,3,15,MOHAVE,0,NONE LISTED,22,4,2012,18,58,0,,.,3,Rural-Minor Arterial,,.,SR-68,,35.21885278,-114.1375583,0,No Special Jurisdiction,12,Motor Vehicle In-Transport,6,Angle,0,1,1,0,1,1,Daylight,1,Clear,No,0,0,0,None,None,None,2,2,Non-Interstate,4,Minor arterial,2,Nighttime,2,Weekend,1,Large Truck Involved Crash,2,Other Crash,2,Other Crash,2,Other Crash,2,Other Crash,2,Other Crash,2,Other Crash,3,Unknown BAC Crash,2,Other Crash,2,Other Crash,0,Not Tribal Lands
262,2012040550,40550,1,1,0,2,15,MOHAVE,0,NONE LISTED,5,10,2012,21,24,0,,.,3,Rural-Minor Arterial,,.,SR-68,BRYCE RD,35.21879444,-114.1498139,0,No Special Jurisdiction,1,Rollover/Overturn,0,Not a Collision with Motor Vehicle In-Transport,0,2,3,0,1,2,Dark - Not Lighted,1,Clear,No,0,0,0,None,None,None,2,2,Non-Interstate,4,Minor arterial,2,Nighttime,2,Weekend,2,Other Crash,2,Other Crash,2,Other Crash,2,Other Crash,2,Other Crash,2,Other Crash,2,Other Crash,3,Unknown BAC Crash,2,Other Crash,2,Other Crash,0,Not Tribal Lands
73,2012040166,40166,1,1,0,1,15,MOHAVE,0,NONE LISTED,25,3,2012,99,99,0,,.,6,Rural-Local Road or Street,,.,CHINO DR,,35.22884444,-114.1649583,0,No Special Jurisdiction,1,Rollover/Overturn,0,Not a Collision with Motor Vehicle In-Transport,0,1,1,0,4,4,Dawn,1,Clear,No,0,0,0,None,None,None,1,2,Non-Interstate,6,Local,3,Unknown,2,Weekend,2,Other Crash,1,Speeding Involved Crash,2,Other Crash,2,Other Crash,2,Other Crash,2,Other Crash,2,Other Crash,1,Driver With Positive BAC Testing Crash,2,Other Crash,2,Other Crash,0,Not Tribal Lands
639,2013040504,40504,1,1,0,1,15,MOHAVE,0,NONE LISTED,1,9,2013,23,41,0,,.,5,Rural-Minor Collector,,.,OATMAN RD,,35.09953889,-114.1659556,0,No Special Jurisdiction,35,Embankment,0,Not a Collision with Motor Vehicle In-Transport,0,1,1,0,4,2,Dark - Not Lighted,1,Clear,No,0,0,0,None,None,None,1,2,Non-Interstate,5,Collector,2,Nighttime,2,Weekend,2,Other Crash,1,Speeding Involved Crash,2,Other Crash,2,Other Crash,2,Other Crash,2,Other Crash,2,Other Crash,1,Driver With Positive BAC Testing Crash,2,Other Crash,2,Other Crash,0,Not Tribal Lands
280,2012040583,40583,1,1,0,2,15,MOHAVE,0,NONE LISTED,19,10,2012,18,5,0,,.,6,Rural-Local Road or Street,,.,CENTENNIAL RD,,35.05719444,-114.1752167,0,No Special Jurisdiction,35,Embankment,0,Not a Collision with Motor Vehicle In-Transport,0,1,1,0,1,5,Dusk,1,Clear,No,0,0,0,None,None,None,1,2,Non-Interstate,6,Local,2,Nighttime,2,Weekend,2,Other Crash,1,Speeding Involved Crash,2,Other Crash,2,Other Crash,2,Other Crash,2,Other Crash,2,Other Crash,1,Driver With Positive BAC Testing Crash,2,Other Crash,2,Other Crash,0,Not Tribal Lands
52,2012040114,40114,1,1,0,2,12,LA PAZ,0,NONE LISTED,25,2,2012,6,41,0,,.,6,Rural-Local Road or Street,,.,CIENEGA SPRINGS RD,,34.18533889,-114.1898639,0,No Special Jurisdiction,35,Embankment,0,Not a Collision with Motor Vehicle In-Transport,0,1,1,0,4,2,Dark - Not Lighted,1,Clear,No,0,0,0,None,None,None,1,2,Non-Interstate,6,Local,1,Daytime,2,Weekend,2,Other Crash,1,Speeding Involved Crash,2,Other Crash,2,Other Crash,2,Other Crash,2,Other Crash,2,Other Crash,1,Driver With Positive BAC Testing Crash,2,Other Crash,2,Other Crash,0,Not Tribal Lands
585,2013040403,40403,1,1,0,5,12,LA PAZ,0,NONE LISTED,26,7,2013,21,16,0,,.,6,Rural-Local Road or Street,,.,LAGOON DR,CHAMBER LN,34.22369444,-114.1961111,0,No Special Jurisdiction,1,Rollover/Overturn,0,Not a Collision with Motor Vehicle In-Transport,0,3,3,0,4,3,Dark - Lighted,10,Cloudy,No,0,0,0,None,None,None,1,2,Non-Interstate,6,Local,2,Nighttime,2,Weekend,2,Other Crash,1,Speeding Involved Crash,2,Other Crash,2,Other Crash,2,Other Crash,2,Other Crash,2,Other Crash,2,All Drivers With ZERO BAC Testing Crash,1,Involving a Distracted Driver,2,Other Crash,0,Not Tribal Lands
1695,2016040504,40504,1,1,0,2,15,MOHAVE,0,NONE LISTED,15,8,2016,5,42,0,5,Major Collector,,.,2,County Highway Agency,CR-PIERCE FERRY RD,,35.66881389,-114.1990889,0,No Special Jurisdiction,1,Rollover/Overturn,0,Not a Collision with Motor Vehicle In-Transport,0,1,1,0,4,4,Dawn,1,Clear,No,0,0,0,None,None,None,1,2,Non-Interstate,5,Collector,2,Nighttime,2,Weekend,2,Other Crash,1,Speeding Involved Crash,2,Other Crash,2,Other Crash,2,Other Crash,2,Other Crash,2,Other Crash,3,Unknown BAC Crash,2,Other Crash,2,Other Crash,0,Not Tribal Lands
725,2013040722,40722,2,2,0,4,15,MOHAVE,0,NONE LISTED,24,12,2013,10,41,0,,.,3,Rural-Minor Arterial,,.,SR-68,,35.22126944,-114.2004889,0,No Special Jurisdiction,12,Motor Vehicle In-Transport,2,Front-to-Front,0,1,1,0,1,1,Daylight,1,Clear,No,0,0,0,None,None,None,1,2,Non-Interstate,4,Minor arterial,1,Daytime,1,Weekday,2,Other Crash,2,Other Crash,2,Other Crash,2,Other Crash,2,Other Crash,2,Other Crash,2,Other Crash,3,Unknown BAC Crash,2,Other Crash,2,Other Crash,0,Not Tribal Lands
1334,2015040522,40522,2,2,0,2,15,MOHAVE,0,NONE LISTED,20,8,2015,5,39,0,5,Major Collector,,.,2,County Highway Agency,CR-PIERCE FERRY RD,OCITILLA RD,35.65504444,-114.2213667,0,No Special Jurisdiction,12,Motor Vehicle In-Transport,2,Front-to-Front,0,3,3,0,4,1,Daylight,1,Clear,No,0,0,0,None,None,None,1,2,Non-Interstate,5,Collector,2,Nighttime,1,Weekday,2,Other Crash,2,Other Crash,2,Other Crash,2,Other Crash,2,Other Crash,2,Other Crash,2,Other Crash,3,Unknown BAC Crash,2,Other Crash,2,Other Crash,0,Not Tribal Lands
1792,2016040759,40759,1,1,1,1,15,MOHAVE,0,NONE LISTED,24,10,2016,17,15,0,7,Local,,.,98,Not Reported,HERMIT DR,,35.33106944,-114.24565,0,No Special Jurisdiction,8,Pedestrian,0,Not a Collision with Motor Vehicle In-Transport,0,1,1,0,2,2,Dark - Not Lighted,10,Cloudy,No,0,0,0,None,None,None,1,2,Non-Interstate,6,Local,1,Daytime,1,Weekday,2,Other Crash,2,Other Crash,1,Pedestrian Involved Crash,1,Involving a pedestrian fatality,2,Other Crash,2,Other Crash,2,Other Crash,3,Unknown BAC Crash,2,Other Crash,2,Other Crash,0,Not Tribal Lands
1201,2015040209,40209,1,1,0,1,12,LA PAZ,387,QUARTZSITE,14,3,2015,17,30,0,7,Local,,.,98,Not Reported,DOME ROCK RD,,33.65529722,-114.2577278,0,No Special Jurisdiction,17,Boulder,0,Not a Collision with Motor Vehicle In-Transport,0,1,1,0,4,1,Daylight,1,Clear,No,0,0,0,None,None,None,1,2,Non-Interstate,6,Local,1,Daytime,2,Weekend,2,Other Crash,1,Speeding Involved Crash,2,Other Crash,2,Other Crash,2,Other Crash,2,Other Crash,2,Other Crash,3,Unknown BAC Crash,2,Other Crash,2,Other Crash,0,Not Tribal Lands
1057,2014040625,40625,1,1,0,4,12,LA PAZ,0,NONE LISTED,26,11,2014,6,19,0,,.,6,Rural-Local Road or Street,,.,SHEA RD,,34.12965,-114.262175,0,No Special Jurisdiction,1,Rollover/Overturn,0,Not a Collision with Motor Vehicle In-Transport,0,1,1,0,4,8,Not Reported,98,Not Reported,No,0,0,0,None,None,None,1,2,Non-Interstate,6,Local,1,Daytime,1,Weekday,2,Other Crash,1,Speeding Involved Crash,2,Other Crash,2,Other Crash,2,Other Crash,2,Other Crash,2,Other Crash,3,Unknown BAC Crash,2,Other Crash,2,Other Crash,1,Tribal Lands
1293,2015040432,40432,1,1,0,1,15,MOHAVE,268,LAKE HAVASU CITY,8,7,2015,10,39,0,4,Minor Arterial,,.,4,City or Municipal Highway Agency,MCCULLOCH BLVD,SWEETGRASS DR,34.47561389,-114.2663889,0,No Special Jurisdiction,1,Rollover/Overturn,0,Not a Collision with Motor Vehicle In-Transport,0,2,2,0,1,1,Daylight,1,Clear,No,0,0,0,None,None,None,1,2,Non-Interstate,4,Minor arterial,1,Daytime,1,Weekday,2,Other Crash,1,Speeding Involved Crash,2,Other Crash,2,Other Crash,2,Other Crash,2,Other Crash,2,Other Crash,2,All Drivers With ZERO BAC Testing Crash,2,Other Crash,2,Other Crash,0,Not Tribal Lands
578,2013040395,40395,2,2,0,2,15,MOHAVE,268,LAKE HAVASU CITY,29,7,2013,3,47,0,,.,15,Urban-Collector,,.,MCCULLOCH BLVD N,,34.49526667,-114.2716028,0,No Special Jurisdiction,12,Motor Vehicle In-Transport,1,Front-to-Rear,0,1,1,1,1,2,Dark - Not Lighted,1,Clear,No,3,0,0,Other Maintenance or Construction-Created Conditio,None,None,1,2,Non-Interstate,5,Collector,2,Nighttime,2,Weekend,2,Other Crash,1,Speeding Involved Crash,2,Other Crash,2,Other Crash,2,Other Crash,2,Other Crash,2,Other Crash,1,Driver With Positive BAC Testing Crash,1,Involving a Distracted Driver,2,Other Crash,0,Not Tribal Lands
1610,2016040288,40288,1,1,0,1,15,MOHAVE,268,LAKE HAVASU CITY,11,5,2016,17,25,0,5,Major Collector,,.,4,City or Municipal Highway Agency,ORO GRANDE BLVD,,34.461125,-114.2789028,0,No Special Jurisdiction,58,Ground,0,Not a Collision with Motor Vehicle In-Transport,0,1,1,0,1,1,Daylight,1,Clear,No,0,0,0,None,None,None,1,2,Non-Interstate,5,Collector,1,Daytime,1,Weekday,2,Other Crash,2,Other Crash,2,Other Crash,2,Other Crash,2,Other Crash,2,Other Crash,2,Other Crash,2,All Drivers With ZERO BAC Testing Crash,2,Other Crash,2,Other Crash,0,Not Tribal Lands
12,2012040022,40022,2,2,0,3,15,MOHAVE,0,NONE LISTED,15,1,2012,13,43,0,,.,3,Rural-Minor Arterial,,.,SR-68,ESTRELLA RD,35.22546389,-114.2890806,0,No Special Jurisdiction,12,Motor Vehicle In-Transport,6,Angle,0,2,2,0,1,1,Daylight,1,Clear,No,0,0,0,None,None,None,1,2,Non-Interstate,4,Minor arterial,1,Daytime,2,Weekend,2,Other Crash,2,Other Crash,2,Other Crash,2,Other Crash,2,Other Crash,2,Other Crash,2,Other Crash,3,Unknown BAC Crash,1,Involving a Distracted Driver,2,Other Crash,0,Not Tribal Lands
1389,2015040649,40649,2,2,0,2,15,MOHAVE,268,LAKE HAVASU CITY,23,10,2015,15,17,0,5,Major Collector,,.,4,City or Municipal Highway Agency,CHEMEHUEVI BLVD,SILVER SADDLE DR,34.47380278,-114.2914139,0,No Special Jurisdiction,12,Motor Vehicle In-Transport,6,Angle,0,2,3,0,1,1,Daylight,1,Clear,No,0,0,0,None,None,None,1,2,Non-Interstate,5,Collector,1,Daytime,1,Weekday,2,Other Crash,2,Other Crash,2,Other Crash,2,Other Crash,2,Other Crash,2,Other Crash,2,Other Crash,3,Unknown BAC Crash,2,Other Crash,2,Other Crash,0,Not Tribal Lands
942,2014040374,40374,2,2,0,3,12,LA PAZ,0,NONE LISTED,20,6,2014,18,57,0,,.,4,Rural-Major Collector,,.,EHRENBERG PARKER HWY,2ND AVE,34.12964167,-114.3115972,3,Indian Reservation,12,Motor Vehicle In-Transport,6,Angle,0,2,2,0,1,1,Daylight,1,Clear,No,0,0,0,None,None,None,1,2,Non-Interstate,5,Collector,2,Nighttime,2,Weekend,1,Large Truck Involved Crash,2,Other Crash,2,Other Crash,2,Other Crash,2,Other Crash,2,Other Crash,2,Other Crash,3,Unknown BAC Crash,2,Other Crash,2,Other Crash,1,Tribal Lands
1465,2015040840,40840,1,1,1,1,15,MOHAVE,268,LAKE HAVASU CITY,4,11,2015,6,25,0,4,Minor Arterial,,.,4,City or Municipal Highway Agency,ACOMA BLVD,PIMA DR,34.48493333,-114.3260778,0,No Special Jurisdiction,8,Pedestrian,0,Not a Collision with Motor Vehicle In-Transport,0,2,2,0,1,2,Dark - Not Lighted,10,Cloudy,No,0,0,0,None,None,None,1,2,Non-Interstate,4,Minor arterial,1,Daytime,1,Weekday,2,Other Crash,1,Speeding Involved Crash,1,Pedestrian Involved Crash,1,Involving a pedestrian fatality,2,Other Crash,2,Other Crash,2,Other Crash,3,Unknown BAC Crash,2,Other Crash,2,Other Crash,0,Not Tribal Lands
1506,2016040078,40078,2,2,0,2,15,MOHAVE,268,LAKE HAVASU CITY,19,1,2016,5,54,0,4,Minor Arterial,,.,4,City or Municipal Highway Agency,PALO VERDE BLVD,ACOMA BLVD,34.48706944,-114.3269833,0,No Special Jurisdiction,12,Motor Vehicle In-Transport,6,Angle,0,2,2,0,1,6,Dark - Unknown Lighting,98,Not Reported,No,0,0,0,None,None,None,1,2,Non-Interstate,4,Minor arterial,2,Nighttime,1,Weekday,2,Other Crash,2,Other Crash,2,Other Crash,2,Other Crash,2,Other Crash,2,Other Crash,2,Other Crash,3,Unknown BAC Crash,2,Other Crash,2,Other Crash,0,Not Tribal Lands
1262,2015040350,40350,4,2,0,2,15,MOHAVE,268,LAKE HAVASU CITY,24,5,2015,22,0,0,4,Minor Arterial,,.,4,City or Municipal Highway Agency,PALO VERDE BLVD,ACOMA BLVD,34.487,-114.3270139,0,No Special Jurisdiction,12,Motor Vehicle In-Transport,99,Unknown,0,2,2,0,1,6,Dark - Unknown Lighting,99,Unknown,No,19,0,0,Recent/Previous Crash scene Nearby,None,None,1,2,Non-Interstate,4,Minor arterial,2,Nighttime,2,Weekend,2,Other Crash,2,Other Crash,2,Other Crash,2,Other Crash,2,Other Crash,2,Other Crash,2,Other Crash,3,Unknown BAC Crash,2,Other Crash,2,Other Crash,0,Not Tribal Lands